{"type":"FeatureCollection", "features": [
{"type":"Feature","geometry":{"type":"Polygon","coordinates":[[[-118.30929,34.10539],[-118.30057,34.10539],[-118.30055,34.10176],[-118.28523,34.1018],[-118.28525,34.11115],[-118.28477,34.11136],[-118.28301,34.11169],[-118.28252,34.11195],[-118.28235,34.1119],[-118.28159,34.11194],[-118.28126,34.11188],[-118.28067,34.11143],[-118.27902,34.11076],[-118.27669,34.11099],[-118.2743,34.11105],[-118.27367,34.11097],[-118.27347,34.11091],[-118.27149,34.10921],[-118.26609,34.10778],[-118.26424,34.10749],[-118.26339,34.10717],[-118.26358,34.10796],[-118.26419,34.10936],[-118.26532,34.11187],[-118.26597,34.11293],[-118.2654,34.11369],[-118.26738,34.11581],[-118.26999,34.12123],[-118.27008,34.12208],[-118.27142,34.125],[-118.2724,34.12749],[-118.2779,34.1468],[-118.27818,34.14813],[-118.27814,34.1498],[-118.27834,34.15321],[-118.2756,34.15322],[-118.26335,34.12942],[-118.26239,34.12773],[-118.26073,34.1253],[-118.25896,34.12314],[-118.25708,34.12123],[-118.25427,34.11877],[-118.25115,34.12095],[-118.25365,34.12331],[-118.25328,34.12445],[-118.25288,34.1243],[-118.23525,34.12672],[-118.23532,34.12761],[-118.23603,34.12883],[-118.2366,34.13263],[-118.23656,34.13329],[-118.23629,34.1345],[-118.23372,34.13451],[-118.23372,34.1356],[-118.22798,34.13561],[-118.22795,34.13579],[-118.22807,34.13587],[-118.22792,34.13603],[-118.22789,34.13809],[-118.22914,34.13808],[-118.22915,34.13907],[-118.22879,34.13907],[-118.22879,34.14133],[-118.22872,34.14133],[-118.22868,34.14147],[-118.2288,34.14147],[-118.22878,34.14591],[-118.22864,34.1458],[-118.22825,34.14645],[-118.2287,34.14674],[-118.22861,34.14689],[-118.22809,34.14672],[-118.22748,34.14774],[-118.22705,34.1476],[-118.22699,34.14856],[-118.22624,34.1498],[-118.22497,34.14937],[-118.22247,34.14926],[-118.222,34.14886],[-118.21945,34.14828],[-118.21919,34.14752],[-118.21681,34.14753],[-118.21622,34.14723],[-118.21321,34.14727],[-118.21163,34.14718],[-118.21098,34.14622],[-118.20876,34.14651],[-118.20771,34.14725],[-118.20541,34.14744],[-118.20423,34.1493],[-118.20358,34.14972],[-118.20271,34.15067],[-118.19889,34.15115],[-118.19816,34.15163],[-118.19818,34.14905],[-118.1838,34.14908],[-118.18422,34.1463],[-118.18457,34.14541],[-118.18231,34.14374],[-118.18232,34.14348],[-118.18206,34.14333],[-118.18212,34.14307],[-118.18125,34.14232],[-118.18092,34.14184],[-118.18077,34.14131],[-118.18044,34.14101],[-118.18056,34.14081],[-118.18061,34.14082],[-118.18067,34.14083],[-118.18128,34.14083],[-118.18189,34.1407],[-118.18253,34.14034],[-118.18297,34.1399],[-118.18299,34.13987],[-118.18301,34.13984],[-118.18302,34.1398],[-118.18303,34.13979],[-118.18305,34.13976],[-118.18306,34.13975],[-118.18307,34.13973],[-118.18311,34.13969],[-118.18312,34.13968],[-118.18313,34.13967],[-118.18313,34.13966],[-118.18314,34.13966],[-118.18316,34.13964],[-118.18318,34.13962],[-118.18321,34.13959],[-118.18323,34.13958],[-118.18324,34.13957],[-118.18326,34.13955],[-118.18327,34.13954],[-118.1833,34.13953],[-118.18334,34.1395],[-118.1836,34.13983],[-118.18422,34.13951],[-118.18451,34.13946],[-118.18462,34.13931],[-118.18479,34.13949],[-118.18502,34.13939],[-118.18506,34.13943],[-118.18564,34.139],[-118.18542,34.1388],[-118.18554,34.1385],[-118.1853,34.13827],[-118.18571,34.13808],[-118.18576,34.13794],[-118.18568,34.13786],[-118.18553,34.13793],[-118.18553,34.13771],[-118.18533,34.13766],[-118.18563,34.13722],[-118.18595,34.1373],[-118.18598,34.13703],[-118.18579,34.13666],[-118.18598,34.13631],[-118.1859,34.13619],[-118.18522,34.13608],[-118.18554,34.13473],[-118.18611,34.13374],[-118.18283,34.13122],[-118.18285,34.12976],[-118.18259,34.12919],[-118.18135,34.1295],[-118.18145,34.1282],[-118.18091,34.12834],[-118.18021,34.12643],[-118.1786,34.12673],[-118.17769,34.12665],[-118.1778,34.12683],[-118.17653,34.12662],[-118.1769,34.12348],[-118.1768,34.12348],[-118.17684,34.12314],[-118.17282,34.12478],[-118.17245,34.12598],[-118.17222,34.12612],[-118.17124,34.12641],[-118.1712,34.12644],[-118.17063,34.12687],[-118.17015,34.12694],[-118.16965,34.12681],[-118.16905,34.12647],[-118.16833,34.1263],[-118.16786,34.12609],[-118.16783,34.12608],[-118.16723,34.12589],[-118.16722,34.12589],[-118.16718,34.12589],[-118.16673,34.12606],[-118.16674,34.12626],[-118.16644,34.12618],[-118.16636,34.12618],[-118.16615,34.12614],[-118.16599,34.12602],[-118.16598,34.12601],[-118.16583,34.12579],[-118.16579,34.12555],[-118.1676,34.12497],[-118.16827,34.12431],[-118.16847,34.12392],[-118.16802,34.12393],[-118.16805,34.12312],[-118.16748,34.12111],[-118.16795,34.12034],[-118.1689,34.11993],[-118.16901,34.11935],[-118.16885,34.11867],[-118.16888,34.11784],[-118.169,34.11772],[-118.17134,34.11531],[-118.1725,34.11381],[-118.17383,34.11314],[-118.17548,34.11312],[-118.17564,34.11263],[-118.177,34.1122],[-118.1769,34.11206],[-118.17703,34.111],[-118.17746,34.1109],[-118.17725,34.11046],[-118.17801,34.11033],[-118.17801,34.11005],[-118.1781,34.11003],[-118.17801,34.10967],[-118.17801,34.10938],[-118.17809,34.10936],[-118.17795,34.10895],[-118.17801,34.10896],[-118.17801,34.10846],[-118.17793,34.10845],[-118.17801,34.10823],[-118.17801,34.10765],[-118.17814,34.10728],[-118.17835,34.10733],[-118.17844,34.10718],[-118.17772,34.10701],[-118.17801,34.10691],[-118.17801,34.10612],[-118.17813,34.10588],[-118.17786,34.10581],[-118.17801,34.10545],[-118.178,34.1048],[-118.17808,34.10461],[-118.17801,34.10459],[-118.17801,34.10436],[-118.17808,34.10418],[-118.17801,34.10415],[-118.17801,34.10396],[-118.17784,34.10393],[-118.17811,34.10328],[-118.17801,34.10325],[-118.17801,34.10311],[-118.17816,34.10315],[-118.17832,34.10276],[-118.17786,34.10263],[-118.17801,34.10227],[-118.17801,34.1016],[-118.17809,34.10139],[-118.17801,34.10136],[-118.17801,34.10119],[-118.17769,34.1011],[-118.178,34.10034],[-118.178,34.09973],[-118.17776,34.09966],[-118.17787,34.0994],[-118.178,34.09944],[-118.178,34.09927],[-118.17793,34.09925],[-118.178,34.0986],[-118.1779,34.09866],[-118.17771,34.0986],[-118.17686,34.09861],[-118.17663,34.09861],[-118.17655,34.0987],[-118.17623,34.09861],[-118.17418,34.09863],[-118.17382,34.09863],[-118.17273,34.09864],[-118.17255,34.09864],[-118.16808,34.09867],[-118.16796,34.09867],[-118.16779,34.09867],[-118.15692,34.09867],[-118.15676,34.09867],[-118.15674,34.09867],[-118.15648,34.09867],[-118.15544,34.09867],[-118.15537,34.09867],[-118.1418,34.09877],[-118.14185,34.10404],[-118.14179,34.10404],[-118.14174,34.10404],[-118.13471,34.10408],[-118.13472,34.10575],[-118.13529,34.10645],[-118.13281,34.10793],[-118.12801,34.11111],[-118.12378,34.10689],[-118.12189,34.10499],[-118.1211,34.10537],[-118.12098,34.106],[-118.12069,34.1066],[-118.11694,34.11203],[-118.11631,34.11274],[-118.11563,34.11321],[-118.11553,34.11325],[-118.11551,34.11326],[-118.11544,34.11329],[-118.11476,34.11354],[-118.11404,34.1137],[-118.10858,34.11427],[-118.10856,34.11338],[-118.10741,34.11339],[-118.10742,34.11382],[-118.10675,34.11383],[-118.10642,34.11383],[-118.10641,34.11341],[-118.09965,34.11347],[-118.09964,34.1136],[-118.09804,34.11528],[-118.09131,34.11528],[-118.0913,34.11468],[-118.08989,34.11469],[-118.08988,34.11411],[-118.09105,34.11411],[-118.09092,34.10808],[-118.08664,34.10811],[-118.08661,34.10634],[-118.0887,34.10634],[-118.08869,34.10532],[-118.09037,34.10532],[-118.09037,34.10488],[-118.0902,34.10488],[-118.09019,34.10432],[-118.08848,34.10434],[-118.08847,34.10393],[-118.08798,34.10393],[-118.08799,34.10489],[-118.08813,34.10489],[-118.08813,34.10524],[-118.08502,34.10526],[-118.08501,34.10396],[-118.08382,34.10391],[-118.08382,34.10401],[-118.08222,34.10404],[-118.08221,34.10618],[-118.08271,34.10618],[-118.08271,34.10582],[-118.08334,34.10585],[-118.08333,34.10637],[-118.08222,34.10637],[-118.08232,34.1136],[-118.08148,34.1136],[-118.08136,34.10558],[-118.07811,34.10559],[-118.07803,34.10549],[-118.07803,34.10556],[-118.07801,34.10554],[-118.07799,34.10552],[-118.07783,34.10535],[-118.07776,34.1053],[-118.07742,34.10497],[-118.07723,34.10496],[-118.07722,34.10304],[-118.07657,34.10303],[-118.07574,34.09913],[-118.07561,34.09814],[-118.07547,34.09814],[-118.07495,34.09769],[-118.07456,34.09753],[-118.07427,34.09753],[-118.07361,34.0971],[-118.07356,34.09347],[-118.07365,34.09092],[-118.07379,34.09059],[-118.05875,34.08561],[-118.05855,34.08603],[-118.05657,34.08538],[-118.05502,34.08932],[-118.05574,34.08951],[-118.05575,34.08919],[-118.05643,34.08909],[-118.05651,34.08949],[-118.05193,34.09018],[-118.0521,34.09098],[-118.05184,34.09102],[-118.05167,34.09023],[-118.04269,34.09149],[-118.04287,34.0924],[-118.04212,34.09251],[-118.04193,34.0916],[-118.03984,34.09195],[-118.03992,34.09235],[-118.03882,34.09251],[-118.03875,34.09211],[-118.03616,34.09249],[-118.03632,34.09328],[-118.03583,34.09331],[-118.03574,34.09343],[-118.03489,34.09357],[-118.03494,34.09381],[-118.03438,34.09389],[-118.03427,34.09334],[-118.03315,34.09351],[-118.03241,34.09508],[-118.03269,34.09641],[-118.02854,34.097],[-118.02792,34.09714],[-118.02797,34.09737],[-118.02788,34.09742],[-118.02739,34.09684],[-118.02576,34.09783],[-118.02568,34.09778],[-118.02583,34.09675],[-118.02557,34.09672],[-118.02562,34.09632],[-118.02179,34.09823],[-118.02188,34.0984],[-118.02028,34.09935],[-118.02035,34.09911],[-118.02014,34.09653],[-118.0174,34.09683],[-118.0164,34.09673],[-118.01444,34.09762],[-118.01388,34.09801],[-118.01294,34.09841],[-118.01208,34.09925],[-118.01123,34.09967],[-118.01038,34.09961],[-118.0097,34.10099],[-118.00117,34.0981],[-118.00042,34.09965],[-117.99735,34.09861],[-117.99776,34.09796],[-117.99854,34.0972],[-117.99766,34.0969],[-118.00187,34.08827],[-117.99894,34.08727],[-117.99785,34.08914],[-117.99621,34.09135],[-117.99412,34.09351],[-117.99221,34.09505],[-117.9967,34.09657],[-117.99514,34.09973],[-118.00817,34.10415],[-118.00698,34.10658],[-118.00225,34.10497],[-118.00051,34.10854],[-118.00407,34.10975],[-118.00342,34.11113],[-118.00379,34.11108],[-118.00439,34.10985],[-118.00506,34.11008],[-118.00448,34.11129],[-118.00377,34.11732],[-118.00081,34.11625],[-118.00008,34.11665],[-117.99708,34.11769],[-117.99212,34.11771],[-117.99131,34.1198],[-117.99007,34.11946],[-117.98963,34.12058],[-117.99089,34.12092],[-117.99047,34.12198],[-117.98787,34.12129],[-117.98691,34.12373],[-117.98632,34.12358],[-117.98633,34.12452],[-117.98587,34.1249],[-117.98542,34.12611],[-117.98533,34.12617],[-117.98492,34.126],[-117.98449,34.12597],[-117.98223,34.12677],[-117.9822,34.12678],[-117.98216,34.12678],[-117.98211,34.12679],[-117.98196,34.1268],[-117.98195,34.1264],[-117.97865,34.12642],[-117.97864,34.12505],[-117.97466,34.12502],[-117.97213,34.12711],[-117.97213,34.12722],[-117.97061,34.12873],[-117.97015,34.12873],[-117.96977,34.12905],[-117.96975,34.13217],[-117.96005,34.13223],[-117.96006,34.13609],[-117.95176,34.13614],[-117.95176,34.13605],[-117.95156,34.13605],[-117.95156,34.1359],[-117.94884,34.13593],[-117.9472,34.13728],[-117.94718,34.1373],[-117.94716,34.13732],[-117.94715,34.13733],[-117.94713,34.13736],[-117.94706,34.13746],[-117.94687,34.13742],[-117.94644,34.13775],[-117.94632,34.13797],[-117.94524,34.13751],[-117.94464,34.13817],[-117.94448,34.13807],[-117.94447,34.13806],[-117.94426,34.13792],[-117.94403,34.13816],[-117.94397,34.13842],[-117.94346,34.13845],[-117.94044,34.14014],[-117.94037,34.14019],[-117.93979,34.14062],[-117.93976,34.14064],[-117.93967,34.14073],[-117.9396,34.14079],[-117.93955,34.14084],[-117.93951,34.14088],[-117.93793,34.14269],[-117.93379,34.14666],[-117.9332,34.1474],[-117.93222,34.14834],[-117.93181,34.14901],[-117.93178,34.14904],[-117.92972,34.15097],[-117.93022,34.15097],[-117.93039,34.15115],[-117.93269,34.15236],[-117.9328,34.15243],[-117.93369,34.15305],[-117.93365,34.15337],[-117.93456,34.15414],[-117.93458,34.15365],[-117.93797,34.15233],[-117.93796,34.15436],[-117.94235,34.15435],[-117.94232,34.16525],[-117.92478,34.16532],[-117.90756,34.16515],[-117.90754,34.16853],[-117.90735,34.16853],[-117.89879,34.1685],[-117.89881,34.16513],[-117.88566,34.16511],[-117.88566,34.16019],[-117.89006,34.16017],[-117.89006,34.13606],[-117.88992,34.13612],[-117.88991,34.13549],[-117.88994,34.13345],[-117.89008,34.13345],[-117.89009,34.1328],[-117.88664,34.13279],[-117.88663,34.13186],[-117.88638,34.13133],[-117.88638,34.13099],[-117.88593,34.13099],[-117.88593,34.12997],[-117.8813,34.12995],[-117.88131,34.12887],[-117.88144,34.12887],[-117.88144,34.127],[-117.88137,34.127],[-117.88133,34.12685],[-117.88148,34.11405],[-117.88132,34.11399],[-117.88136,34.10745],[-117.88258,34.10745],[-117.88258,34.10676],[-117.88148,34.10676],[-117.88149,34.10612],[-117.88163,34.1061],[-117.88162,34.10561],[-117.88066,34.10561],[-117.88066,34.1054],[-117.87999,34.1054],[-117.87999,34.10526],[-117.87971,34.10529],[-117.87971,34.1054],[-117.87779,34.10539],[-117.87779,34.10571],[-117.87747,34.10565],[-117.8774,34.10564],[-117.87649,34.10564],[-117.87335,34.10618],[-117.86925,34.10658],[-117.86925,34.10574],[-117.86817,34.10574],[-117.86817,34.10462],[-117.86928,34.10462],[-117.86927,34.10306],[-117.87036,34.10306],[-117.87036,34.10388],[-117.87055,34.10388],[-117.87055,34.10429],[-117.87036,34.10429],[-117.87036,34.10486],[-117.87244,34.10487],[-117.87244,34.10294],[-117.87722,34.10295],[-117.87724,34.103],[-117.87718,34.09948],[-117.87259,34.09948],[-117.87259,34.10025],[-117.87149,34.10025],[-117.87149,34.09991],[-117.87169,34.09991],[-117.87162,34.09871],[-117.87247,34.09872],[-117.87246,34.09736],[-117.87161,34.09736],[-117.87161,34.09648],[-117.87247,34.09648],[-117.87246,34.09562],[-117.8763,34.09562],[-117.8763,34.09386],[-117.87298,34.09385],[-117.87298,34.09404],[-117.87267,34.09404],[-117.87267,34.09481],[-117.87036,34.0948],[-117.87036,34.09589],[-117.87019,34.09588],[-117.87021,34.09935],[-117.86817,34.09935],[-117.86817,34.10124],[-117.86599,34.10123],[-117.86599,34.10328],[-117.86492,34.10328],[-117.86492,34.10316],[-117.86163,34.10317],[-117.86163,34.09934],[-117.85623,34.09934],[-117.85624,34.09762],[-117.855,34.09761],[-117.855,34.10149],[-117.85462,34.10149],[-117.85462,34.10206],[-117.855,34.10206],[-117.85499,34.10292],[-117.85499,34.10293],[-117.85291,34.10295],[-117.85291,34.1026],[-117.85251,34.1026],[-117.85251,34.10295],[-117.84855,34.10297],[-117.84856,34.10487],[-117.84651,34.10486],[-117.84651,34.10478],[-117.84697,34.10478],[-117.84697,34.10418],[-117.84796,34.10419],[-117.84797,34.10297],[-117.84647,34.10297],[-117.84647,34.10175],[-117.84507,34.10175],[-117.84508,34.10064],[-117.84846,34.09951],[-117.84816,34.09951],[-117.84865,34.09935],[-117.8442,34.09932],[-117.84421,34.09581],[-117.84074,34.0958],[-117.84428,34.09399],[-117.84428,34.09383],[-117.84511,34.09341],[-117.84522,34.09336],[-117.8464,34.09274],[-117.84632,34.09161],[-117.84639,34.0916],[-117.84638,34.08981],[-117.84837,34.08862],[-117.8499,34.08794],[-117.8499,34.08769],[-117.85117,34.08769],[-117.85115,34.08638],[-117.85115,34.08628],[-117.85119,34.0862],[-117.85121,34.0862],[-117.85125,34.08618],[-117.85127,34.08618],[-117.85129,34.08617],[-117.8513,34.08617],[-117.85145,34.08614],[-117.85148,34.08614],[-117.85345,34.08614],[-117.85345,34.08439],[-117.85367,34.08406],[-117.85386,34.08379],[-117.85388,34.08376],[-117.85389,34.08375],[-117.85393,34.08365],[-117.85393,34.08364],[-117.85393,34.08357],[-117.85392,34.08354],[-117.85369,34.08317],[-117.85367,34.08316],[-117.85357,34.08309],[-117.85353,34.08306],[-117.8535,34.08303],[-117.85342,34.08266],[-117.85338,34.08265],[-117.85331,34.08265],[-117.85011,34.0826],[-117.85009,34.0826],[-117.84983,34.08267],[-117.84972,34.08245],[-117.84489,34.08212],[-117.84397,34.08192],[-117.84394,34.08191],[-117.84386,34.08188],[-117.84383,34.08187],[-117.8438,34.08186],[-117.84369,34.08181],[-117.84366,34.0818],[-117.84189,34.08094],[-117.84321,34.07972],[-117.84407,34.07881],[-117.84335,34.07833],[-117.84357,34.07819],[-117.84359,34.07818],[-117.84363,34.07815],[-117.84364,34.07814],[-117.84386,34.07787],[-117.84407,34.07795],[-117.84472,34.07783],[-117.84495,34.07788],[-117.84856,34.07406],[-117.84793,34.07373],[-117.84724,34.07298],[-117.84747,34.07236],[-117.84655,34.07267],[-117.84493,34.07269],[-117.84441,34.07257],[-117.84394,34.07254],[-117.84371,34.07244],[-117.84283,34.07235],[-117.84258,34.07217],[-117.84202,34.07201],[-117.84085,34.07223],[-117.83974,34.07214],[-117.83892,34.07194],[-117.83859,34.07184],[-117.83821,34.07157],[-117.83789,34.07112],[-117.83714,34.07049],[-117.83671,34.06999],[-117.83593,34.07034],[-117.83516,34.07041],[-117.83471,34.07019],[-117.83452,34.06954],[-117.83374,34.06891],[-117.83392,34.06883],[-117.83378,34.06712],[-117.83356,34.06706],[-117.83307,34.06692],[-117.83277,34.06683],[-117.83271,34.06681],[-117.83266,34.06679],[-117.83261,34.06678],[-117.83199,34.06655],[-117.83194,34.06653],[-117.83188,34.06651],[-117.83182,34.06648],[-117.83181,34.06648],[-117.83174,34.06645],[-117.83123,34.0662],[-117.8312,34.06618],[-117.83115,34.06616],[-117.8311,34.06613],[-117.83091,34.06602],[-117.83086,34.06599],[-117.83078,34.06594],[-117.83066,34.06587],[-117.83057,34.06581],[-117.82943,34.06512],[-117.82937,34.06508],[-117.82918,34.06499],[-117.82914,34.06497],[-117.82888,34.06485],[-117.82884,34.06483],[-117.82879,34.06481],[-117.8287,34.06477],[-117.82868,34.06476],[-117.82846,34.06467],[-117.82826,34.0646],[-117.82817,34.06457],[-117.82793,34.06448],[-117.82787,34.06446],[-117.82786,34.06446],[-117.82778,34.06444],[-117.8277,34.06441],[-117.82766,34.0644],[-117.82759,34.06438],[-117.82743,34.06433],[-117.82737,34.06432],[-117.82736,34.06432],[-117.82727,34.06429],[-117.82726,34.06429],[-117.82722,34.06428],[-117.82716,34.06427],[-117.82707,34.06424],[-117.82699,34.06423],[-117.82677,34.06418],[-117.82626,34.06409],[-117.82622,34.06409],[-117.82593,34.06405],[-117.82546,34.06401],[-117.82519,34.06399],[-117.82443,34.06393],[-117.82403,34.0639],[-117.82242,34.06379],[-117.8223,34.06378],[-117.82128,34.06371],[-117.82117,34.06371],[-117.82069,34.06369],[-117.82055,34.06368],[-117.81977,34.06366],[-117.81958,34.06366],[-117.81951,34.06366],[-117.81933,34.06366],[-117.81929,34.06366],[-117.81842,34.06367],[-117.81812,34.06367],[-117.81705,34.06371],[-117.81685,34.06372],[-117.81277,34.0639],[-117.81107,34.06407],[-117.81099,34.06408],[-117.81057,34.06415],[-117.81048,34.06417],[-117.81043,34.06418],[-117.81039,34.06419],[-117.81026,34.06421],[-117.81015,34.06423],[-117.80976,34.06431],[-117.8096,34.06435],[-117.80948,34.06438],[-117.80941,34.06439],[-117.80926,34.06443],[-117.80913,34.06446],[-117.80904,34.06449],[-117.809,34.0645],[-117.80892,34.06452],[-117.80865,34.06459],[-117.80822,34.06472],[-117.80811,34.06475],[-117.8081,34.06476],[-117.80801,34.06479],[-117.80799,34.06479],[-117.80783,34.06484],[-117.80774,34.06488],[-117.80764,34.06491],[-117.80752,34.06495],[-117.8073,34.06503],[-117.80738,34.06519],[-117.8053,34.0662],[-117.80511,34.06639],[-117.80484,34.06695],[-117.80432,34.06727],[-117.80352,34.06743],[-117.80286,34.06736],[-117.80137,34.06788],[-117.79945,34.0689],[-117.79906,34.06895],[-117.79819,34.06935],[-117.79833,34.06957],[-117.79819,34.06964],[-117.79789,34.06948],[-117.79579,34.07045],[-117.79584,34.07054],[-117.79564,34.07063],[-117.79558,34.07055],[-117.79506,34.07078],[-117.79489,34.0713],[-117.79417,34.07163],[-117.7939,34.07161],[-117.79329,34.0719],[-117.79223,34.07223],[-117.79171,34.0722],[-117.7912,34.07233],[-117.79041,34.07277],[-117.78944,34.07286],[-117.78823,34.0736],[-117.78763,34.07378],[-117.78721,34.07428],[-117.7868,34.07446],[-117.78545,34.07551],[-117.78534,34.07559],[-117.78525,34.07565],[-117.78525,34.07566],[-117.78523,34.07567],[-117.78515,34.07572],[-117.78513,34.07573],[-117.78508,34.07577],[-117.78504,34.07579],[-117.78495,34.07585],[-117.78491,34.07587],[-117.78485,34.0759],[-117.78483,34.07592],[-117.78482,34.07592],[-117.78476,34.07596],[-117.78474,34.07597],[-117.78467,34.076],[-117.78465,34.07601],[-117.78458,34.07605],[-117.78456,34.07606],[-117.78448,34.0761],[-117.78447,34.0761],[-117.78439,34.07614],[-117.7842,34.07623],[-117.78411,34.07627],[-117.78401,34.07631],[-117.78392,34.07635],[-117.78381,34.07639],[-117.78372,34.07642],[-117.78352,34.07648],[-117.78343,34.07651],[-117.78342,34.07651],[-117.78332,34.07654],[-117.78322,34.07657],[-117.78302,34.07662],[-117.78292,34.07664],[-117.78215,34.07679],[-117.78207,34.07681],[-117.78186,34.07687],[-117.78177,34.07689],[-117.78169,34.07692],[-117.78162,34.07695],[-117.78131,34.0771],[-117.78124,34.07714],[-117.7811,34.07723],[-117.78103,34.07727],[-117.78094,34.07735],[-117.78089,34.0774],[-117.7807,34.07758],[-117.78068,34.0776],[-117.78062,34.07768],[-117.78061,34.07769],[-117.78059,34.07771],[-117.78054,34.07779],[-117.78053,34.07781],[-117.78048,34.07788],[-117.77962,34.07929],[-117.77974,34.07925],[-117.78383,34.08108],[-117.78099,34.08374],[-117.78205,34.08539],[-117.78409,34.08491],[-117.78542,34.0851],[-117.78687,34.08806],[-117.78683,34.08835],[-117.78545,34.08848],[-117.78505,34.08833],[-117.78494,34.08852],[-117.78422,34.0886],[-117.78406,34.08904],[-117.78435,34.08913],[-117.78438,34.08915],[-117.7845,34.0893],[-117.78451,34.08933],[-117.78446,34.08943],[-117.7858,34.09061],[-117.78603,34.09053],[-117.7948,34.09093],[-117.79472,34.09218],[-117.79324,34.09212],[-117.79317,34.0932],[-117.79269,34.09386],[-117.79162,34.09393],[-117.79008,34.09484],[-117.78939,34.095],[-117.78756,34.09488],[-117.7873,34.09542],[-117.78885,34.09582],[-117.78891,34.09583],[-117.78898,34.09585],[-117.78911,34.09587],[-117.78912,34.09599],[-117.78916,34.096],[-117.78922,34.09601],[-117.78925,34.09602],[-117.78951,34.09604],[-117.78956,34.09605],[-117.78961,34.09605],[-117.7897,34.09606],[-117.78974,34.09606],[-117.78976,34.09606],[-117.78979,34.09606],[-117.78983,34.09606],[-117.7909,34.09596],[-117.79288,34.09539],[-117.79289,34.09539],[-117.79293,34.09538],[-117.79298,34.09537],[-117.79316,34.09534],[-117.79318,34.09534],[-117.79325,34.09533],[-117.79328,34.09533],[-117.79398,34.09527],[-117.794,34.09527],[-117.79406,34.09528],[-117.79462,34.09535],[-117.79469,34.09536],[-117.79481,34.09544],[-117.79488,34.09563],[-117.79488,34.09564],[-117.79489,34.09567],[-117.79494,34.09576],[-117.79495,34.09577],[-117.79497,34.0958],[-117.79499,34.09582],[-117.79502,34.09585],[-117.79503,34.09586],[-117.7951,34.09591],[-117.79512,34.09593],[-117.79515,34.09595],[-117.79516,34.09595],[-117.79518,34.09596],[-117.79521,34.09598],[-117.79526,34.096],[-117.79528,34.096],[-117.7953,34.09601],[-117.79553,34.09605],[-117.79558,34.09606],[-117.79561,34.09606],[-117.79565,34.09606],[-117.79568,34.09606],[-117.79573,34.09606],[-117.79577,34.09606],[-117.79592,34.09604],[-117.79593,34.09608],[-117.79652,34.09746],[-117.79624,34.09778],[-117.79634,34.09832],[-117.79566,34.09886],[-117.79548,34.09943],[-117.79558,34.09943],[-117.79587,34.09943],[-117.79669,34.09944],[-117.79704,34.09956],[-117.79706,34.09957],[-117.79717,34.09967],[-117.7972,34.0997],[-117.7973,34.0998],[-117.79765,34.09995],[-117.79771,34.09996],[-117.79793,34.09994],[-117.79795,34.09994],[-117.79866,34.09955],[-117.7988,34.09951],[-117.79892,34.09949],[-117.79895,34.09949],[-117.80013,34.09943],[-117.80039,34.09943],[-117.80145,34.09942],[-117.80145,34.10134],[-117.79668,34.10135],[-117.7966,34.10278],[-117.7943,34.1022],[-117.79426,34.10219],[-117.79406,34.10214],[-117.79406,34.10241],[-117.79404,34.10303],[-117.79118,34.10303],[-117.79154,34.10374],[-117.79165,34.10431],[-117.79165,34.10475],[-117.79165,34.10478],[-117.79165,34.10485],[-117.79165,34.10516],[-117.79165,34.10533],[-117.79165,34.10567],[-117.79155,34.10567],[-117.79154,34.10667],[-117.78969,34.10666],[-117.78897,34.10658],[-117.78547,34.10567],[-117.78471,34.10539],[-117.75609,34.09792],[-117.75598,34.09837],[-117.75611,34.09837],[-117.75611,34.09855],[-117.75621,34.09863],[-117.75643,34.09869],[-117.7562,34.09907],[-117.75612,34.09949],[-117.75622,34.11038],[-117.75062,34.10852],[-117.75062,34.10965],[-117.75006,34.10964],[-117.75006,34.11056],[-117.74999,34.11056],[-117.74999,34.11065],[-117.74999,34.11085],[-117.75006,34.11085],[-117.75005,34.11261],[-117.74853,34.1126],[-117.74853,34.11084],[-117.7421,34.1108],[-117.74213,34.10863],[-117.74117,34.10863],[-117.74117,34.10812],[-117.73991,34.1081],[-117.73902,34.10815],[-117.739,34.11075],[-117.73762,34.11071],[-117.73744,34.11092],[-117.73693,34.11086],[-117.73694,34.10769],[-117.73683,34.10769],[-117.73683,34.10724],[-117.73673,34.10724],[-117.73667,34.10689],[-117.73665,34.10518],[-117.73674,34.10518],[-117.7367,34.09877],[-117.73242,34.09864],[-117.73236,34.09036],[-117.72799,34.09044],[-117.72801,34.07948],[-117.71123,34.07954],[-117.7051,34.09352],[-117.68681,34.13813],[-117.68173,34.15583],[-117.67851,34.162],[-117.65934,34.23794],[-117.65948,34.23803],[-117.65938,34.23822],[-117.65927,34.23823],[-117.65902,34.23923],[-117.65912,34.23948],[-117.65895,34.23949],[-117.64639,34.28918],[-117.65294,34.36908],[-117.65968,34.45114],[-117.65992,34.46964],[-117.66041,34.5579],[-117.66713,34.55791],[-117.66695,34.64611],[-117.66727,34.73429],[-117.66722,34.76366],[-117.66747,34.82251],[-117.73874,34.82326],[-117.77422,34.8233],[-117.88036,34.82252],[-117.98769,34.82263],[-118.00566,34.82237],[-118.10003,34.82127],[-118.20254,34.82018],[-118.30869,34.82006],[-118.3439,34.81943],[-118.39674,34.81917],[-118.41402,34.81887],[-118.44047,34.81869],[-118.48452,34.81822],[-118.51921,34.81836],[-118.67879,34.81809],[-118.76687,34.818],[-118.82082,34.81748],[-118.8366,34.81751],[-118.84524,34.81775],[-118.85402,34.81776],[-118.85413,34.80328],[-118.87665,34.8032],[-118.87678,34.8033],[-118.87682,34.80326],[-118.88193,34.80758],[-118.88333,34.80938],[-118.88407,34.81082],[-118.88432,34.81234],[-118.88424,34.81329],[-118.88409,34.81379],[-118.88389,34.81408],[-118.88351,34.81416],[-118.88337,34.81479],[-118.88044,34.81785],[-118.89463,34.81794],[-118.85549,34.73726],[-118.81535,34.65433],[-118.7686,34.55974],[-118.72313,34.46751],[-118.68,34.37982],[-118.6368,34.29181],[-118.63349,34.26967],[-118.62956,34.27286],[-118.62865,34.27352],[-118.62694,34.27447],[-118.62508,34.2752],[-118.62279,34.27573],[-118.60747,34.27786],[-118.60591,34.27791],[-118.6043,34.27763],[-118.59615,34.27462],[-118.59373,34.27722],[-118.59256,34.27805],[-118.59201,34.27922],[-118.59171,34.28027],[-118.59192,34.2807],[-118.59218,34.28236],[-118.59084,34.28251],[-118.59162,34.28757],[-118.5872,34.3031],[-118.5851,34.30348],[-118.57177,34.29862],[-118.57159,34.29795],[-118.57103,34.29694],[-118.57017,34.29581],[-118.57016,34.29536],[-118.56872,34.29464],[-118.5661,34.29582],[-118.56448,34.29689],[-118.56356,34.29785],[-118.56211,34.29879],[-118.55978,34.2992],[-118.5574,34.29925],[-118.5548,34.29713],[-118.55445,34.29657],[-118.55405,34.29642],[-118.54982,34.29698],[-118.54672,34.29788],[-118.54083,34.29882],[-118.54157,34.30022],[-118.5426,34.30137],[-118.54335,34.30326],[-118.54431,34.30395],[-118.54368,34.30572],[-118.54573,34.31004],[-118.54711,34.31336],[-118.54552,34.31566],[-118.54631,34.31734],[-118.53402,34.31454],[-118.50382,34.33731],[-118.49294,34.33078],[-118.48441,34.33029],[-118.47683,34.33019],[-118.44943,34.32994],[-118.41999,34.32989],[-118.42,34.32917],[-118.41948,34.32917],[-118.41947,34.32989],[-118.41902,34.32989],[-118.41876,34.32952],[-118.41875,34.32951],[-118.41855,34.32942],[-118.41823,34.3295],[-118.41947,34.32793],[-118.4197,34.32784],[-118.42075,34.32773],[-118.42076,34.32558],[-118.41906,34.32566],[-118.4159,34.32449],[-118.41436,34.32445],[-118.41436,34.3247],[-118.4136,34.3247],[-118.4136,34.32511],[-118.41222,34.32592],[-118.41246,34.3263],[-118.4136,34.32741],[-118.41359,34.32989],[-118.40522,34.32982],[-118.40492,34.32208],[-118.40273,34.3213],[-118.40068,34.31955],[-118.39628,34.31986],[-118.3963,34.31807],[-118.39651,34.31808],[-118.39652,34.3174],[-118.39754,34.317],[-118.39829,34.31706],[-118.39965,34.31646],[-118.40075,34.31647],[-118.40091,34.30977],[-118.40186,34.30996],[-118.40196,34.30986],[-118.40246,34.30969],[-118.4025,34.30951],[-118.40303,34.30947],[-118.4031,34.3098],[-118.40334,34.31011],[-118.40388,34.31012],[-118.40412,34.30905],[-118.40356,34.30899],[-118.40368,34.30866],[-118.40374,34.30795],[-118.40548,34.30793],[-118.40547,34.30437],[-118.40561,34.30073],[-118.40106,34.30067],[-118.40122,34.29707],[-118.40347,34.29711],[-118.40354,34.29351],[-118.40908,34.29366],[-118.40897,34.29181],[-118.41023,34.29185],[-118.41036,34.29197],[-118.4103,34.29108],[-118.40941,34.28902],[-118.40749,34.28718],[-118.40815,34.28682],[-118.40184,34.28086],[-118.40086,34.28158],[-118.39855,34.2794],[-118.39762,34.27869],[-118.3987,34.2779],[-118.39554,34.27491],[-118.40042,34.27134],[-118.40074,34.26967],[-118.40141,34.26764],[-118.40115,34.26659],[-118.40166,34.26578],[-118.40193,34.26465],[-118.39672,34.25975],[-118.39633,34.25928],[-118.39601,34.25873],[-118.39554,34.25898],[-118.3934,34.25803],[-118.39055,34.25748],[-118.40299,34.24839],[-118.3838,34.23026],[-118.38178,34.22845],[-118.37978,34.22683],[-118.37768,34.2268],[-118.37665,34.22661],[-118.37567,34.22629],[-118.37422,34.2255],[-118.37187,34.22363],[-118.36614,34.22774],[-118.36557,34.22403],[-118.36561,34.22347],[-118.36542,34.22329],[-118.3653,34.2223],[-118.36269,34.2219],[-118.36654,34.22211],[-118.36888,34.21927],[-118.36442,34.21623],[-118.36213,34.20113],[-118.36595,34.20113],[-118.36595,34.20106],[-118.37015,34.20103],[-118.37016,34.19635],[-118.37029,34.19638],[-118.3703,34.19032],[-118.37901,34.19034],[-118.37902,34.1867],[-118.38779,34.1867],[-118.38776,34.17944],[-118.39504,34.17944],[-118.39555,34.18029],[-118.39647,34.18142],[-118.39648,34.17217],[-118.41371,34.17216],[-118.41243,34.16268],[-118.41226,34.16198],[-118.41199,34.1613],[-118.41149,34.16053],[-118.41094,34.15991],[-118.40965,34.15898],[-118.40832,34.15846],[-118.40524,34.15763],[-118.40522,34.15038],[-118.39648,34.15038],[-118.39648,34.14706],[-118.39639,34.14656],[-118.39184,34.1343],[-118.39142,34.13362],[-118.39071,34.133],[-118.39002,34.13267],[-118.38931,34.13249],[-118.3852,34.13215],[-118.38443,34.13215],[-118.38329,34.13225],[-118.38142,34.13168],[-118.38068,34.13091],[-118.37985,34.13024],[-118.37869,34.12834],[-118.37869,34.12796],[-118.37911,34.12743],[-118.37924,34.12698],[-118.37925,34.12647],[-118.3789,34.12567],[-118.37847,34.12532],[-118.37631,34.12439],[-118.37543,34.12373],[-118.37533,34.12357],[-118.375,34.12374],[-118.37478,34.12398],[-118.3747,34.12496],[-118.37423,34.12556],[-118.37407,34.12648],[-118.3739,34.1267],[-118.37355,34.12685],[-118.37326,34.12684],[-118.37298,34.1267],[-118.3727,34.12642],[-118.37249,34.12639],[-118.3716,34.12653],[-118.37135,34.12675],[-118.37135,34.12698],[-118.37169,34.12735],[-118.372,34.12819],[-118.37184,34.12862],[-118.37187,34.12883],[-118.37262,34.12939],[-118.37299,34.13025],[-118.37345,34.13055],[-118.37357,34.1307],[-118.37353,34.1309],[-118.37335,34.13102],[-118.37244,34.13109],[-118.37219,34.131],[-118.3709,34.12998],[-118.37003,34.12984],[-118.36989,34.12969],[-118.36979,34.12934],[-118.36959,34.12922],[-118.36751,34.1294],[-118.3668,34.12894],[-118.36599,34.12897],[-118.36549,34.12892],[-118.36333,34.12824],[-118.3627,34.12818],[-118.36155,34.12823],[-118.36086,34.12798],[-118.36053,34.12768],[-118.36035,34.12731],[-118.36038,34.12699],[-118.36069,34.1265],[-118.36062,34.12622],[-118.36042,34.12608],[-118.35942,34.12573],[-118.35928,34.12556],[-118.35916,34.12501],[-118.35799,34.12385],[-118.35802,34.12366],[-118.35819,34.12354],[-118.35933,34.12323],[-118.35942,34.1231],[-118.35938,34.12293],[-118.35805,34.12214],[-118.35762,34.12201],[-118.35675,34.12196],[-118.35585,34.12129],[-118.35483,34.12111],[-118.35439,34.12068],[-118.35393,34.12039],[-118.3532,34.1196],[-118.35289,34.11957],[-118.35248,34.11981],[-118.3517,34.11984],[-118.3511,34.12007],[-118.35023,34.11999],[-118.3498,34.12015],[-118.34938,34.12014],[-118.34895,34.12027],[-118.34787,34.12028],[-118.34757,34.12015],[-118.34745,34.11997],[-118.34714,34.11852],[-118.34695,34.11828],[-118.3472,34.1181],[-118.34744,34.11813],[-118.34766,34.11844],[-118.34785,34.11894],[-118.34813,34.11907],[-118.34843,34.11891],[-118.34855,34.11829],[-118.34854,34.11769],[-118.34807,34.11712],[-118.34787,34.11633],[-118.34765,34.1161],[-118.34721,34.11587],[-118.34576,34.11541],[-118.34478,34.11531],[-118.34451,34.11519],[-118.34427,34.11484],[-118.34421,34.1144],[-118.34391,34.11379],[-118.34391,34.1135],[-118.34406,34.11322],[-118.34475,34.11263],[-118.34527,34.11204],[-118.34602,34.11166],[-118.3462,34.11131],[-118.346,34.11066],[-118.34592,34.10961],[-118.34561,34.10842],[-118.34557,34.10758],[-118.34529,34.10716],[-118.34442,34.10659],[-118.34431,34.10644],[-118.34389,34.10414],[-118.33834,34.10416],[-118.33771,34.10457],[-118.33751,34.1049],[-118.33749,34.10519],[-118.32937,34.10527],[-118.32803,34.1055],[-118.32749,34.10546],[-118.32635,34.10521],[-118.31535,34.10528],[-118.31324,34.10538],[-118.30929,34.10539]]]},"properties":{"DISTRICT":"5"}},
{"type":"Feature","geometry":{"type":"Polygon","coordinates":[[[-118.16723,34.12589],[-118.16783,34.12608],[-118.16786,34.12609],[-118.16833,34.1263],[-118.16905,34.12647],[-118.16965,34.12681],[-118.17015,34.12694],[-118.17063,34.12687],[-118.1712,34.12644],[-118.17124,34.12641],[-118.17222,34.12612],[-118.17245,34.12598],[-118.17282,34.12478],[-118.17684,34.12314],[-118.1768,34.12348],[-118.1769,34.12348],[-118.17653,34.12662],[-118.1778,34.12683],[-118.17769,34.12665],[-118.1786,34.12673],[-118.18021,34.12643],[-118.18091,34.12834],[-118.18145,34.1282],[-118.18135,34.1295],[-118.18259,34.12919],[-118.18285,34.12976],[-118.18283,34.13122],[-118.18611,34.13374],[-118.18554,34.13473],[-118.18522,34.13608],[-118.1859,34.13619],[-118.18598,34.13631],[-118.18579,34.13666],[-118.18598,34.13703],[-118.18595,34.1373],[-118.18563,34.13722],[-118.18533,34.13766],[-118.18553,34.13771],[-118.18553,34.13793],[-118.18568,34.13786],[-118.18576,34.13794],[-118.18571,34.13808],[-118.1853,34.13827],[-118.18554,34.1385],[-118.18542,34.1388],[-118.18564,34.139],[-118.18506,34.13943],[-118.18502,34.13939],[-118.18479,34.13949],[-118.18462,34.13931],[-118.18451,34.13946],[-118.18422,34.13951],[-118.1836,34.13983],[-118.18334,34.1395],[-118.1833,34.13953],[-118.18327,34.13954],[-118.18326,34.13955],[-118.18324,34.13957],[-118.18323,34.13958],[-118.18321,34.13959],[-118.18318,34.13962],[-118.18316,34.13964],[-118.18314,34.13966],[-118.18313,34.13966],[-118.18313,34.13967],[-118.18312,34.13968],[-118.18311,34.13969],[-118.18307,34.13973],[-118.18306,34.13975],[-118.18305,34.13976],[-118.18303,34.13979],[-118.18302,34.1398],[-118.18301,34.13984],[-118.18299,34.13987],[-118.18297,34.1399],[-118.18253,34.14034],[-118.18189,34.1407],[-118.18128,34.14083],[-118.18067,34.14083],[-118.18061,34.14082],[-118.18056,34.14081],[-118.18044,34.14101],[-118.18077,34.14131],[-118.18092,34.14184],[-118.18125,34.14232],[-118.18212,34.14307],[-118.18206,34.14333],[-118.18232,34.14348],[-118.18231,34.14374],[-118.18457,34.14541],[-118.18422,34.1463],[-118.1838,34.14908],[-118.19818,34.14905],[-118.19816,34.15163],[-118.19889,34.15115],[-118.20271,34.15067],[-118.20358,34.14972],[-118.20423,34.1493],[-118.20541,34.14744],[-118.20771,34.14725],[-118.20876,34.14651],[-118.21098,34.14622],[-118.21163,34.14718],[-118.21321,34.14727],[-118.21622,34.14723],[-118.21681,34.14753],[-118.21919,34.14752],[-118.21945,34.14828],[-118.222,34.14886],[-118.22247,34.14926],[-118.22497,34.14937],[-118.22624,34.1498],[-118.22699,34.14856],[-118.22705,34.1476],[-118.22748,34.14774],[-118.22809,34.14672],[-118.22861,34.14689],[-118.2287,34.14674],[-118.22825,34.14645],[-118.22864,34.1458],[-118.22878,34.14591],[-118.2288,34.14147],[-118.22868,34.14147],[-118.22872,34.14133],[-118.22879,34.14133],[-118.22879,34.13907],[-118.22915,34.13907],[-118.22914,34.13808],[-118.22789,34.13809],[-118.22792,34.13603],[-118.22807,34.13587],[-118.22795,34.13579],[-118.22798,34.13561],[-118.23372,34.1356],[-118.23372,34.13451],[-118.23629,34.1345],[-118.23656,34.13329],[-118.2366,34.13263],[-118.23603,34.12883],[-118.23532,34.12761],[-118.23525,34.12672],[-118.25288,34.1243],[-118.25328,34.12445],[-118.25365,34.12331],[-118.25115,34.12095],[-118.25427,34.11877],[-118.25708,34.12123],[-118.25896,34.12314],[-118.26073,34.1253],[-118.26239,34.12773],[-118.26335,34.12942],[-118.2756,34.15322],[-118.27834,34.15321],[-118.27814,34.1498],[-118.27818,34.14813],[-118.2779,34.1468],[-118.2724,34.12749],[-118.27142,34.125],[-118.27008,34.12208],[-118.26999,34.12123],[-118.26738,34.11581],[-118.2654,34.11369],[-118.26597,34.11293],[-118.26532,34.11187],[-118.26419,34.10936],[-118.26358,34.10796],[-118.26339,34.10717],[-118.26424,34.10749],[-118.26609,34.10778],[-118.27149,34.10921],[-118.27347,34.11091],[-118.27367,34.11097],[-118.2743,34.11105],[-118.27669,34.11099],[-118.27902,34.11076],[-118.28067,34.11143],[-118.28126,34.11188],[-118.28159,34.11194],[-118.28235,34.1119],[-118.28252,34.11195],[-118.28301,34.11169],[-118.28477,34.11136],[-118.28525,34.11115],[-118.28523,34.1018],[-118.30055,34.10176],[-118.30057,34.10539],[-118.30929,34.10539],[-118.30919,34.09077],[-118.30049,34.09083],[-118.30046,34.08469],[-118.29884,34.08357],[-118.29172,34.08359],[-118.2917,34.07633],[-118.28682,34.07634],[-118.28682,34.07648],[-118.28629,34.0767],[-118.2844,34.07672],[-118.28305,34.07613],[-118.28326,34.07594],[-118.28379,34.07511],[-118.2844,34.074],[-118.28431,34.06372],[-118.28231,34.06287],[-118.28421,34.05995],[-118.28414,34.04729],[-118.2916,34.04726],[-118.29157,34.04001],[-118.28453,34.04005],[-118.28411,34.03986],[-118.28402,34.03704],[-118.28049,34.03771],[-118.27885,34.03791],[-118.2759,34.03806],[-118.27392,34.03806],[-118.27451,34.03349],[-118.27426,34.02894],[-118.27433,34.02811],[-118.27448,34.02747],[-118.27228,34.02648],[-118.27169,34.02742],[-118.27021,34.02676],[-118.26679,34.03194],[-118.26151,34.02953],[-118.2617,34.02939],[-118.26277,34.02771],[-118.25857,34.02589],[-118.25862,34.02581],[-118.252,34.02288],[-118.25165,34.02325],[-118.24415,34.01901],[-118.23965,34.018],[-118.23965,34.01529],[-118.23972,34.0148],[-118.22759,34.01493],[-118.22746,34.0152],[-118.22582,34.01524],[-118.22581,34.01493],[-118.2237,34.01494],[-118.22372,34.01537],[-118.22341,34.01537],[-118.22324,34.01495],[-118.21716,34.01497],[-118.21716,34.0155],[-118.21561,34.01498],[-118.21474,34.01498],[-118.21271,34.0143],[-118.21271,34.01499],[-118.20829,34.01501],[-118.20699,34.01275],[-118.20538,34.01277],[-118.20504,34.01263],[-118.20507,34.01452],[-118.20293,34.01399],[-118.20064,34.01366],[-118.20033,34.01363],[-118.19143,34.01286],[-118.19145,34.01509],[-118.19224,34.01509],[-118.19225,34.01648],[-118.18735,34.01649],[-118.18734,34.01565],[-118.1814,34.01567],[-118.18136,34.012],[-118.17594,34.01154],[-118.17598,34.01846],[-118.15897,34.01082],[-118.15383,34.01955],[-118.14624,34.01794],[-118.14624,34.01761],[-118.14656,34.01768],[-118.14697,34.01437],[-118.14665,34.01433],[-118.14677,34.01339],[-118.14709,34.01344],[-118.14754,34.00985],[-118.12746,34.00811],[-118.12752,34.00768],[-118.12768,34.00769],[-118.12772,34.00742],[-118.12709,34.00736],[-118.12712,34.00709],[-118.12984,34.00242],[-118.12822,34.00177],[-118.12889,34.00062],[-118.12848,34.00044],[-118.12879,33.99989],[-118.1287,33.99985],[-118.12913,33.99914],[-118.12889,33.99904],[-118.12979,33.99303],[-118.12524,33.99118],[-118.12855,33.98554],[-118.13324,33.98712],[-118.13422,33.98546],[-118.12515,33.9764],[-118.12507,33.97646],[-118.12377,33.97515],[-118.12292,33.97448],[-118.12284,33.97454],[-118.12208,33.97453],[-118.12123,33.97485],[-118.11998,33.9755],[-118.11784,33.97904],[-118.11675,33.98112],[-118.11642,33.98144],[-118.11648,33.98176],[-118.11615,33.98277],[-118.11581,33.98336],[-118.11569,33.98373],[-118.11547,33.98591],[-118.11532,33.98585],[-118.11526,33.9865],[-118.11494,33.98763],[-118.11435,33.98893],[-118.112,33.99086],[-118.11148,33.99161],[-118.11157,33.99184],[-118.11149,33.99195],[-118.11139,33.99173],[-118.10979,33.99381],[-118.10867,33.99335],[-118.10842,33.99394],[-118.10724,33.99469],[-118.10562,33.99616],[-118.10491,33.99713],[-118.10464,33.99726],[-118.10448,33.99744],[-118.1044,33.99781],[-118.10401,33.99834],[-118.10341,33.99956],[-118.09741,34.0013],[-118.09662,34.00403],[-118.09619,34.00785],[-118.09558,34.009],[-118.09578,34.00902],[-118.0954,34.00961],[-118.09527,34.0096],[-118.09213,34.01297],[-118.09294,34.01371],[-118.0858,34.01879],[-118.08494,34.01796],[-118.08366,34.01887],[-118.0836,34.01882],[-118.08354,34.01878],[-118.08353,34.01877],[-118.08347,34.01873],[-118.08346,34.01872],[-118.0834,34.01869],[-118.08339,34.01868],[-118.08334,34.01864],[-118.08327,34.0186],[-118.08318,34.01854],[-118.08312,34.01851],[-118.08307,34.01848],[-118.0822,34.0181],[-118.08215,34.01808],[-118.08187,34.018],[-118.08182,34.01798],[-118.08179,34.01798],[-118.08174,34.01796],[-118.08171,34.01795],[-118.08165,34.01794],[-118.08163,34.01793],[-118.08157,34.01792],[-118.08154,34.01792],[-118.08149,34.0179],[-118.08146,34.0179],[-118.0814,34.01789],[-118.08138,34.01788],[-118.08131,34.01787],[-118.08128,34.01787],[-118.08123,34.01786],[-118.08121,34.01786],[-118.08114,34.01785],[-118.08112,34.01784],[-118.08105,34.01783],[-118.08104,34.01783],[-118.08097,34.01782],[-118.08096,34.01782],[-118.08088,34.01782],[-118.08087,34.01781],[-118.0808,34.01781],[-118.08078,34.01781],[-118.08071,34.0178],[-118.0807,34.0178],[-118.08062,34.0178],[-118.08061,34.0178],[-118.08053,34.01779],[-118.08045,34.01779],[-118.08044,34.01779],[-118.08036,34.01779],[-118.08027,34.01779],[-118.08019,34.01779],[-118.08018,34.01779],[-118.0801,34.01779],[-118.08001,34.0178],[-118.07993,34.0178],[-118.07992,34.0178],[-118.07984,34.01781],[-118.07976,34.01782],[-118.07975,34.01782],[-118.07967,34.01782],[-118.07958,34.01783],[-118.0795,34.01785],[-118.07942,34.01786],[-118.07941,34.01786],[-118.07933,34.01787],[-118.07924,34.01789],[-118.07917,34.0179],[-118.07916,34.0179],[-118.07908,34.01792],[-118.07907,34.01792],[-118.07898,34.01794],[-118.07892,34.01796],[-118.07877,34.018],[-118.07883,34.01786],[-118.07886,34.01781],[-118.07888,34.01775],[-118.07893,34.01765],[-118.07901,34.01744],[-118.07904,34.01737],[-118.07905,34.01736],[-118.07911,34.01719],[-118.07916,34.01703],[-118.07901,34.01706],[-118.07829,34.01691],[-118.07794,34.01747],[-118.07789,34.01754],[-118.07773,34.01774],[-118.07765,34.01785],[-118.07761,34.01789],[-118.0775,34.01801],[-118.07747,34.01804],[-118.07738,34.01813],[-118.07721,34.01831],[-118.07719,34.01832],[-118.07714,34.01837],[-118.07711,34.0184],[-118.07707,34.01843],[-118.07703,34.01847],[-118.07699,34.0185],[-118.07694,34.01854],[-118.07691,34.01857],[-118.07687,34.0186],[-118.07682,34.01864],[-118.0768,34.01866],[-118.07673,34.01871],[-118.07672,34.01872],[-118.07661,34.0188],[-118.0765,34.01888],[-118.07642,34.01893],[-118.07638,34.01896],[-118.0761,34.01913],[-118.07604,34.01916],[-118.07584,34.01928],[-118.0741,34.02019],[-118.07302,34.02076],[-118.07292,34.02081],[-118.06906,34.02102],[-118.06904,34.02047],[-118.06118,34.02082],[-118.06122,34.02142],[-118.05812,34.02151],[-118.05785,34.02152],[-118.05672,34.02155],[-118.05623,34.0217],[-118.05572,34.02199],[-118.05504,34.02279],[-118.05295,34.02139],[-118.05294,34.0214],[-118.05241,34.02397],[-118.0524,34.024],[-118.05229,34.02441],[-118.05229,34.02442],[-118.0519,34.02537],[-118.05189,34.0254],[-118.05179,34.02558],[-118.05176,34.02564],[-118.05147,34.02611],[-118.05144,34.02616],[-118.05133,34.02631],[-118.05126,34.02641],[-118.05119,34.0265],[-118.05115,34.02655],[-118.05066,34.02711],[-118.0506,34.02717],[-118.04971,34.02794],[-118.0496,34.02802],[-118.04842,34.02874],[-118.04841,34.02874],[-118.0483,34.0288],[-118.04827,34.02881],[-118.04817,34.02886],[-118.04813,34.02888],[-118.04714,34.02931],[-118.04571,34.02888],[-118.04408,34.02715],[-118.04168,34.02644],[-118.04074,34.02534],[-118.04427,34.02315],[-118.04482,34.02194],[-118.04388,34.02131],[-118.04493,34.02064],[-118.0477,34.02016],[-118.04687,34.0196],[-118.04722,34.01924],[-118.04841,34.01842],[-118.0478,34.01801],[-118.05032,34.01613],[-118.05264,34.0177],[-118.05505,34.01598],[-118.05532,34.01677],[-118.05511,34.01698],[-118.05604,34.01764],[-118.05752,34.01641],[-118.05618,34.01509],[-118.05726,34.01431],[-118.05581,34.01177],[-118.05592,34.01171],[-118.05572,34.01107],[-118.04681,34.01715],[-118.04672,34.0173],[-118.03739,34.02356],[-118.03717,34.02267],[-118.0361,34.02235],[-118.0357,34.02291],[-118.02248,34.01902],[-118.01856,34.01654],[-118.01685,34.0163],[-118.0162,34.01649],[-118.01565,34.01631],[-118.01555,34.01635],[-118.01324,34.01587],[-118.01324,34.01631],[-118.01262,34.01601],[-118.01226,34.00752],[-118.0105,34.00562],[-118.01135,34.00417],[-118.00983,34.00228],[-118.00971,34.00238],[-118.00882,34.00164],[-118.00839,34.00148],[-118.00263,33.98962],[-118.00239,33.98961],[-118.0018,33.98924],[-117.99371,33.9887],[-117.9936,33.98172],[-117.993,33.98137],[-117.9909,33.98066],[-117.98825,33.97914],[-117.98279,33.97683],[-117.97667,33.9751],[-117.97667,33.97483],[-117.96879,33.97258],[-117.95799,33.9726],[-117.95799,33.97254],[-117.94962,33.97464],[-117.94962,33.97646],[-117.9164,33.96877],[-117.92583,33.94608],[-117.91957,33.94609],[-117.91957,33.94764],[-117.91564,33.94687],[-117.91564,33.94701],[-117.91512,33.94698],[-117.91183,33.94636],[-117.9119,33.94607],[-117.88821,33.94608],[-117.87197,33.94574],[-117.85198,33.94694],[-117.83507,33.9468],[-117.81788,33.94679],[-117.80031,33.94663],[-117.7919,33.94662],[-117.78309,33.94627],[-117.79356,33.95383],[-117.79368,33.96814],[-117.80246,33.96829],[-117.80255,33.97556],[-117.78505,34.00486],[-117.76754,34.0047],[-117.76705,34.0112],[-117.76767,34.01939],[-117.76767,34.02352],[-117.73586,34.01856],[-117.73014,34.02138],[-117.72737,34.03739],[-117.71649,34.06758],[-117.71123,34.07954],[-117.72801,34.07948],[-117.72799,34.09044],[-117.73236,34.09036],[-117.73242,34.09864],[-117.7367,34.09877],[-117.73674,34.10518],[-117.73665,34.10518],[-117.73667,34.10689],[-117.73673,34.10724],[-117.73683,34.10724],[-117.73683,34.10769],[-117.73694,34.10769],[-117.73693,34.11086],[-117.73744,34.11092],[-117.73762,34.11071],[-117.739,34.11075],[-117.73902,34.10815],[-117.73991,34.1081],[-117.74117,34.10812],[-117.74117,34.10863],[-117.74213,34.10863],[-117.7421,34.1108],[-117.74853,34.11084],[-117.74853,34.1126],[-117.75005,34.11261],[-117.75006,34.11085],[-117.74999,34.11085],[-117.74999,34.11065],[-117.74999,34.11056],[-117.75006,34.11056],[-117.75006,34.10964],[-117.75062,34.10965],[-117.75062,34.10852],[-117.75622,34.11038],[-117.75612,34.09949],[-117.7562,34.09907],[-117.75643,34.09869],[-117.75621,34.09863],[-117.75611,34.09855],[-117.75611,34.09837],[-117.75598,34.09837],[-117.75609,34.09792],[-117.78471,34.10539],[-117.78547,34.10567],[-117.78897,34.10658],[-117.78969,34.10666],[-117.79154,34.10667],[-117.79155,34.10567],[-117.79165,34.10567],[-117.79165,34.10533],[-117.79165,34.10516],[-117.79165,34.10485],[-117.79165,34.10478],[-117.79165,34.10475],[-117.79165,34.10431],[-117.79154,34.10374],[-117.79118,34.10303],[-117.79404,34.10303],[-117.79406,34.10241],[-117.79406,34.10214],[-117.79426,34.10219],[-117.7943,34.1022],[-117.7966,34.10278],[-117.79668,34.10135],[-117.80145,34.10134],[-117.80145,34.09942],[-117.80039,34.09943],[-117.80013,34.09943],[-117.79895,34.09949],[-117.79892,34.09949],[-117.7988,34.09951],[-117.79866,34.09955],[-117.79795,34.09994],[-117.79793,34.09994],[-117.79771,34.09996],[-117.79765,34.09995],[-117.7973,34.0998],[-117.7972,34.0997],[-117.79717,34.09967],[-117.79706,34.09957],[-117.79704,34.09956],[-117.79669,34.09944],[-117.79587,34.09943],[-117.79558,34.09943],[-117.79548,34.09943],[-117.79566,34.09886],[-117.79634,34.09832],[-117.79624,34.09778],[-117.79652,34.09746],[-117.79593,34.09608],[-117.79592,34.09604],[-117.79577,34.09606],[-117.79573,34.09606],[-117.79568,34.09606],[-117.79565,34.09606],[-117.79561,34.09606],[-117.79558,34.09606],[-117.79553,34.09605],[-117.7953,34.09601],[-117.79528,34.096],[-117.79526,34.096],[-117.79521,34.09598],[-117.79518,34.09596],[-117.79516,34.09595],[-117.79515,34.09595],[-117.79512,34.09593],[-117.7951,34.09591],[-117.79503,34.09586],[-117.79502,34.09585],[-117.79499,34.09582],[-117.79497,34.0958],[-117.79495,34.09577],[-117.79494,34.09576],[-117.79489,34.09567],[-117.79488,34.09564],[-117.79488,34.09563],[-117.79481,34.09544],[-117.79469,34.09536],[-117.79462,34.09535],[-117.79406,34.09528],[-117.794,34.09527],[-117.79398,34.09527],[-117.79328,34.09533],[-117.79325,34.09533],[-117.79318,34.09534],[-117.79316,34.09534],[-117.79298,34.09537],[-117.79293,34.09538],[-117.79289,34.09539],[-117.79288,34.09539],[-117.7909,34.09596],[-117.78983,34.09606],[-117.78979,34.09606],[-117.78976,34.09606],[-117.78974,34.09606],[-117.7897,34.09606],[-117.78961,34.09605],[-117.78956,34.09605],[-117.78951,34.09604],[-117.78925,34.09602],[-117.78922,34.09601],[-117.78916,34.096],[-117.78912,34.09599],[-117.78911,34.09587],[-117.78898,34.09585],[-117.78891,34.09583],[-117.78885,34.09582],[-117.7873,34.09542],[-117.78756,34.09488],[-117.78939,34.095],[-117.79008,34.09484],[-117.79162,34.09393],[-117.79269,34.09386],[-117.79317,34.0932],[-117.79324,34.09212],[-117.79472,34.09218],[-117.7948,34.09093],[-117.78603,34.09053],[-117.7858,34.09061],[-117.78446,34.08943],[-117.78451,34.08933],[-117.7845,34.0893],[-117.78438,34.08915],[-117.78435,34.08913],[-117.78406,34.08904],[-117.78422,34.0886],[-117.78494,34.08852],[-117.78505,34.08833],[-117.78545,34.08848],[-117.78683,34.08835],[-117.78687,34.08806],[-117.78542,34.0851],[-117.78409,34.08491],[-117.78205,34.08539],[-117.78099,34.08374],[-117.78383,34.08108],[-117.77974,34.07925],[-117.77962,34.07929],[-117.78048,34.07788],[-117.78053,34.07781],[-117.78054,34.07779],[-117.78059,34.07771],[-117.78061,34.07769],[-117.78062,34.07768],[-117.78068,34.0776],[-117.7807,34.07758],[-117.78089,34.0774],[-117.78094,34.07735],[-117.78103,34.07727],[-117.7811,34.07723],[-117.78124,34.07714],[-117.78131,34.0771],[-117.78162,34.07695],[-117.78169,34.07692],[-117.78177,34.07689],[-117.78186,34.07687],[-117.78207,34.07681],[-117.78215,34.07679],[-117.78292,34.07664],[-117.78302,34.07662],[-117.78322,34.07657],[-117.78332,34.07654],[-117.78342,34.07651],[-117.78343,34.07651],[-117.78352,34.07648],[-117.78372,34.07642],[-117.78381,34.07639],[-117.78392,34.07635],[-117.78401,34.07631],[-117.78411,34.07627],[-117.7842,34.07623],[-117.78439,34.07614],[-117.78447,34.0761],[-117.78448,34.0761],[-117.78456,34.07606],[-117.78458,34.07605],[-117.78465,34.07601],[-117.78467,34.076],[-117.78474,34.07597],[-117.78476,34.07596],[-117.78482,34.07592],[-117.78483,34.07592],[-117.78485,34.0759],[-117.78491,34.07587],[-117.78495,34.07585],[-117.78504,34.07579],[-117.78508,34.07577],[-117.78513,34.07573],[-117.78515,34.07572],[-117.78523,34.07567],[-117.78525,34.07566],[-117.78525,34.07565],[-117.78534,34.07559],[-117.78545,34.07551],[-117.7868,34.07446],[-117.78721,34.07428],[-117.78763,34.07378],[-117.78823,34.0736],[-117.78944,34.07286],[-117.79041,34.07277],[-117.7912,34.07233],[-117.79171,34.0722],[-117.79223,34.07223],[-117.79329,34.0719],[-117.7939,34.07161],[-117.79417,34.07163],[-117.79489,34.0713],[-117.79506,34.07078],[-117.79558,34.07055],[-117.79564,34.07063],[-117.79584,34.07054],[-117.79579,34.07045],[-117.79789,34.06948],[-117.79819,34.06964],[-117.79833,34.06957],[-117.79819,34.06935],[-117.79906,34.06895],[-117.79945,34.0689],[-117.80137,34.06788],[-117.80286,34.06736],[-117.80352,34.06743],[-117.80432,34.06727],[-117.80484,34.06695],[-117.80511,34.06639],[-117.8053,34.0662],[-117.80738,34.06519],[-117.8073,34.06503],[-117.80752,34.06495],[-117.80764,34.06491],[-117.80774,34.06488],[-117.80783,34.06484],[-117.80799,34.06479],[-117.80801,34.06479],[-117.8081,34.06476],[-117.80811,34.06475],[-117.80822,34.06472],[-117.80865,34.06459],[-117.80892,34.06452],[-117.809,34.0645],[-117.80904,34.06449],[-117.80913,34.06446],[-117.80926,34.06443],[-117.80941,34.06439],[-117.80948,34.06438],[-117.8096,34.06435],[-117.80976,34.06431],[-117.81015,34.06423],[-117.81026,34.06421],[-117.81039,34.06419],[-117.81043,34.06418],[-117.81048,34.06417],[-117.81057,34.06415],[-117.81099,34.06408],[-117.81107,34.06407],[-117.81277,34.0639],[-117.81685,34.06372],[-117.81705,34.06371],[-117.81812,34.06367],[-117.81842,34.06367],[-117.81929,34.06366],[-117.81933,34.06366],[-117.81951,34.06366],[-117.81958,34.06366],[-117.81977,34.06366],[-117.82055,34.06368],[-117.82069,34.06369],[-117.82117,34.06371],[-117.82128,34.06371],[-117.8223,34.06378],[-117.82242,34.06379],[-117.82403,34.0639],[-117.82443,34.06393],[-117.82519,34.06399],[-117.82546,34.06401],[-117.82593,34.06405],[-117.82622,34.06409],[-117.82626,34.06409],[-117.82677,34.06418],[-117.82699,34.06423],[-117.82707,34.06424],[-117.82716,34.06427],[-117.82722,34.06428],[-117.82726,34.06429],[-117.82727,34.06429],[-117.82736,34.06432],[-117.82737,34.06432],[-117.82743,34.06433],[-117.82759,34.06438],[-117.82766,34.0644],[-117.8277,34.06441],[-117.82778,34.06444],[-117.82786,34.06446],[-117.82787,34.06446],[-117.82793,34.06448],[-117.82817,34.06457],[-117.82826,34.0646],[-117.82846,34.06467],[-117.82868,34.06476],[-117.8287,34.06477],[-117.82879,34.06481],[-117.82884,34.06483],[-117.82888,34.06485],[-117.82914,34.06497],[-117.82918,34.06499],[-117.82937,34.06508],[-117.82943,34.06512],[-117.83057,34.06581],[-117.83066,34.06587],[-117.83078,34.06594],[-117.83086,34.06599],[-117.83091,34.06602],[-117.8311,34.06613],[-117.83115,34.06616],[-117.8312,34.06618],[-117.83123,34.0662],[-117.83174,34.06645],[-117.83181,34.06648],[-117.83182,34.06648],[-117.83188,34.06651],[-117.83194,34.06653],[-117.83199,34.06655],[-117.83261,34.06678],[-117.83266,34.06679],[-117.83271,34.06681],[-117.83277,34.06683],[-117.83307,34.06692],[-117.83356,34.06706],[-117.83378,34.06712],[-117.83392,34.06883],[-117.83374,34.06891],[-117.83452,34.06954],[-117.83471,34.07019],[-117.83516,34.07041],[-117.83593,34.07034],[-117.83671,34.06999],[-117.83714,34.07049],[-117.83789,34.07112],[-117.83821,34.07157],[-117.83859,34.07184],[-117.83892,34.07194],[-117.83974,34.07214],[-117.84085,34.07223],[-117.84202,34.07201],[-117.84258,34.07217],[-117.84283,34.07235],[-117.84371,34.07244],[-117.84394,34.07254],[-117.84441,34.07257],[-117.84493,34.07269],[-117.84655,34.07267],[-117.84747,34.07236],[-117.84724,34.07298],[-117.84793,34.07373],[-117.84856,34.07406],[-117.84495,34.07788],[-117.84472,34.07783],[-117.84407,34.07795],[-117.84386,34.07787],[-117.84364,34.07814],[-117.84363,34.07815],[-117.84359,34.07818],[-117.84357,34.07819],[-117.84335,34.07833],[-117.84407,34.07881],[-117.84321,34.07972],[-117.84189,34.08094],[-117.84366,34.0818],[-117.84369,34.08181],[-117.8438,34.08186],[-117.84383,34.08187],[-117.84386,34.08188],[-117.84394,34.08191],[-117.84397,34.08192],[-117.84489,34.08212],[-117.84972,34.08245],[-117.84983,34.08267],[-117.85009,34.0826],[-117.85011,34.0826],[-117.85331,34.08265],[-117.85338,34.08265],[-117.85342,34.08266],[-117.8535,34.08303],[-117.85353,34.08306],[-117.85357,34.08309],[-117.85367,34.08316],[-117.85369,34.08317],[-117.85392,34.08354],[-117.85393,34.08357],[-117.85393,34.08364],[-117.85393,34.08365],[-117.85389,34.08375],[-117.85388,34.08376],[-117.85386,34.08379],[-117.85367,34.08406],[-117.85345,34.08439],[-117.85345,34.08614],[-117.85148,34.08614],[-117.85145,34.08614],[-117.8513,34.08617],[-117.85129,34.08617],[-117.85127,34.08618],[-117.85125,34.08618],[-117.85121,34.0862],[-117.85119,34.0862],[-117.85115,34.08628],[-117.85115,34.08638],[-117.85117,34.08769],[-117.8499,34.08769],[-117.8499,34.08794],[-117.84837,34.08862],[-117.84638,34.08981],[-117.84639,34.0916],[-117.84632,34.09161],[-117.8464,34.09274],[-117.84522,34.09336],[-117.84511,34.09341],[-117.84428,34.09383],[-117.84428,34.09399],[-117.84074,34.0958],[-117.84421,34.09581],[-117.8442,34.09932],[-117.84865,34.09935],[-117.84816,34.09951],[-117.84846,34.09951],[-117.84508,34.10064],[-117.84507,34.10175],[-117.84647,34.10175],[-117.84647,34.10297],[-117.84797,34.10297],[-117.84796,34.10419],[-117.84697,34.10418],[-117.84697,34.10478],[-117.84651,34.10478],[-117.84651,34.10486],[-117.84856,34.10487],[-117.84855,34.10297],[-117.85251,34.10295],[-117.85251,34.1026],[-117.85291,34.1026],[-117.85291,34.10295],[-117.85499,34.10293],[-117.85499,34.10292],[-117.855,34.10206],[-117.85462,34.10206],[-117.85462,34.10149],[-117.855,34.10149],[-117.855,34.09761],[-117.85624,34.09762],[-117.85623,34.09934],[-117.86163,34.09934],[-117.86163,34.10317],[-117.86492,34.10316],[-117.86492,34.10328],[-117.86599,34.10328],[-117.86599,34.10123],[-117.86817,34.10124],[-117.86817,34.09935],[-117.87021,34.09935],[-117.87019,34.09588],[-117.87036,34.09589],[-117.87036,34.0948],[-117.87267,34.09481],[-117.87267,34.09404],[-117.87298,34.09404],[-117.87298,34.09385],[-117.8763,34.09386],[-117.8763,34.09562],[-117.87246,34.09562],[-117.87247,34.09648],[-117.87161,34.09648],[-117.87161,34.09736],[-117.87246,34.09736],[-117.87247,34.09872],[-117.87162,34.09871],[-117.87169,34.09991],[-117.87149,34.09991],[-117.87149,34.10025],[-117.87259,34.10025],[-117.87259,34.09948],[-117.87718,34.09948],[-117.87724,34.103],[-117.87722,34.10295],[-117.87244,34.10294],[-117.87244,34.10487],[-117.87036,34.10486],[-117.87036,34.10429],[-117.87055,34.10429],[-117.87055,34.10388],[-117.87036,34.10388],[-117.87036,34.10306],[-117.86927,34.10306],[-117.86928,34.10462],[-117.86817,34.10462],[-117.86817,34.10574],[-117.86925,34.10574],[-117.86925,34.10658],[-117.87335,34.10618],[-117.87649,34.10564],[-117.8774,34.10564],[-117.87747,34.10565],[-117.87779,34.10571],[-117.87779,34.10539],[-117.87971,34.1054],[-117.87971,34.10529],[-117.87999,34.10526],[-117.87999,34.1054],[-117.88066,34.1054],[-117.88066,34.10561],[-117.88162,34.10561],[-117.88163,34.1061],[-117.88149,34.10612],[-117.88148,34.10676],[-117.88258,34.10676],[-117.88258,34.10745],[-117.88136,34.10745],[-117.88132,34.11399],[-117.88148,34.11405],[-117.88133,34.12685],[-117.88137,34.127],[-117.88144,34.127],[-117.88144,34.12887],[-117.88131,34.12887],[-117.8813,34.12995],[-117.88593,34.12997],[-117.88593,34.13099],[-117.88638,34.13099],[-117.88638,34.13133],[-117.88663,34.13186],[-117.88664,34.13279],[-117.89009,34.1328],[-117.89008,34.13345],[-117.88994,34.13345],[-117.88991,34.13549],[-117.88992,34.13612],[-117.89006,34.13606],[-117.89006,34.16017],[-117.88566,34.16019],[-117.88566,34.16511],[-117.89881,34.16513],[-117.89879,34.1685],[-117.90735,34.16853],[-117.90754,34.16853],[-117.90756,34.16515],[-117.92478,34.16532],[-117.94232,34.16525],[-117.94235,34.15435],[-117.93796,34.15436],[-117.93797,34.15233],[-117.93458,34.15365],[-117.93456,34.15414],[-117.93365,34.15337],[-117.93369,34.15305],[-117.9328,34.15243],[-117.93269,34.15236],[-117.93039,34.15115],[-117.93022,34.15097],[-117.92972,34.15097],[-117.93178,34.14904],[-117.93181,34.14901],[-117.93222,34.14834],[-117.9332,34.1474],[-117.93379,34.14666],[-117.93793,34.14269],[-117.93951,34.14088],[-117.93955,34.14084],[-117.9396,34.14079],[-117.93967,34.14073],[-117.93976,34.14064],[-117.93979,34.14062],[-117.94037,34.14019],[-117.94044,34.14014],[-117.94346,34.13845],[-117.94397,34.13842],[-117.94403,34.13816],[-117.94426,34.13792],[-117.94447,34.13806],[-117.94448,34.13807],[-117.94464,34.13817],[-117.94524,34.13751],[-117.94632,34.13797],[-117.94644,34.13775],[-117.94687,34.13742],[-117.94706,34.13746],[-117.94713,34.13736],[-117.94715,34.13733],[-117.94716,34.13732],[-117.94718,34.1373],[-117.9472,34.13728],[-117.94884,34.13593],[-117.95156,34.1359],[-117.95156,34.13605],[-117.95176,34.13605],[-117.95176,34.13614],[-117.96006,34.13609],[-117.96005,34.13223],[-117.96975,34.13217],[-117.96977,34.12905],[-117.97015,34.12873],[-117.97061,34.12873],[-117.97213,34.12722],[-117.97213,34.12711],[-117.97466,34.12502],[-117.97864,34.12505],[-117.97865,34.12642],[-117.98195,34.1264],[-117.98196,34.1268],[-117.98211,34.12679],[-117.98216,34.12678],[-117.9822,34.12678],[-117.98223,34.12677],[-117.98449,34.12597],[-117.98492,34.126],[-117.98533,34.12617],[-117.98542,34.12611],[-117.98587,34.1249],[-117.98633,34.12452],[-117.98632,34.12358],[-117.98691,34.12373],[-117.98787,34.12129],[-117.99047,34.12198],[-117.99089,34.12092],[-117.98963,34.12058],[-117.99007,34.11946],[-117.99131,34.1198],[-117.99212,34.11771],[-117.99708,34.11769],[-118.00008,34.11665],[-118.00081,34.11625],[-118.00377,34.11732],[-118.00448,34.11129],[-118.00506,34.11008],[-118.00439,34.10985],[-118.00379,34.11108],[-118.00342,34.11113],[-118.00407,34.10975],[-118.00051,34.10854],[-118.00225,34.10497],[-118.00698,34.10658],[-118.00817,34.10415],[-117.99514,34.09973],[-117.9967,34.09657],[-117.99221,34.09505],[-117.99412,34.09351],[-117.99621,34.09135],[-117.99785,34.08914],[-117.99894,34.08727],[-118.00187,34.08827],[-117.99766,34.0969],[-117.99854,34.0972],[-117.99776,34.09796],[-117.99735,34.09861],[-118.00042,34.09965],[-118.00117,34.0981],[-118.0097,34.10099],[-118.01038,34.09961],[-118.01123,34.09967],[-118.01208,34.09925],[-118.01294,34.09841],[-118.01388,34.09801],[-118.01444,34.09762],[-118.0164,34.09673],[-118.0174,34.09683],[-118.02014,34.09653],[-118.02035,34.09911],[-118.02028,34.09935],[-118.02188,34.0984],[-118.02179,34.09823],[-118.02562,34.09632],[-118.02557,34.09672],[-118.02583,34.09675],[-118.02568,34.09778],[-118.02576,34.09783],[-118.02739,34.09684],[-118.02788,34.09742],[-118.02797,34.09737],[-118.02792,34.09714],[-118.02854,34.097],[-118.03269,34.09641],[-118.03241,34.09508],[-118.03315,34.09351],[-118.03427,34.09334],[-118.03438,34.09389],[-118.03494,34.09381],[-118.03489,34.09357],[-118.03574,34.09343],[-118.03583,34.09331],[-118.03632,34.09328],[-118.03616,34.09249],[-118.03875,34.09211],[-118.03882,34.09251],[-118.03992,34.09235],[-118.03984,34.09195],[-118.04193,34.0916],[-118.04212,34.09251],[-118.04287,34.0924],[-118.04269,34.09149],[-118.05167,34.09023],[-118.05184,34.09102],[-118.0521,34.09098],[-118.05193,34.09018],[-118.05651,34.08949],[-118.05643,34.08909],[-118.05575,34.08919],[-118.05574,34.08951],[-118.05502,34.08932],[-118.05657,34.08538],[-118.05855,34.08603],[-118.05875,34.08561],[-118.07379,34.09059],[-118.07365,34.09092],[-118.07356,34.09347],[-118.07361,34.0971],[-118.07427,34.09753],[-118.07456,34.09753],[-118.07495,34.09769],[-118.07547,34.09814],[-118.07561,34.09814],[-118.07574,34.09913],[-118.07657,34.10303],[-118.07722,34.10304],[-118.07723,34.10496],[-118.07742,34.10497],[-118.07776,34.1053],[-118.07783,34.10535],[-118.07799,34.10552],[-118.07801,34.10554],[-118.07803,34.10556],[-118.07803,34.10549],[-118.07811,34.10559],[-118.08136,34.10558],[-118.08148,34.1136],[-118.08232,34.1136],[-118.08222,34.10637],[-118.08333,34.10637],[-118.08334,34.10585],[-118.08271,34.10582],[-118.08271,34.10618],[-118.08221,34.10618],[-118.08222,34.10404],[-118.08382,34.10401],[-118.08382,34.10391],[-118.08501,34.10396],[-118.08502,34.10526],[-118.08813,34.10524],[-118.08813,34.10489],[-118.08799,34.10489],[-118.08798,34.10393],[-118.08847,34.10393],[-118.08848,34.10434],[-118.09019,34.10432],[-118.0902,34.10488],[-118.09037,34.10488],[-118.09037,34.10532],[-118.08869,34.10532],[-118.0887,34.10634],[-118.08661,34.10634],[-118.08664,34.10811],[-118.09092,34.10808],[-118.09105,34.11411],[-118.08988,34.11411],[-118.08989,34.11469],[-118.0913,34.11468],[-118.09131,34.11528],[-118.09804,34.11528],[-118.09964,34.1136],[-118.09965,34.11347],[-118.10641,34.11341],[-118.10642,34.11383],[-118.10675,34.11383],[-118.10742,34.11382],[-118.10741,34.11339],[-118.10856,34.11338],[-118.10858,34.11427],[-118.11404,34.1137],[-118.11476,34.11354],[-118.11544,34.11329],[-118.11551,34.11326],[-118.11553,34.11325],[-118.11563,34.11321],[-118.11631,34.11274],[-118.11694,34.11203],[-118.12069,34.1066],[-118.12098,34.106],[-118.1211,34.10537],[-118.12189,34.10499],[-118.12378,34.10689],[-118.12801,34.11111],[-118.13281,34.10793],[-118.13529,34.10645],[-118.13472,34.10575],[-118.13471,34.10408],[-118.14174,34.10404],[-118.14179,34.10404],[-118.14185,34.10404],[-118.1418,34.09877],[-118.15537,34.09867],[-118.15544,34.09867],[-118.15648,34.09867],[-118.15674,34.09867],[-118.15676,34.09867],[-118.15692,34.09867],[-118.16779,34.09867],[-118.16796,34.09867],[-118.16808,34.09867],[-118.17255,34.09864],[-118.17273,34.09864],[-118.17382,34.09863],[-118.17418,34.09863],[-118.17623,34.09861],[-118.17655,34.0987],[-118.17663,34.09861],[-118.17686,34.09861],[-118.17771,34.0986],[-118.1779,34.09866],[-118.178,34.0986],[-118.17793,34.09925],[-118.178,34.09927],[-118.178,34.09944],[-118.17787,34.0994],[-118.17776,34.09966],[-118.178,34.09973],[-118.178,34.10034],[-118.17769,34.1011],[-118.17801,34.10119],[-118.17801,34.10136],[-118.17809,34.10139],[-118.17801,34.1016],[-118.17801,34.10227],[-118.17786,34.10263],[-118.17832,34.10276],[-118.17816,34.10315],[-118.17801,34.10311],[-118.17801,34.10325],[-118.17811,34.10328],[-118.17784,34.10393],[-118.17801,34.10396],[-118.17801,34.10415],[-118.17808,34.10418],[-118.17801,34.10436],[-118.17801,34.10459],[-118.17808,34.10461],[-118.178,34.1048],[-118.17801,34.10545],[-118.17786,34.10581],[-118.17813,34.10588],[-118.17801,34.10612],[-118.17801,34.10691],[-118.17772,34.10701],[-118.17844,34.10718],[-118.17835,34.10733],[-118.17814,34.10728],[-118.17801,34.10765],[-118.17801,34.10823],[-118.17793,34.10845],[-118.17801,34.10846],[-118.17801,34.10896],[-118.17795,34.10895],[-118.17809,34.10936],[-118.17801,34.10938],[-118.17801,34.10967],[-118.1781,34.11003],[-118.17801,34.11005],[-118.17801,34.11033],[-118.17725,34.11046],[-118.17746,34.1109],[-118.17703,34.111],[-118.1769,34.11206],[-118.177,34.1122],[-118.17564,34.11263],[-118.17548,34.11312],[-118.17383,34.11314],[-118.1725,34.11381],[-118.17134,34.11531],[-118.169,34.11772],[-118.16888,34.11784],[-118.16885,34.11867],[-118.16901,34.11935],[-118.1689,34.11993],[-118.16795,34.12034],[-118.16748,34.12111],[-118.16805,34.12312],[-118.16802,34.12393],[-118.16847,34.12392],[-118.16827,34.12431],[-118.1676,34.12497],[-118.16579,34.12555],[-118.16583,34.12579],[-118.16598,34.12601],[-118.16599,34.12602],[-118.16615,34.12614],[-118.16636,34.12618],[-118.16644,34.12618],[-118.16674,34.12626],[-118.16673,34.12606],[-118.16718,34.12589],[-118.16722,34.12589],[-118.16723,34.12589]]]},"properties":{"DISTRICT":"1"}},
{"type":"Feature","geometry":{"type":"Polygon","coordinates":[[[-118.3587,33.86322],[-118.35897,33.86373],[-118.35897,33.86555],[-118.3525,33.86555],[-118.35252,33.87423],[-118.352,33.87458],[-118.35049,33.87501],[-118.35049,33.87507],[-118.34365,33.87729],[-118.33958,33.8786],[-118.33898,33.87879],[-118.33727,33.87934],[-118.33403,33.88039],[-118.33219,33.88098],[-118.3135,33.88703],[-118.31342,33.87295],[-118.30906,33.87296],[-118.30906,33.8657],[-118.30926,33.8657],[-118.30925,33.85752],[-118.30892,33.81704],[-118.2985,33.8132],[-118.29903,33.8034],[-118.29963,33.80342],[-118.29965,33.80282],[-118.29906,33.8028],[-118.29912,33.7977],[-118.29275,33.79767],[-118.29083,33.79767],[-118.28296,33.79763],[-118.283,33.79819],[-118.2646,33.79914],[-118.26464,33.80455],[-118.25669,33.80478],[-118.25862,33.79944],[-118.23753,33.80051],[-118.23005,33.79256],[-118.22947,33.79368],[-118.22835,33.79672],[-118.22821,33.79741],[-118.22734,33.7999],[-118.22457,33.80438],[-118.22416,33.80526],[-118.22414,33.80532],[-118.22392,33.80655],[-118.22392,33.80661],[-118.22407,33.8078],[-118.2241,33.80788],[-118.2254,33.81101],[-118.22808,33.8242],[-118.22852,33.82438],[-118.22662,33.82949],[-118.22469,33.82439],[-118.2223,33.82439],[-118.2223,33.82561],[-118.22062,33.82561],[-118.2206,33.82567],[-118.22011,33.82571],[-118.21774,33.82573],[-118.21568,33.82592],[-118.21671,33.82941],[-118.21682,33.83008],[-118.21681,33.83167],[-118.21666,33.83186],[-118.21672,33.83191],[-118.21665,33.83226],[-118.2159,33.83428],[-118.21343,33.83429],[-118.21283,33.83547],[-118.21242,33.83608],[-118.2113,33.83909],[-118.20777,33.83908],[-118.20617,33.84522],[-118.20592,33.84649],[-118.2059,33.84671],[-118.20661,33.84672],[-118.20668,33.8475],[-118.20664,33.84859],[-118.20617,33.84859],[-118.20592,33.8487],[-118.20579,33.84884],[-118.20519,33.85281],[-118.20479,33.85421],[-118.20424,33.8556],[-118.20325,33.85743],[-118.20136,33.86012],[-118.20135,33.86014],[-118.20134,33.86016],[-118.20133,33.86017],[-118.2013,33.86021],[-118.20129,33.86023],[-118.20128,33.86026],[-118.20127,33.86028],[-118.20126,33.8603],[-118.20118,33.86052],[-118.20117,33.86054],[-118.20117,33.86056],[-118.20116,33.86056],[-118.20116,33.86059],[-118.20114,33.86079],[-118.20114,33.86082],[-118.20114,33.86091],[-118.20339,33.8611],[-118.20619,33.87046],[-118.20553,33.87047],[-118.20551,33.87433],[-118.20712,33.87432],[-118.20713,33.87494],[-118.20799,33.87494],[-118.20798,33.87443],[-118.20815,33.87443],[-118.20815,33.87481],[-118.20851,33.8748],[-118.20855,33.88079],[-118.20888,33.88079],[-118.20889,33.88131],[-118.18787,33.88146],[-118.1875,33.88302],[-118.18719,33.88545],[-118.18806,33.88545],[-118.18692,33.89253],[-118.18434,33.89256],[-118.18412,33.88926],[-118.18237,33.88925],[-118.17996,33.89273],[-118.18007,33.89273],[-118.18013,33.89264],[-118.18168,33.89262],[-118.18178,33.8942],[-118.18226,33.8942],[-118.18239,33.89619],[-118.18532,33.89616],[-118.18573,33.89475],[-118.18816,33.89472],[-118.18797,33.89614],[-118.18801,33.8963],[-118.18798,33.8964],[-118.18788,33.89699],[-118.18787,33.897],[-118.18785,33.89712],[-118.18779,33.89739],[-118.18778,33.89746],[-118.18771,33.8978],[-118.1877,33.89783],[-118.18767,33.89801],[-118.18767,33.89805],[-118.18763,33.89823],[-118.18759,33.89853],[-118.18755,33.89875],[-118.18754,33.89888],[-118.18747,33.89913],[-118.18747,33.89918],[-118.18739,33.89991],[-118.18738,33.89996],[-118.18736,33.90005],[-118.18735,33.90011],[-118.18733,33.90023],[-118.18731,33.90032],[-118.18721,33.90083],[-118.18719,33.90089],[-118.18707,33.9014],[-118.18703,33.90158],[-118.18697,33.90176],[-118.18697,33.90182],[-118.18697,33.90228],[-118.18733,33.90296],[-118.18746,33.90317],[-118.18779,33.90342],[-118.18781,33.90363],[-118.18766,33.90363],[-118.18766,33.90382],[-118.18721,33.9039],[-118.18707,33.90399],[-118.18705,33.904],[-118.18686,33.90432],[-118.18653,33.90458],[-118.1865,33.9046],[-118.18648,33.90461],[-118.1864,33.90465],[-118.1862,33.90474],[-118.18631,33.9048],[-118.18634,33.90483],[-118.18635,33.90483],[-118.18637,33.90486],[-118.18638,33.90486],[-118.18642,33.90492],[-118.18646,33.90499],[-118.18649,33.90507],[-118.18649,33.90509],[-118.1866,33.90525],[-118.18719,33.90531],[-118.18686,33.90708],[-118.18939,33.90732],[-118.18961,33.90613],[-118.1902,33.90618],[-118.19027,33.90577],[-118.19584,33.90627],[-118.19457,33.90937],[-118.19448,33.90934],[-118.19384,33.91091],[-118.19503,33.91125],[-118.19703,33.90638],[-118.20001,33.90666],[-118.1984,33.91056],[-118.20583,33.91268],[-118.20645,33.91054],[-118.21391,33.91315],[-118.21398,33.91264],[-118.21695,33.91232],[-118.21837,33.92136],[-118.21858,33.92149],[-118.21864,33.92176],[-118.21995,33.92303],[-118.21995,33.92231],[-118.2245,33.92231],[-118.22464,33.92315],[-118.22882,33.92269],[-118.23027,33.92901],[-118.22896,33.92898],[-118.22667,33.92913],[-118.2256,33.92929],[-118.22683,33.93711],[-118.22834,33.93695],[-118.2284,33.93736],[-118.22917,33.93728],[-118.22866,33.93901],[-118.22949,33.94302],[-118.22743,33.94301],[-118.23138,33.96095],[-118.22937,33.96125],[-118.23025,33.96199],[-118.23025,33.97473],[-118.2377,33.97473],[-118.2377,33.97716],[-118.23899,33.97716],[-118.23901,33.98941],[-118.23795,33.9894],[-118.23949,34.00751],[-118.23968,34.01114],[-118.23972,34.0148],[-118.23965,34.01529],[-118.23965,34.018],[-118.24415,34.01901],[-118.25165,34.02325],[-118.252,34.02288],[-118.25862,34.02581],[-118.25857,34.02589],[-118.26277,34.02771],[-118.2617,34.02939],[-118.26151,34.02953],[-118.26679,34.03194],[-118.27021,34.02676],[-118.27169,34.02742],[-118.27228,34.02648],[-118.27448,34.02747],[-118.27433,34.02811],[-118.27426,34.02894],[-118.27451,34.03349],[-118.27392,34.03806],[-118.2759,34.03806],[-118.27885,34.03791],[-118.28049,34.03771],[-118.28402,34.03704],[-118.28411,34.03986],[-118.28453,34.04005],[-118.29157,34.04001],[-118.2916,34.04726],[-118.28414,34.04729],[-118.28421,34.05995],[-118.28231,34.06287],[-118.28431,34.06372],[-118.2844,34.074],[-118.28379,34.07511],[-118.28326,34.07594],[-118.28305,34.07613],[-118.2844,34.07672],[-118.28629,34.0767],[-118.28682,34.07648],[-118.28682,34.07634],[-118.2917,34.07633],[-118.32642,34.07623],[-118.32689,34.07616],[-118.32788,34.07579],[-118.32846,34.07572],[-118.33125,34.07612],[-118.33423,34.07612],[-118.33471,34.0762],[-118.33473,34.0765],[-118.33417,34.07869],[-118.33416,34.08032],[-118.34406,34.08027],[-118.34403,34.0689],[-118.34514,34.06889],[-118.34563,34.06889],[-118.34801,34.06932],[-118.35321,34.07035],[-118.35322,34.07614],[-118.36144,34.07611],[-118.36139,34.06297],[-118.37228,34.06426],[-118.37204,34.06387],[-118.37226,34.06221],[-118.37601,34.05997],[-118.37602,34.05962],[-118.37617,34.05961],[-118.37616,34.04715],[-118.37684,34.04448],[-118.37675,34.04392],[-118.37645,34.04305],[-118.37641,34.04253],[-118.37727,34.0393],[-118.37722,34.03818],[-118.37871,34.03167],[-118.38422,34.03022],[-118.38641,34.02891],[-118.38667,34.02921],[-118.38681,34.02913],[-118.38719,34.02941],[-118.3929,34.02613],[-118.39346,34.02537],[-118.39382,34.02554],[-118.39395,34.02571],[-118.39421,34.02556],[-118.3941,34.02531],[-118.3943,34.0252],[-118.39433,34.02524],[-118.39556,34.02452],[-118.39577,34.02448],[-118.39836,34.02292],[-118.39749,34.02179],[-118.39911,34.02079],[-118.3995,34.0213],[-118.40025,34.02086],[-118.40056,34.02126],[-118.40048,34.0213],[-118.40062,34.02148],[-118.4013,34.02109],[-118.40044,34.01998],[-118.40546,34.01706],[-118.40565,34.01689],[-118.40698,34.01861],[-118.42138,34.01042],[-118.42007,34.00876],[-118.41938,34.00914],[-118.41736,34.00658],[-118.42109,34.00436],[-118.41818,34.00068],[-118.4193,33.99996],[-118.41932,33.99959],[-118.41976,33.99957],[-118.41967,33.9992],[-118.41991,33.99914],[-118.42028,33.99874],[-118.42056,33.99863],[-118.42096,33.9988],[-118.42105,33.99862],[-118.42152,33.99862],[-118.42154,33.99856],[-118.42419,33.99827],[-118.42431,33.99821],[-118.4243,33.99826],[-118.4259,33.99809],[-118.42836,34.00132],[-118.4307,34.00009],[-118.43038,33.99967],[-118.43553,33.99695],[-118.43575,33.99696],[-118.44247,33.9936],[-118.44339,33.99537],[-118.44432,33.99472],[-118.44425,33.99465],[-118.4447,33.99434],[-118.44888,33.99326],[-118.45219,33.98843],[-118.4547,33.98834],[-118.45871,33.98796],[-118.45862,33.98751],[-118.45827,33.98752],[-118.4548,33.98661],[-118.45508,33.98643],[-118.45488,33.98636],[-118.4633,33.981],[-118.46339,33.98095],[-118.46349,33.98106],[-118.46798,33.97838],[-118.46392,33.97325],[-118.46234,33.97109],[-118.46101,33.96909],[-118.45986,33.9667],[-118.45955,33.9655],[-118.45956,33.96442],[-118.45967,33.96397],[-118.45978,33.96381],[-118.4574,33.96192],[-118.45502,33.96054],[-118.4537,33.9595],[-118.453,33.95873],[-118.45238,33.95782],[-118.45185,33.95685],[-118.45124,33.95604],[-118.44884,33.95197],[-118.44798,33.95033],[-118.4471,33.94902],[-118.44591,33.94675],[-118.44545,33.94607],[-118.44471,33.94452],[-118.44364,33.94272],[-118.44269,33.94052],[-118.4422,33.94055],[-118.44176,33.94014],[-118.44068,33.9385],[-118.43735,33.93139],[-118.4369,33.93038],[-118.43684,33.93007],[-118.43655,33.92974],[-118.43377,33.92405],[-118.43174,33.92075],[-118.43042,33.91825],[-118.42989,33.91706],[-118.42963,33.91702],[-118.4291,33.91651],[-118.42901,33.91633],[-118.42984,33.91633],[-118.42801,33.91258],[-118.42752,33.91134],[-118.42744,33.91082],[-118.42675,33.91103],[-118.42582,33.90995],[-118.4245,33.90768],[-118.42325,33.90491],[-118.42303,33.90499],[-118.42257,33.90377],[-118.42152,33.90169],[-118.42103,33.90041],[-118.41943,33.89724],[-118.41662,33.8911],[-118.41583,33.88979],[-118.41552,33.88909],[-118.41478,33.88787],[-118.41148,33.88175],[-118.40768,33.87378],[-118.40754,33.87333],[-118.40497,33.8678],[-118.40384,33.865],[-118.40292,33.8622],[-118.40269,33.86176],[-118.40229,33.86023],[-118.40131,33.85735],[-118.3995,33.85253],[-118.39943,33.85128],[-118.39929,33.85085],[-118.39928,33.85067],[-118.40072,33.85016],[-118.4013,33.8498],[-118.40168,33.84939],[-118.40187,33.84891],[-118.40173,33.84883],[-118.40134,33.84901],[-118.40118,33.8489],[-118.40116,33.84898],[-118.40043,33.84888],[-118.40034,33.84894],[-118.40042,33.84914],[-118.40014,33.84922],[-118.40042,33.85004],[-118.39755,33.85105],[-118.3974,33.85098],[-118.39675,33.8492],[-118.39993,33.84843],[-118.3998,33.84834],[-118.399,33.84717],[-118.39879,33.847],[-118.39858,33.84723],[-118.39896,33.84829],[-118.39663,33.84888],[-118.39646,33.84842],[-118.39589,33.84857],[-118.39465,33.84513],[-118.39657,33.84465],[-118.3974,33.84684],[-118.39772,33.84677],[-118.39801,33.84656],[-118.39813,33.84659],[-118.39822,33.84613],[-118.39651,33.84387],[-118.3951,33.84408],[-118.39449,33.84402],[-118.39389,33.8437],[-118.39384,33.84358],[-118.39349,33.84332],[-118.39334,33.84312],[-118.39321,33.84233],[-118.39254,33.84187],[-118.39212,33.84195],[-118.39217,33.84249],[-118.39176,33.84261],[-118.39082,33.84083],[-118.39085,33.84075],[-118.39111,33.84066],[-118.39108,33.84059],[-118.39098,33.8406],[-118.39115,33.84053],[-118.39156,33.84139],[-118.39191,33.84147],[-118.39221,33.84139],[-118.3922,33.84125],[-118.392,33.841],[-118.3923,33.84089],[-118.39211,33.84049],[-118.39187,33.84058],[-118.39163,33.8396],[-118.39125,33.83875],[-118.39105,33.8388],[-118.39077,33.83806],[-118.39047,33.83624],[-118.39048,33.83483],[-118.39067,33.83356],[-118.39097,33.83224],[-118.39118,33.83199],[-118.39122,33.83178],[-118.39094,33.83109],[-118.3909,33.83078],[-118.39107,33.82774],[-118.39099,33.82621],[-118.39085,33.82553],[-118.39079,33.82457],[-118.3906,33.81965],[-118.391,33.81689],[-118.39122,33.81628],[-118.39145,33.81522],[-118.39062,33.81519],[-118.38893,33.815],[-118.38877,33.81517],[-118.38848,33.8151],[-118.38832,33.81523],[-118.38792,33.81464],[-118.38717,33.81481],[-118.38687,33.81478],[-118.38538,33.81626],[-118.38598,33.81668],[-118.3851,33.81762],[-118.38543,33.81782],[-118.38524,33.81902],[-118.38429,33.81891],[-118.38363,33.81874],[-118.38356,33.81872],[-118.38284,33.81839],[-118.38044,33.81685],[-118.37972,33.81651],[-118.37969,33.8165],[-118.37968,33.8165],[-118.37965,33.81649],[-118.37961,33.81647],[-118.37893,33.81632],[-118.37511,33.81581],[-118.37509,33.81581],[-118.37496,33.81577],[-118.37493,33.81576],[-118.3749,33.81575],[-118.37488,33.81574],[-118.37485,33.81573],[-118.37483,33.81572],[-118.37479,33.8157],[-118.37444,33.81548],[-118.37443,33.82741],[-118.37286,33.82728],[-118.37836,33.8549],[-118.37506,33.85606],[-118.3755,33.85827],[-118.35378,33.8583],[-118.35379,33.85845],[-118.35329,33.85875],[-118.35684,33.86142],[-118.35684,33.86133],[-118.35762,33.86191],[-118.35816,33.86244],[-118.35862,33.86309],[-118.3587,33.86322]]]},"properties":{"DISTRICT":"2"}},
{"type":"Feature","geometry":{"type":"Polygon","coordinates":[[[-118.41876,34.32952],[-118.41902,34.32989],[-118.41947,34.32989],[-118.41948,34.32917],[-118.42,34.32917],[-118.41999,34.32989],[-118.44943,34.32994],[-118.47683,34.33019],[-118.48441,34.33029],[-118.49294,34.33078],[-118.50382,34.33731],[-118.53402,34.31454],[-118.54631,34.31734],[-118.54552,34.31566],[-118.54711,34.31336],[-118.54573,34.31004],[-118.54368,34.30572],[-118.54431,34.30395],[-118.54335,34.30326],[-118.5426,34.30137],[-118.54157,34.30022],[-118.54083,34.29882],[-118.54672,34.29788],[-118.54982,34.29698],[-118.55405,34.29642],[-118.55445,34.29657],[-118.5548,34.29713],[-118.5574,34.29925],[-118.55978,34.2992],[-118.56211,34.29879],[-118.56356,34.29785],[-118.56448,34.29689],[-118.5661,34.29582],[-118.56872,34.29464],[-118.57016,34.29536],[-118.57017,34.29581],[-118.57103,34.29694],[-118.57159,34.29795],[-118.57177,34.29862],[-118.5851,34.30348],[-118.5872,34.3031],[-118.59162,34.28757],[-118.59084,34.28251],[-118.59218,34.28236],[-118.59192,34.2807],[-118.59171,34.28027],[-118.59201,34.27922],[-118.59256,34.27805],[-118.59373,34.27722],[-118.59615,34.27462],[-118.6043,34.27763],[-118.60591,34.27791],[-118.60747,34.27786],[-118.62279,34.27573],[-118.62508,34.2752],[-118.62694,34.27447],[-118.62865,34.27352],[-118.62956,34.27286],[-118.63349,34.26967],[-118.63256,34.26343],[-118.63266,34.24839],[-118.63252,34.2404],[-118.66773,34.24035],[-118.66782,34.2058],[-118.66813,34.19354],[-118.66818,34.1877],[-118.66816,34.1682],[-118.69454,34.16857],[-118.712,34.16862],[-118.72336,34.1679],[-118.7889,34.16822],[-118.86354,34.12243],[-118.94098,34.07484],[-118.9447,34.04501],[-118.94264,34.04469],[-118.93946,34.04401],[-118.93777,34.04355],[-118.93771,34.0435],[-118.93779,34.04333],[-118.93771,34.04315],[-118.9376,34.04351],[-118.93744,34.04354],[-118.9372,34.04326],[-118.93709,34.04339],[-118.93694,34.04335],[-118.93703,34.04303],[-118.93686,34.04294],[-118.93674,34.04297],[-118.9367,34.04314],[-118.93672,34.04356],[-118.93583,34.04368],[-118.93573,34.04377],[-118.93496,34.04383],[-118.93473,34.04376],[-118.93468,34.04388],[-118.93428,34.04397],[-118.93357,34.04433],[-118.93293,34.04503],[-118.93228,34.04532],[-118.92945,34.04589],[-118.9282,34.04597],[-118.92698,34.04587],[-118.92409,34.04541],[-118.92159,34.0447],[-118.92162,34.04462],[-118.92103,34.04436],[-118.92098,34.04448],[-118.9185,34.04345],[-118.9174,34.04285],[-118.91701,34.04254],[-118.91636,34.04218],[-118.91539,34.04176],[-118.91246,34.04187],[-118.91064,34.04213],[-118.90786,34.04183],[-118.9066,34.04147],[-118.90635,34.04156],[-118.90569,34.04159],[-118.90438,34.04153],[-118.90185,34.04111],[-118.89978,34.04039],[-118.89874,34.03993],[-118.89631,34.03927],[-118.89561,34.03919],[-118.89418,34.03932],[-118.89349,34.03919],[-118.8927,34.03891],[-118.89232,34.03887],[-118.89105,34.03919],[-118.89064,34.03922],[-118.88946,34.0389],[-118.88828,34.03869],[-118.88375,34.03824],[-118.87555,34.03792],[-118.8725,34.03741],[-118.8694,34.03653],[-118.86511,34.03551],[-118.86291,34.03482],[-118.8623,34.03443],[-118.86191,34.03429],[-118.86157,34.03438],[-118.8609,34.03525],[-118.85989,34.03527],[-118.85987,34.03539],[-118.85814,34.03514],[-118.85735,34.03483],[-118.85618,34.03468],[-118.85458,34.03422],[-118.85148,34.03312],[-118.85145,34.03316],[-118.85009,34.0327],[-118.84709,34.03142],[-118.84541,34.03043],[-118.84475,34.03013],[-118.84483,34.03003],[-118.8441,34.02965],[-118.84421,34.02952],[-118.8437,34.02925],[-118.84359,34.02938],[-118.84122,34.02799],[-118.8378,34.0258],[-118.83569,34.02436],[-118.83101,34.02095],[-118.82523,34.0169],[-118.82083,34.01339],[-118.82004,34.01263],[-118.81996,34.01256],[-118.81987,34.01263],[-118.81934,34.0123],[-118.81797,34.01131],[-118.81574,34.00916],[-118.81397,34.00692],[-118.81184,34.00485],[-118.80998,34.00257],[-118.80922,34.00191],[-118.80878,34.00166],[-118.80858,34.00137],[-118.80842,34.00126],[-118.80812,34.00122],[-118.80737,34.00044],[-118.80698,34.00034],[-118.80624,34.00032],[-118.80544,34.00044],[-118.8051,34.00065],[-118.80491,34.00106],[-118.80483,34.00154],[-118.80497,34.00228],[-118.80489,34.00267],[-118.80391,34.00416],[-118.803,34.00507],[-118.80165,34.00572],[-118.79967,34.0063],[-118.79776,34.00665],[-118.79586,34.00682],[-118.79489,34.00713],[-118.79438,34.00746],[-118.79396,34.00824],[-118.79387,34.00876],[-118.79409,34.00935],[-118.79413,34.00997],[-118.79402,34.0105],[-118.79397,34.01059],[-118.79389,34.01057],[-118.79357,34.01109],[-118.79248,34.01211],[-118.79225,34.01317],[-118.79157,34.01411],[-118.79096,34.01474],[-118.7905,34.01594],[-118.79011,34.01646],[-118.79006,34.01637],[-118.78827,34.01825],[-118.78788,34.0188],[-118.78669,34.02005],[-118.78627,34.0204],[-118.7854,34.0209],[-118.78362,34.02167],[-118.78111,34.0224],[-118.77889,34.02281],[-118.77286,34.02411],[-118.77286,34.02405],[-118.76986,34.02454],[-118.76985,34.02447],[-118.76908,34.02471],[-118.76621,34.0252],[-118.7662,34.02495],[-118.76579,34.02498],[-118.7658,34.02521],[-118.76371,34.02548],[-118.76053,34.0255],[-118.75856,34.0256],[-118.75665,34.02584],[-118.75619,34.02599],[-118.75589,34.02589],[-118.75573,34.02592],[-118.75563,34.02601],[-118.75549,34.02662],[-118.7552,34.02691],[-118.75478,34.0276],[-118.7547,34.02797],[-118.7536,34.02865],[-118.75365,34.02872],[-118.75336,34.02892],[-118.75264,34.02907],[-118.75197,34.02968],[-118.75053,34.03042],[-118.74876,34.03118],[-118.74744,34.03161],[-118.74612,34.03186],[-118.74441,34.03233],[-118.74364,34.03237],[-118.74287,34.03254],[-118.74273,34.03251],[-118.74172,34.03275],[-118.738,34.03309],[-118.73652,34.03308],[-118.73626,34.03301],[-118.73591,34.03304],[-118.73323,34.03282],[-118.73041,34.03251],[-118.73009,34.03248],[-118.73008,34.03256],[-118.72927,34.03248],[-118.72876,34.03242],[-118.72829,34.03224],[-118.72826,34.03242],[-118.7281,34.0324],[-118.72811,34.03233],[-118.726,34.032],[-118.72488,34.03198],[-118.72107,34.03149],[-118.72108,34.03142],[-118.72069,34.03134],[-118.71921,34.03119],[-118.71655,34.03146],[-118.7153,34.03139],[-118.7138,34.0312],[-118.70777,34.02979],[-118.70651,34.02963],[-118.70562,34.02982],[-118.70456,34.03022],[-118.7013,34.03077],[-118.69971,34.03141],[-118.69873,34.03156],[-118.69827,34.03176],[-118.6976,34.03194],[-118.69394,34.03239],[-118.69244,34.03238],[-118.69092,34.03223],[-118.688,34.03171],[-118.6865,34.03138],[-118.68569,34.03108],[-118.68388,34.03075],[-118.68269,34.0307],[-118.68235,34.03078],[-118.68138,34.03112],[-118.68102,34.03115],[-118.6805,34.03151],[-118.67986,34.03182],[-118.6797,34.03206],[-118.67916,34.03241],[-118.67903,34.03267],[-118.67908,34.03281],[-118.67846,34.03392],[-118.67842,34.03482],[-118.67829,34.0352],[-118.67767,34.03626],[-118.67722,34.03664],[-118.67567,34.03737],[-118.67323,34.03821],[-118.67067,34.03865],[-118.67021,34.03864],[-118.66924,34.03877],[-118.66924,34.03871],[-118.66908,34.03872],[-118.66908,34.0388],[-118.66882,34.03883],[-118.66826,34.03881],[-118.66825,34.03873],[-118.66807,34.03874],[-118.66806,34.03866],[-118.66757,34.03869],[-118.66758,34.03886],[-118.6666,34.03891],[-118.66658,34.03872],[-118.66609,34.03869],[-118.66579,34.03871],[-118.6658,34.03892],[-118.66284,34.03886],[-118.65946,34.03858],[-118.65783,34.03854],[-118.65102,34.0376],[-118.64885,34.0374],[-118.64782,34.03809],[-118.6463,34.03812],[-118.64372,34.03782],[-118.6361,34.0362],[-118.63547,34.03625],[-118.63468,34.03675],[-118.63412,34.03692],[-118.6323,34.03697],[-118.62705,34.03683],[-118.62571,34.03715],[-118.62536,34.0374],[-118.62476,34.03765],[-118.6232,34.03777],[-118.61884,34.03745],[-118.61495,34.03684],[-118.61433,34.03693],[-118.61232,34.0369],[-118.61025,34.03646],[-118.60945,34.03645],[-118.60821,34.03696],[-118.60738,34.03764],[-118.60659,34.03804],[-118.60519,34.0385],[-118.6046,34.03877],[-118.60338,34.03907],[-118.60278,34.03913],[-118.60225,34.03909],[-118.60203,34.03918],[-118.60101,34.03915],[-118.60039,34.03922],[-118.59989,34.03916],[-118.5986,34.03928],[-118.59751,34.0391],[-118.59701,34.03911],[-118.59516,34.03968],[-118.59361,34.03952],[-118.59267,34.03957],[-118.59184,34.03952],[-118.58985,34.03913],[-118.58927,34.03913],[-118.58927,34.03907],[-118.58862,34.03883],[-118.58814,34.03895],[-118.586,34.03832],[-118.58439,34.03772],[-118.58328,34.03773],[-118.58275,34.0379],[-118.58246,34.03824],[-118.58134,34.03851],[-118.58076,34.03916],[-118.58015,34.03943],[-118.57925,34.03961],[-118.57831,34.03969],[-118.57707,34.03968],[-118.57602,34.03952],[-118.57519,34.03988],[-118.57387,34.04084],[-118.57197,34.04151],[-118.57108,34.04164],[-118.56981,34.04159],[-118.56889,34.04165],[-118.56602,34.04119],[-118.56529,34.04117],[-118.56448,34.04099],[-118.56006,34.03946],[-118.55643,34.03797],[-118.55621,34.03806],[-118.55526,34.03787],[-118.55414,34.03792],[-118.55272,34.03867],[-118.55076,34.03916],[-118.55012,34.03925],[-118.54637,34.03888],[-118.54528,34.03864],[-118.54156,34.03718],[-118.53751,34.03521],[-118.53629,34.0349],[-118.53487,34.03412],[-118.53342,34.03364],[-118.53161,34.03271],[-118.53075,34.03235],[-118.53048,34.03249],[-118.53003,34.03237],[-118.52906,34.0319],[-118.5279,34.03118],[-118.52763,34.03109],[-118.52722,34.0311],[-118.52687,34.03098],[-118.52436,34.02951],[-118.5195,34.02632],[-118.51645,34.02405],[-118.51497,34.02315],[-118.5136,34.02197],[-118.51197,34.02076],[-118.50466,34.01491],[-118.50383,34.01421],[-118.50003,34.01052],[-118.49923,34.00993],[-118.49808,34.00892],[-118.49561,34.00718],[-118.49401,34.00576],[-118.48821,33.99986],[-118.48183,33.99286],[-118.47781,33.98797],[-118.47697,33.98679],[-118.47667,33.98606],[-118.47675,33.98573],[-118.47693,33.98553],[-118.47691,33.98529],[-118.47674,33.9853],[-118.47623,33.98558],[-118.47574,33.98558],[-118.47485,33.98532],[-118.47431,33.98495],[-118.47258,33.98348],[-118.47127,33.98212],[-118.47112,33.9821],[-118.47099,33.98197],[-118.46798,33.97838],[-118.46349,33.98106],[-118.46339,33.98095],[-118.4633,33.981],[-118.45488,33.98636],[-118.45508,33.98643],[-118.4548,33.98661],[-118.45827,33.98752],[-118.45862,33.98751],[-118.45871,33.98796],[-118.4547,33.98834],[-118.45219,33.98843],[-118.44888,33.99326],[-118.4447,33.99434],[-118.44425,33.99465],[-118.44432,33.99472],[-118.44339,33.99537],[-118.44247,33.9936],[-118.43575,33.99696],[-118.43553,33.99695],[-118.43038,33.99967],[-118.4307,34.00009],[-118.42836,34.00132],[-118.4259,33.99809],[-118.4243,33.99826],[-118.42431,33.99821],[-118.42419,33.99827],[-118.42154,33.99856],[-118.42152,33.99862],[-118.42105,33.99862],[-118.42096,33.9988],[-118.42056,33.99863],[-118.42028,33.99874],[-118.41991,33.99914],[-118.41967,33.9992],[-118.41976,33.99957],[-118.41932,33.99959],[-118.4193,33.99996],[-118.41818,34.00068],[-118.42109,34.00436],[-118.41736,34.00658],[-118.41938,34.00914],[-118.42007,34.00876],[-118.42138,34.01042],[-118.40698,34.01861],[-118.40565,34.01689],[-118.40546,34.01706],[-118.40044,34.01998],[-118.4013,34.02109],[-118.40062,34.02148],[-118.40048,34.0213],[-118.40056,34.02126],[-118.40025,34.02086],[-118.3995,34.0213],[-118.39911,34.02079],[-118.39749,34.02179],[-118.39836,34.02292],[-118.39577,34.02448],[-118.39556,34.02452],[-118.39433,34.02524],[-118.3943,34.0252],[-118.3941,34.02531],[-118.39421,34.02556],[-118.39395,34.02571],[-118.39382,34.02554],[-118.39346,34.02537],[-118.3929,34.02613],[-118.38719,34.02941],[-118.38681,34.02913],[-118.38667,34.02921],[-118.38641,34.02891],[-118.38422,34.03022],[-118.37871,34.03167],[-118.37722,34.03818],[-118.37727,34.0393],[-118.37641,34.04253],[-118.37645,34.04305],[-118.37675,34.04392],[-118.37684,34.04448],[-118.37616,34.04715],[-118.37617,34.05961],[-118.37602,34.05962],[-118.37601,34.05997],[-118.37226,34.06221],[-118.37204,34.06387],[-118.37228,34.06426],[-118.36139,34.06297],[-118.36144,34.07611],[-118.35322,34.07614],[-118.35321,34.07035],[-118.34801,34.06932],[-118.34563,34.06889],[-118.34514,34.06889],[-118.34403,34.0689],[-118.34406,34.08027],[-118.33416,34.08032],[-118.33417,34.07869],[-118.33473,34.0765],[-118.33471,34.0762],[-118.33423,34.07612],[-118.33125,34.07612],[-118.32846,34.07572],[-118.32788,34.07579],[-118.32689,34.07616],[-118.32642,34.07623],[-118.2917,34.07633],[-118.29172,34.08359],[-118.29884,34.08357],[-118.30046,34.08469],[-118.30049,34.09083],[-118.30919,34.09077],[-118.30929,34.10539],[-118.31324,34.10538],[-118.31535,34.10528],[-118.32635,34.10521],[-118.32749,34.10546],[-118.32803,34.1055],[-118.32937,34.10527],[-118.33749,34.10519],[-118.33751,34.1049],[-118.33771,34.10457],[-118.33834,34.10416],[-118.34389,34.10414],[-118.34431,34.10644],[-118.34442,34.10659],[-118.34529,34.10716],[-118.34557,34.10758],[-118.34561,34.10842],[-118.34592,34.10961],[-118.346,34.11066],[-118.3462,34.11131],[-118.34602,34.11166],[-118.34527,34.11204],[-118.34475,34.11263],[-118.34406,34.11322],[-118.34391,34.1135],[-118.34391,34.11379],[-118.34421,34.1144],[-118.34427,34.11484],[-118.34451,34.11519],[-118.34478,34.11531],[-118.34576,34.11541],[-118.34721,34.11587],[-118.34765,34.1161],[-118.34787,34.11633],[-118.34807,34.11712],[-118.34854,34.11769],[-118.34855,34.11829],[-118.34843,34.11891],[-118.34813,34.11907],[-118.34785,34.11894],[-118.34766,34.11844],[-118.34744,34.11813],[-118.3472,34.1181],[-118.34695,34.11828],[-118.34714,34.11852],[-118.34745,34.11997],[-118.34757,34.12015],[-118.34787,34.12028],[-118.34895,34.12027],[-118.34938,34.12014],[-118.3498,34.12015],[-118.35023,34.11999],[-118.3511,34.12007],[-118.3517,34.11984],[-118.35248,34.11981],[-118.35289,34.11957],[-118.3532,34.1196],[-118.35393,34.12039],[-118.35439,34.12068],[-118.35483,34.12111],[-118.35585,34.12129],[-118.35675,34.12196],[-118.35762,34.12201],[-118.35805,34.12214],[-118.35938,34.12293],[-118.35942,34.1231],[-118.35933,34.12323],[-118.35819,34.12354],[-118.35802,34.12366],[-118.35799,34.12385],[-118.35916,34.12501],[-118.35928,34.12556],[-118.35942,34.12573],[-118.36042,34.12608],[-118.36062,34.12622],[-118.36069,34.1265],[-118.36038,34.12699],[-118.36035,34.12731],[-118.36053,34.12768],[-118.36086,34.12798],[-118.36155,34.12823],[-118.3627,34.12818],[-118.36333,34.12824],[-118.36549,34.12892],[-118.36599,34.12897],[-118.3668,34.12894],[-118.36751,34.1294],[-118.36959,34.12922],[-118.36979,34.12934],[-118.36989,34.12969],[-118.37003,34.12984],[-118.3709,34.12998],[-118.37219,34.131],[-118.37244,34.13109],[-118.37335,34.13102],[-118.37353,34.1309],[-118.37357,34.1307],[-118.37345,34.13055],[-118.37299,34.13025],[-118.37262,34.12939],[-118.37187,34.12883],[-118.37184,34.12862],[-118.372,34.12819],[-118.37169,34.12735],[-118.37135,34.12698],[-118.37135,34.12675],[-118.3716,34.12653],[-118.37249,34.12639],[-118.3727,34.12642],[-118.37298,34.1267],[-118.37326,34.12684],[-118.37355,34.12685],[-118.3739,34.1267],[-118.37407,34.12648],[-118.37423,34.12556],[-118.3747,34.12496],[-118.37478,34.12398],[-118.375,34.12374],[-118.37533,34.12357],[-118.37543,34.12373],[-118.37631,34.12439],[-118.37847,34.12532],[-118.3789,34.12567],[-118.37925,34.12647],[-118.37924,34.12698],[-118.37911,34.12743],[-118.37869,34.12796],[-118.37869,34.12834],[-118.37985,34.13024],[-118.38068,34.13091],[-118.38142,34.13168],[-118.38329,34.13225],[-118.38443,34.13215],[-118.3852,34.13215],[-118.38931,34.13249],[-118.39002,34.13267],[-118.39071,34.133],[-118.39142,34.13362],[-118.39184,34.1343],[-118.39639,34.14656],[-118.39648,34.14706],[-118.39648,34.15038],[-118.40522,34.15038],[-118.40524,34.15763],[-118.40832,34.15846],[-118.40965,34.15898],[-118.41094,34.15991],[-118.41149,34.16053],[-118.41199,34.1613],[-118.41226,34.16198],[-118.41243,34.16268],[-118.41371,34.17216],[-118.39648,34.17217],[-118.39647,34.18142],[-118.39555,34.18029],[-118.39504,34.17944],[-118.38776,34.17944],[-118.38779,34.1867],[-118.37902,34.1867],[-118.37901,34.19034],[-118.3703,34.19032],[-118.37029,34.19638],[-118.37016,34.19635],[-118.37015,34.20103],[-118.36595,34.20106],[-118.36595,34.20113],[-118.36213,34.20113],[-118.36442,34.21623],[-118.36888,34.21927],[-118.36654,34.22211],[-118.36269,34.2219],[-118.3653,34.2223],[-118.36542,34.22329],[-118.36561,34.22347],[-118.36557,34.22403],[-118.36614,34.22774],[-118.37187,34.22363],[-118.37422,34.2255],[-118.37567,34.22629],[-118.37665,34.22661],[-118.37768,34.2268],[-118.37978,34.22683],[-118.38178,34.22845],[-118.3838,34.23026],[-118.40299,34.24839],[-118.39055,34.25748],[-118.3934,34.25803],[-118.39554,34.25898],[-118.39601,34.25873],[-118.39633,34.25928],[-118.39672,34.25975],[-118.40193,34.26465],[-118.40166,34.26578],[-118.40115,34.26659],[-118.40141,34.26764],[-118.40074,34.26967],[-118.40042,34.27134],[-118.39554,34.27491],[-118.3987,34.2779],[-118.39762,34.27869],[-118.39855,34.2794],[-118.40086,34.28158],[-118.40184,34.28086],[-118.40815,34.28682],[-118.40749,34.28718],[-118.40941,34.28902],[-118.4103,34.29108],[-118.41036,34.29197],[-118.41023,34.29185],[-118.40897,34.29181],[-118.40908,34.29366],[-118.40354,34.29351],[-118.40347,34.29711],[-118.40122,34.29707],[-118.40106,34.30067],[-118.40561,34.30073],[-118.40547,34.30437],[-118.40548,34.30793],[-118.40374,34.30795],[-118.40368,34.30866],[-118.40356,34.30899],[-118.40412,34.30905],[-118.40388,34.31012],[-118.40334,34.31011],[-118.4031,34.3098],[-118.40303,34.30947],[-118.4025,34.30951],[-118.40246,34.30969],[-118.40196,34.30986],[-118.40186,34.30996],[-118.40091,34.30977],[-118.40075,34.31647],[-118.39965,34.31646],[-118.39829,34.31706],[-118.39754,34.317],[-118.39652,34.3174],[-118.39651,34.31808],[-118.3963,34.31807],[-118.39628,34.31986],[-118.40068,34.31955],[-118.40273,34.3213],[-118.40492,34.32208],[-118.40522,34.32982],[-118.41359,34.32989],[-118.4136,34.32741],[-118.41246,34.3263],[-118.41222,34.32592],[-118.4136,34.32511],[-118.4136,34.3247],[-118.41436,34.3247],[-118.41436,34.32445],[-118.4159,34.32449],[-118.41906,34.32566],[-118.42076,34.32558],[-118.42075,34.32773],[-118.4197,34.32784],[-118.41947,34.32793],[-118.41823,34.3295],[-118.41855,34.32942],[-118.41875,34.32951],[-118.41876,34.32952]]]},"properties":{"DISTRICT":"3"}},
{"type":"Feature","geometry":{"type":"MultiPolygon","coordinates":[[[[-117.92583,33.94608],[-117.9164,33.96877],[-117.94962,33.97646],[-117.94962,33.97464],[-117.95799,33.97254],[-117.95799,33.9726],[-117.96879,33.97258],[-117.97667,33.97483],[-117.97667,33.9751],[-117.98279,33.97683],[-117.98825,33.97914],[-117.9909,33.98066],[-117.993,33.98137],[-117.9936,33.98172],[-117.99371,33.9887],[-118.0018,33.98924],[-118.00239,33.98961],[-118.00263,33.98962],[-118.00839,34.00148],[-118.00882,34.00164],[-118.00971,34.00238],[-118.00983,34.00228],[-118.01135,34.00417],[-118.0105,34.00562],[-118.01226,34.00752],[-118.01262,34.01601],[-118.01324,34.01631],[-118.01324,34.01587],[-118.01555,34.01635],[-118.01565,34.01631],[-118.0162,34.01649],[-118.01685,34.0163],[-118.01856,34.01654],[-118.02248,34.01902],[-118.0357,34.02291],[-118.0361,34.02235],[-118.03717,34.02267],[-118.03739,34.02356],[-118.04672,34.0173],[-118.04681,34.01715],[-118.05572,34.01107],[-118.05592,34.01171],[-118.05581,34.01177],[-118.05726,34.01431],[-118.05618,34.01509],[-118.05752,34.01641],[-118.05604,34.01764],[-118.05511,34.01698],[-118.05532,34.01677],[-118.05505,34.01598],[-118.05264,34.0177],[-118.05032,34.01613],[-118.0478,34.01801],[-118.04841,34.01842],[-118.04722,34.01924],[-118.04687,34.0196],[-118.0477,34.02016],[-118.04493,34.02064],[-118.04388,34.02131],[-118.04482,34.02194],[-118.04427,34.02315],[-118.04074,34.02534],[-118.04168,34.02644],[-118.04408,34.02715],[-118.04571,34.02888],[-118.04714,34.02931],[-118.04813,34.02888],[-118.04817,34.02886],[-118.04827,34.02881],[-118.0483,34.0288],[-118.04841,34.02874],[-118.04842,34.02874],[-118.0496,34.02802],[-118.04971,34.02794],[-118.0506,34.02717],[-118.05066,34.02711],[-118.05115,34.02655],[-118.05119,34.0265],[-118.05126,34.02641],[-118.05133,34.02631],[-118.05144,34.02616],[-118.05147,34.02611],[-118.05176,34.02564],[-118.05179,34.02558],[-118.05189,34.0254],[-118.0519,34.02537],[-118.05229,34.02442],[-118.05229,34.02441],[-118.0524,34.024],[-118.05241,34.02397],[-118.05294,34.0214],[-118.05295,34.02139],[-118.05504,34.02279],[-118.05572,34.02199],[-118.05623,34.0217],[-118.05672,34.02155],[-118.05785,34.02152],[-118.05812,34.02151],[-118.06122,34.02142],[-118.06118,34.02082],[-118.06904,34.02047],[-118.06906,34.02102],[-118.07292,34.02081],[-118.07302,34.02076],[-118.0741,34.02019],[-118.07584,34.01928],[-118.07604,34.01916],[-118.0761,34.01913],[-118.07638,34.01896],[-118.07642,34.01893],[-118.0765,34.01888],[-118.07661,34.0188],[-118.07672,34.01872],[-118.07673,34.01871],[-118.0768,34.01866],[-118.07682,34.01864],[-118.07687,34.0186],[-118.07691,34.01857],[-118.07694,34.01854],[-118.07699,34.0185],[-118.07703,34.01847],[-118.07707,34.01843],[-118.07711,34.0184],[-118.07714,34.01837],[-118.07719,34.01832],[-118.07721,34.01831],[-118.07738,34.01813],[-118.07747,34.01804],[-118.0775,34.01801],[-118.07761,34.01789],[-118.07765,34.01785],[-118.07773,34.01774],[-118.07789,34.01754],[-118.07794,34.01747],[-118.07829,34.01691],[-118.07901,34.01706],[-118.07916,34.01703],[-118.07911,34.01719],[-118.07905,34.01736],[-118.07904,34.01737],[-118.07901,34.01744],[-118.07893,34.01765],[-118.07888,34.01775],[-118.07886,34.01781],[-118.07883,34.01786],[-118.07877,34.018],[-118.07892,34.01796],[-118.07898,34.01794],[-118.07907,34.01792],[-118.07908,34.01792],[-118.07916,34.0179],[-118.07917,34.0179],[-118.07924,34.01789],[-118.07933,34.01787],[-118.07941,34.01786],[-118.07942,34.01786],[-118.0795,34.01785],[-118.07958,34.01783],[-118.07967,34.01782],[-118.07975,34.01782],[-118.07976,34.01782],[-118.07984,34.01781],[-118.07992,34.0178],[-118.07993,34.0178],[-118.08001,34.0178],[-118.0801,34.01779],[-118.08018,34.01779],[-118.08019,34.01779],[-118.08027,34.01779],[-118.08036,34.01779],[-118.08044,34.01779],[-118.08045,34.01779],[-118.08053,34.01779],[-118.08061,34.0178],[-118.08062,34.0178],[-118.0807,34.0178],[-118.08071,34.0178],[-118.08078,34.01781],[-118.0808,34.01781],[-118.08087,34.01781],[-118.08088,34.01782],[-118.08096,34.01782],[-118.08097,34.01782],[-118.08104,34.01783],[-118.08105,34.01783],[-118.08112,34.01784],[-118.08114,34.01785],[-118.08121,34.01786],[-118.08123,34.01786],[-118.08128,34.01787],[-118.08131,34.01787],[-118.08138,34.01788],[-118.0814,34.01789],[-118.08146,34.0179],[-118.08149,34.0179],[-118.08154,34.01792],[-118.08157,34.01792],[-118.08163,34.01793],[-118.08165,34.01794],[-118.08171,34.01795],[-118.08174,34.01796],[-118.08179,34.01798],[-118.08182,34.01798],[-118.08187,34.018],[-118.08215,34.01808],[-118.0822,34.0181],[-118.08307,34.01848],[-118.08312,34.01851],[-118.08318,34.01854],[-118.08327,34.0186],[-118.08334,34.01864],[-118.08339,34.01868],[-118.0834,34.01869],[-118.08346,34.01872],[-118.08347,34.01873],[-118.08353,34.01877],[-118.08354,34.01878],[-118.0836,34.01882],[-118.08366,34.01887],[-118.08494,34.01796],[-118.0858,34.01879],[-118.09294,34.01371],[-118.09213,34.01297],[-118.09527,34.0096],[-118.0954,34.00961],[-118.09578,34.00902],[-118.09558,34.009],[-118.09619,34.00785],[-118.09662,34.00403],[-118.09741,34.0013],[-118.10341,33.99956],[-118.10401,33.99834],[-118.1044,33.99781],[-118.10448,33.99744],[-118.10464,33.99726],[-118.10491,33.99713],[-118.10562,33.99616],[-118.10724,33.99469],[-118.10842,33.99394],[-118.10867,33.99335],[-118.10979,33.99381],[-118.11139,33.99173],[-118.11149,33.99195],[-118.11157,33.99184],[-118.11148,33.99161],[-118.112,33.99086],[-118.11435,33.98893],[-118.11494,33.98763],[-118.11526,33.9865],[-118.11532,33.98585],[-118.11547,33.98591],[-118.11569,33.98373],[-118.11581,33.98336],[-118.11615,33.98277],[-118.11648,33.98176],[-118.11642,33.98144],[-118.11675,33.98112],[-118.11784,33.97904],[-118.11998,33.9755],[-118.12123,33.97485],[-118.12208,33.97453],[-118.12284,33.97454],[-118.12292,33.97448],[-118.12377,33.97515],[-118.12507,33.97646],[-118.12515,33.9764],[-118.13422,33.98546],[-118.13324,33.98712],[-118.12855,33.98554],[-118.12524,33.99118],[-118.12979,33.99303],[-118.12889,33.99904],[-118.12913,33.99914],[-118.1287,33.99985],[-118.12879,33.99989],[-118.12848,34.00044],[-118.12889,34.00062],[-118.12822,34.00177],[-118.12984,34.00242],[-118.12712,34.00709],[-118.12709,34.00736],[-118.12772,34.00742],[-118.12768,34.00769],[-118.12752,34.00768],[-118.12746,34.00811],[-118.14754,34.00985],[-118.14709,34.01344],[-118.14677,34.01339],[-118.14665,34.01433],[-118.14697,34.01437],[-118.14656,34.01768],[-118.14624,34.01761],[-118.14624,34.01794],[-118.15383,34.01955],[-118.15897,34.01082],[-118.17598,34.01846],[-118.17594,34.01154],[-118.18136,34.012],[-118.1814,34.01567],[-118.18734,34.01565],[-118.18735,34.01649],[-118.19225,34.01648],[-118.19224,34.01509],[-118.19145,34.01509],[-118.19143,34.01286],[-118.20033,34.01363],[-118.20064,34.01366],[-118.20293,34.01399],[-118.20507,34.01452],[-118.20504,34.01263],[-118.20538,34.01277],[-118.20699,34.01275],[-118.20829,34.01501],[-118.21271,34.01499],[-118.21271,34.0143],[-118.21474,34.01498],[-118.21561,34.01498],[-118.21716,34.0155],[-118.21716,34.01497],[-118.22324,34.01495],[-118.22341,34.01537],[-118.22372,34.01537],[-118.2237,34.01494],[-118.22581,34.01493],[-118.22582,34.01524],[-118.22746,34.0152],[-118.22759,34.01493],[-118.23972,34.0148],[-118.23968,34.01114],[-118.23949,34.00751],[-118.23795,33.9894],[-118.23901,33.98941],[-118.23899,33.97716],[-118.2377,33.97716],[-118.2377,33.97473],[-118.23025,33.97473],[-118.23025,33.96199],[-118.22937,33.96125],[-118.23138,33.96095],[-118.22743,33.94301],[-118.22949,33.94302],[-118.22866,33.93901],[-118.22917,33.93728],[-118.2284,33.93736],[-118.22834,33.93695],[-118.22683,33.93711],[-118.2256,33.92929],[-118.22667,33.92913],[-118.22896,33.92898],[-118.23027,33.92901],[-118.22882,33.92269],[-118.22464,33.92315],[-118.2245,33.92231],[-118.21995,33.92231],[-118.21995,33.92303],[-118.21864,33.92176],[-118.21858,33.92149],[-118.21837,33.92136],[-118.21695,33.91232],[-118.21398,33.91264],[-118.21391,33.91315],[-118.20645,33.91054],[-118.20583,33.91268],[-118.1984,33.91056],[-118.20001,33.90666],[-118.19703,33.90638],[-118.19503,33.91125],[-118.19384,33.91091],[-118.19448,33.90934],[-118.19457,33.90937],[-118.19584,33.90627],[-118.19027,33.90577],[-118.1902,33.90618],[-118.18961,33.90613],[-118.18939,33.90732],[-118.18686,33.90708],[-118.18719,33.90531],[-118.1866,33.90525],[-118.18649,33.90509],[-118.18649,33.90507],[-118.18646,33.90499],[-118.18642,33.90492],[-118.18638,33.90486],[-118.18637,33.90486],[-118.18635,33.90483],[-118.18634,33.90483],[-118.18631,33.9048],[-118.1862,33.90474],[-118.1864,33.90465],[-118.18648,33.90461],[-118.1865,33.9046],[-118.18653,33.90458],[-118.18686,33.90432],[-118.18705,33.904],[-118.18707,33.90399],[-118.18721,33.9039],[-118.18766,33.90382],[-118.18766,33.90363],[-118.18781,33.90363],[-118.18779,33.90342],[-118.18746,33.90317],[-118.18733,33.90296],[-118.18697,33.90228],[-118.18697,33.90182],[-118.18697,33.90176],[-118.18703,33.90158],[-118.18707,33.9014],[-118.18719,33.90089],[-118.18721,33.90083],[-118.18731,33.90032],[-118.18733,33.90023],[-118.18735,33.90011],[-118.18736,33.90005],[-118.18738,33.89996],[-118.18739,33.89991],[-118.18747,33.89918],[-118.18747,33.89913],[-118.18754,33.89888],[-118.18755,33.89875],[-118.18759,33.89853],[-118.18763,33.89823],[-118.18767,33.89805],[-118.18767,33.89801],[-118.1877,33.89783],[-118.18771,33.8978],[-118.18778,33.89746],[-118.18779,33.89739],[-118.18785,33.89712],[-118.18787,33.897],[-118.18788,33.89699],[-118.18798,33.8964],[-118.18801,33.8963],[-118.18797,33.89614],[-118.18816,33.89472],[-118.18573,33.89475],[-118.18532,33.89616],[-118.18239,33.89619],[-118.18226,33.8942],[-118.18178,33.8942],[-118.18168,33.89262],[-118.18013,33.89264],[-118.18007,33.89273],[-118.17996,33.89273],[-118.18237,33.88925],[-118.18412,33.88926],[-118.18434,33.89256],[-118.18692,33.89253],[-118.18806,33.88545],[-118.18719,33.88545],[-118.1875,33.88302],[-118.18787,33.88146],[-118.20889,33.88131],[-118.20888,33.88079],[-118.20855,33.88079],[-118.20851,33.8748],[-118.20815,33.87481],[-118.20815,33.87443],[-118.20798,33.87443],[-118.20799,33.87494],[-118.20713,33.87494],[-118.20712,33.87432],[-118.20551,33.87433],[-118.20553,33.87047],[-118.20619,33.87046],[-118.20339,33.8611],[-118.20114,33.86091],[-118.20114,33.86082],[-118.20114,33.86079],[-118.20116,33.86059],[-118.20116,33.86056],[-118.20117,33.86056],[-118.20117,33.86054],[-118.20118,33.86052],[-118.20126,33.8603],[-118.20127,33.86028],[-118.20128,33.86026],[-118.20129,33.86023],[-118.2013,33.86021],[-118.20133,33.86017],[-118.20134,33.86016],[-118.20135,33.86014],[-118.20136,33.86012],[-118.20325,33.85743],[-118.20424,33.8556],[-118.20479,33.85421],[-118.20519,33.85281],[-118.20579,33.84884],[-118.20592,33.8487],[-118.20617,33.84859],[-118.20664,33.84859],[-118.20668,33.8475],[-118.20661,33.84672],[-118.2059,33.84671],[-118.20592,33.84649],[-118.20617,33.84522],[-118.20777,33.83908],[-118.2113,33.83909],[-118.21242,33.83608],[-118.21283,33.83547],[-118.21343,33.83429],[-118.2159,33.83428],[-118.21665,33.83226],[-118.21672,33.83191],[-118.21666,33.83186],[-118.21681,33.83167],[-118.21682,33.83008],[-118.21671,33.82941],[-118.21568,33.82592],[-118.21774,33.82573],[-118.22011,33.82571],[-118.2206,33.82567],[-118.22062,33.82561],[-118.2223,33.82561],[-118.2223,33.82439],[-118.22469,33.82439],[-118.22662,33.82949],[-118.22852,33.82438],[-118.22808,33.8242],[-118.2254,33.81101],[-118.2241,33.80788],[-118.22407,33.8078],[-118.22392,33.80661],[-118.22392,33.80655],[-118.22414,33.80532],[-118.22416,33.80526],[-118.22457,33.80438],[-118.22734,33.7999],[-118.22821,33.79741],[-118.22835,33.79672],[-118.22947,33.79368],[-118.23005,33.79256],[-118.23753,33.80051],[-118.25862,33.79944],[-118.25669,33.80478],[-118.26464,33.80455],[-118.2646,33.79914],[-118.283,33.79819],[-118.28296,33.79763],[-118.29083,33.79767],[-118.29275,33.79767],[-118.29912,33.7977],[-118.29906,33.8028],[-118.29965,33.80282],[-118.29963,33.80342],[-118.29903,33.8034],[-118.2985,33.8132],[-118.30892,33.81704],[-118.30925,33.85752],[-118.30926,33.8657],[-118.30906,33.8657],[-118.30906,33.87296],[-118.31342,33.87295],[-118.3135,33.88703],[-118.33219,33.88098],[-118.33403,33.88039],[-118.33727,33.87934],[-118.33898,33.87879],[-118.33958,33.8786],[-118.34365,33.87729],[-118.35049,33.87507],[-118.35049,33.87501],[-118.352,33.87458],[-118.35252,33.87423],[-118.3525,33.86555],[-118.35897,33.86555],[-118.35897,33.86373],[-118.3587,33.86322],[-118.35862,33.86309],[-118.35816,33.86244],[-118.35762,33.86191],[-118.35684,33.86133],[-118.35684,33.86142],[-118.35329,33.85875],[-118.35379,33.85845],[-118.35378,33.8583],[-118.3755,33.85827],[-118.37506,33.85606],[-118.37836,33.8549],[-118.37286,33.82728],[-118.37443,33.82741],[-118.37444,33.81548],[-118.37479,33.8157],[-118.37483,33.81572],[-118.37485,33.81573],[-118.37488,33.81574],[-118.3749,33.81575],[-118.37493,33.81576],[-118.37496,33.81577],[-118.37509,33.81581],[-118.37511,33.81581],[-118.37893,33.81632],[-118.37961,33.81647],[-118.37965,33.81649],[-118.37968,33.8165],[-118.37969,33.8165],[-118.37972,33.81651],[-118.38044,33.81685],[-118.38284,33.81839],[-118.38356,33.81872],[-118.38363,33.81874],[-118.38429,33.81891],[-118.38524,33.81902],[-118.38543,33.81782],[-118.3851,33.81762],[-118.38598,33.81668],[-118.38538,33.81626],[-118.38687,33.81478],[-118.38717,33.81481],[-118.38792,33.81464],[-118.38832,33.81523],[-118.38848,33.8151],[-118.38877,33.81517],[-118.38893,33.815],[-118.39062,33.81519],[-118.39145,33.81522],[-118.39202,33.81289],[-118.39202,33.81237],[-118.39226,33.81108],[-118.3927,33.80943],[-118.39324,33.80664],[-118.39405,33.80473],[-118.39443,33.80411],[-118.39503,33.80347],[-118.3963,33.80328],[-118.39718,33.80288],[-118.39791,33.8023],[-118.39864,33.80219],[-118.40012,33.8022],[-118.40047,33.80194],[-118.40125,33.80175],[-118.40298,33.80098],[-118.40391,33.80066],[-118.40543,33.79972],[-118.40672,33.79837],[-118.40729,33.79802],[-118.40756,33.7975],[-118.40836,33.79714],[-118.40843,33.79675],[-118.40797,33.7968],[-118.40761,33.79653],[-118.40753,33.7954],[-118.40776,33.79461],[-118.40744,33.79442],[-118.40682,33.79366],[-118.40692,33.79201],[-118.40735,33.79128],[-118.4077,33.79108],[-118.40904,33.79096],[-118.40955,33.79078],[-118.41059,33.79],[-118.41183,33.78952],[-118.41268,33.78904],[-118.41407,33.78868],[-118.41482,33.78827],[-118.41586,33.78801],[-118.41733,33.78706],[-118.4185,33.7865],[-118.41908,33.78606],[-118.41965,33.7853],[-118.42205,33.78352],[-118.4228,33.78263],[-118.42414,33.78032],[-118.42449,33.77787],[-118.42504,33.77716],[-118.42584,33.77668],[-118.42654,33.77615],[-118.42815,33.77456],[-118.42844,33.774],[-118.42815,33.77348],[-118.42741,33.77299],[-118.42687,33.77239],[-118.42648,33.77231],[-118.42499,33.77267],[-118.42442,33.77264],[-118.42314,33.77213],[-118.42231,33.77118],[-118.42186,33.77021],[-118.42168,33.76957],[-118.4217,33.76883],[-118.42205,33.76839],[-118.42243,33.76829],[-118.423,33.76777],[-118.42428,33.76743],[-118.42449,33.76713],[-118.42419,33.76628],[-118.42392,33.76622],[-118.42294,33.76638],[-118.42247,33.76616],[-118.42187,33.76569],[-118.42176,33.76531],[-118.42197,33.76486],[-118.42206,33.76428],[-118.4222,33.76393],[-118.42234,33.76393],[-118.42242,33.76361],[-118.42122,33.76308],[-118.41993,33.76265],[-118.4189,33.76276],[-118.41823,33.76264],[-118.41777,33.76214],[-118.41768,33.7618],[-118.41834,33.76107],[-118.41871,33.76079],[-118.41896,33.76027],[-118.41883,33.76018],[-118.41837,33.76011],[-118.41756,33.75968],[-118.41745,33.75942],[-118.4175,33.75916],[-118.41718,33.75811],[-118.41721,33.75795],[-118.41764,33.75787],[-118.41757,33.75744],[-118.41713,33.75731],[-118.41726,33.75724],[-118.41706,33.75703],[-118.41686,33.75723],[-118.4167,33.75702],[-118.41669,33.7568],[-118.41584,33.75609],[-118.4161,33.75588],[-118.41625,33.75546],[-118.41614,33.75542],[-118.41647,33.75494],[-118.41618,33.7548],[-118.41629,33.75425],[-118.41612,33.75426],[-118.41591,33.75397],[-118.41562,33.75394],[-118.41534,33.75403],[-118.41513,33.75367],[-118.41508,33.75393],[-118.41481,33.75408],[-118.4144,33.754],[-118.41386,33.75371],[-118.41355,33.75324],[-118.41352,33.75278],[-118.41394,33.75227],[-118.41437,33.7519],[-118.41473,33.75171],[-118.41477,33.75185],[-118.41495,33.75183],[-118.4149,33.75164],[-118.41524,33.75147],[-118.41508,33.75132],[-118.4149,33.75151],[-118.41459,33.75135],[-118.41423,33.75106],[-118.41322,33.74986],[-118.41313,33.74897],[-118.4138,33.74717],[-118.41374,33.74675],[-118.4127,33.74526],[-118.41216,33.7442],[-118.41145,33.74376],[-118.41101,33.74311],[-118.41108,33.74268],[-118.41158,33.74175],[-118.41152,33.74128],[-118.41159,33.74116],[-118.41081,33.74097],[-118.40953,33.74099],[-118.40833,33.7411],[-118.40727,33.74132],[-118.40662,33.74133],[-118.40595,33.74146],[-118.40344,33.74087],[-118.40286,33.74048],[-118.40255,33.74004],[-118.40282,33.73885],[-118.40242,33.73872],[-118.4024,33.7386],[-118.40226,33.73874],[-118.40198,33.7388],[-118.40161,33.7388],[-118.40119,33.73863],[-118.40057,33.73809],[-118.40033,33.73722],[-118.39999,33.73702],[-118.39932,33.73643],[-118.39901,33.73635],[-118.399,33.73625],[-118.398,33.73615],[-118.39795,33.73608],[-118.3976,33.73624],[-118.39729,33.73621],[-118.39646,33.7366],[-118.3959,33.73745],[-118.39537,33.73798],[-118.39457,33.73843],[-118.39379,33.73861],[-118.39337,33.73858],[-118.39313,33.73867],[-118.39303,33.7381],[-118.39304,33.73848],[-118.39294,33.73834],[-118.39287,33.73889],[-118.39275,33.73907],[-118.39229,33.73941],[-118.39188,33.7396],[-118.39059,33.73966],[-118.38987,33.73951],[-118.38927,33.73953],[-118.38875,33.73974],[-118.387,33.74067],[-118.38668,33.74104],[-118.38595,33.74128],[-118.38549,33.74176],[-118.38516,33.74188],[-118.38253,33.74212],[-118.38196,33.74227],[-118.38141,33.74223],[-118.38013,33.74197],[-118.37849,33.74133],[-118.37721,33.74066],[-118.37662,33.74045],[-118.37582,33.73996],[-118.37519,33.73935],[-118.37497,33.73872],[-118.37511,33.73811],[-118.37537,33.73783],[-118.37525,33.73706],[-118.37462,33.73683],[-118.37406,33.73709],[-118.37425,33.73685],[-118.37357,33.7366],[-118.37338,33.73692],[-118.37367,33.73738],[-118.37313,33.73783],[-118.37292,33.73831],[-118.37243,33.73847],[-118.37168,33.73848],[-118.37093,33.73837],[-118.37018,33.73809],[-118.36981,33.73786],[-118.36969,33.73768],[-118.36968,33.73698],[-118.36991,33.73696],[-118.36974,33.73688],[-118.36998,33.73638],[-118.36993,33.73613],[-118.36944,33.73636],[-118.36967,33.73616],[-118.36895,33.73611],[-118.36885,33.7364],[-118.36887,33.73611],[-118.36863,33.73607],[-118.36845,33.73652],[-118.36859,33.73667],[-118.36844,33.73764],[-118.368,33.73793],[-118.36759,33.73805],[-118.36652,33.73825],[-118.36573,33.73828],[-118.36337,33.73783],[-118.36195,33.7373],[-118.36086,33.73676],[-118.35861,33.73505],[-118.35833,33.73498],[-118.35826,33.73478],[-118.35789,33.73443],[-118.35709,33.73422],[-118.35601,33.73298],[-118.35445,33.73058],[-118.35343,33.72971],[-118.35253,33.7288],[-118.35234,33.72852],[-118.35227,33.72804],[-118.352,33.72763],[-118.35169,33.72731],[-118.3513,33.72718],[-118.34981,33.72705],[-118.34854,33.72712],[-118.34713,33.72691],[-118.34642,33.7266],[-118.34454,33.72622],[-118.34444,33.72627],[-118.34308,33.72617],[-118.34179,33.72555],[-118.34086,33.72467],[-118.34007,33.72406],[-118.33927,33.72387],[-118.33836,33.72379],[-118.33749,33.72355],[-118.33726,33.72356],[-118.33593,33.72268],[-118.33307,33.72184],[-118.33045,33.72024],[-118.32558,33.71877],[-118.32456,33.71864],[-118.32356,33.71866],[-118.32332,33.71858],[-118.32243,33.71805],[-118.32215,33.71764],[-118.32226,33.7174],[-118.32277,33.71706],[-118.32294,33.71677],[-118.32283,33.71675],[-118.32278,33.71688],[-118.32266,33.71684],[-118.32254,33.71692],[-118.32233,33.71714],[-118.32207,33.71714],[-118.32198,33.71737],[-118.32166,33.71751],[-118.32084,33.71759],[-118.31965,33.71653],[-118.31983,33.71592],[-118.31961,33.71562],[-118.31919,33.71521],[-118.31896,33.71515],[-118.31851,33.71523],[-118.31766,33.71477],[-118.31745,33.71406],[-118.31731,33.71398],[-118.31723,33.71379],[-118.31358,33.71465],[-118.31161,33.71399],[-118.31079,33.71356],[-118.31026,33.71319],[-118.30937,33.71288],[-118.3087,33.71279],[-118.30726,33.71219],[-118.30673,33.71212],[-118.30639,33.71197],[-118.30535,33.71188],[-118.30431,33.71159],[-118.30361,33.71125],[-118.30277,33.71113],[-118.30161,33.71052],[-118.30061,33.7101],[-118.29835,33.70975],[-118.29783,33.70959],[-118.29596,33.70861],[-118.29514,33.70763],[-118.29521,33.70697],[-118.29515,33.70637],[-118.29494,33.70605],[-118.29505,33.70581],[-118.29483,33.70557],[-118.29483,33.70532],[-118.29458,33.70504],[-118.29451,33.70469],[-118.294,33.70467],[-118.29353,33.70502],[-118.29313,33.705],[-118.29165,33.7053],[-118.29125,33.70521],[-118.29131,33.70507],[-118.29113,33.70488],[-118.29069,33.70521],[-118.28875,33.70544],[-118.28773,33.70598],[-118.28694,33.70653],[-118.28635,33.70666],[-118.286,33.70683],[-118.28576,33.70719],[-118.28565,33.70759],[-118.28539,33.70788],[-118.28517,33.70788],[-118.2848,33.70862],[-118.28434,33.70883],[-118.28299,33.709],[-118.28175,33.70894],[-118.28019,33.70858],[-118.27985,33.70856],[-118.27865,33.70814],[-118.27829,33.70794],[-118.27774,33.70756],[-118.27871,33.70629],[-118.2786,33.70623],[-118.27741,33.70778],[-118.27711,33.70791],[-118.27017,33.70424],[-118.26908,33.70391],[-118.26768,33.70368],[-118.26709,33.70366],[-118.26635,33.70376],[-118.24448,33.71078],[-118.20647,33.72316],[-118.18557,33.72316],[-118.18234,33.72241],[-118.17695,33.72047],[-118.16852,33.71903],[-118.16431,33.71777],[-118.15733,33.71476],[-118.14309,33.70961],[-118.12208,33.73674],[-118.12025,33.73603],[-118.11473,33.74431],[-118.11406,33.74615],[-118.11322,33.74702],[-118.1058,33.75102],[-118.10578,33.75071],[-118.10163,33.75295],[-118.10089,33.75348],[-118.09888,33.75443],[-118.09845,33.75475],[-118.0981,33.75518],[-118.09199,33.75847],[-118.09233,33.76453],[-118.09363,33.76809],[-118.09567,33.77161],[-118.09707,33.77368],[-118.09703,33.77754],[-118.0969,33.7784],[-118.09666,33.77924],[-118.09432,33.78412],[-118.08624,33.79688],[-118.08476,33.80292],[-118.07285,33.81486],[-118.06954,33.81651],[-118.06869,33.81742],[-118.0676,33.81748],[-118.06328,33.81964],[-118.06333,33.83154],[-118.06108,33.83345],[-118.0607,33.83456],[-118.05997,33.83483],[-118.05933,33.83493],[-118.059,33.83521],[-118.05905,33.8462],[-118.0547,33.84622],[-118.05473,33.84985],[-118.05039,33.84988],[-118.05042,33.85357],[-118.04612,33.85361],[-118.04621,33.85869],[-118.04187,33.85872],[-118.0419,33.86234],[-118.03755,33.86237],[-118.03764,33.86601],[-118.02873,33.86605],[-118.02878,33.87332],[-118.01137,33.87343],[-118.01147,33.88085],[-118.00277,33.8809],[-118.00286,33.88816],[-117.99404,33.88821],[-117.99412,33.89546],[-117.98534,33.89551],[-117.98543,33.90276],[-117.97659,33.90279],[-117.97651,33.94605],[-117.92583,33.94608]]],[[[-118.59299,33.03487],[-118.59355,33.03511],[-118.59419,33.03551],[-118.5946,33.03561],[-118.59497,33.03558],[-118.59532,33.03549],[-118.59554,33.0353],[-118.59602,33.03423],[-118.59631,33.03402],[-118.59668,33.03395],[-118.59755,33.03406],[-118.5981,33.03404],[-118.59822,33.03389],[-118.59901,33.03367],[-118.59959,33.03327],[-118.59969,33.0331],[-118.60007,33.03293],[-118.60026,33.03297],[-118.60094,33.03279],[-118.60153,33.03246],[-118.60292,33.03222],[-118.60344,33.03225],[-118.60498,33.03202],[-118.60619,33.03203],[-118.60669,33.0321],[-118.60673,33.03203],[-118.60666,33.03196],[-118.60603,33.03171],[-118.60555,33.03124],[-118.60541,33.03069],[-118.60522,33.03051],[-118.60513,33.03029],[-118.60499,33.02965],[-118.60511,33.02892],[-118.60513,33.02769],[-118.60496,33.0269],[-118.60496,33.02617],[-118.60511,33.02598],[-118.60518,33.02565],[-118.60549,33.02532],[-118.60564,33.02484],[-118.60559,33.02465],[-118.60524,33.0244],[-118.60523,33.02423],[-118.60559,33.02363],[-118.6055,33.02349],[-118.60525,33.02337],[-118.60522,33.02306],[-118.60531,33.02272],[-118.60549,33.02256],[-118.60568,33.02255],[-118.60587,33.02231],[-118.60583,33.02224],[-118.60591,33.022],[-118.60577,33.02169],[-118.60603,33.02139],[-118.60571,33.02057],[-118.6058,33.02008],[-118.60558,33.01981],[-118.60546,33.01949],[-118.60558,33.01904],[-118.60575,33.01882],[-118.60557,33.01801],[-118.60561,33.01779],[-118.60591,33.01743],[-118.60611,33.01688],[-118.60623,33.0168],[-118.60616,33.01628],[-118.60638,33.01617],[-118.60612,33.01591],[-118.60611,33.01572],[-118.60614,33.01558],[-118.60637,33.01542],[-118.60624,33.01539],[-118.60622,33.0152],[-118.60637,33.01512],[-118.60627,33.01507],[-118.6064,33.01478],[-118.60629,33.01461],[-118.60611,33.01457],[-118.60579,33.01466],[-118.60485,33.01456],[-118.60402,33.01466],[-118.6037,33.0146],[-118.60345,33.01434],[-118.60318,33.01428],[-118.60275,33.01434],[-118.6027,33.01426],[-118.6026,33.01448],[-118.6021,33.01442],[-118.60209,33.01452],[-118.60187,33.01459],[-118.60188,33.01468],[-118.60137,33.01512],[-118.60083,33.01536],[-118.60021,33.01551],[-118.59961,33.01582],[-118.59915,33.01581],[-118.59883,33.01564],[-118.59828,33.01561],[-118.59758,33.01575],[-118.59721,33.01613],[-118.59694,33.01627],[-118.59641,33.0162],[-118.59569,33.01573],[-118.59517,33.01459],[-118.59483,33.01413],[-118.59463,33.01407],[-118.59444,33.01382],[-118.59423,33.0138],[-118.59422,33.01388],[-118.59406,33.01389],[-118.5938,33.01373],[-118.59377,33.01361],[-118.59394,33.01324],[-118.59369,33.01316],[-118.59332,33.01222],[-118.59312,33.01232],[-118.593,33.0122],[-118.59289,33.01221],[-118.59281,33.01236],[-118.59218,33.01256],[-118.59084,33.01221],[-118.59035,33.0117],[-118.58884,33.01098],[-118.5882,33.01053],[-118.588,33.01022],[-118.58792,33.00992],[-118.5879,33.00966],[-118.58808,33.00938],[-118.58802,33.00919],[-118.58764,33.00879],[-118.58737,33.00874],[-118.58718,33.00856],[-118.58685,33.00849],[-118.58694,33.00837],[-118.58672,33.00823],[-118.58664,33.00788],[-118.58675,33.00735],[-118.58669,33.00721],[-118.58654,33.00714],[-118.58591,33.0059],[-118.58607,33.00513],[-118.58581,33.00506],[-118.58583,33.00476],[-118.58566,33.00482],[-118.58557,33.00476],[-118.58534,33.00429],[-118.58486,33.00405],[-118.58453,33.00361],[-118.58441,33.00356],[-118.58424,33.00366],[-118.58399,33.00359],[-118.58392,33.00305],[-118.58401,33.00283],[-118.58377,33.00264],[-118.58381,33.00243],[-118.58359,33.00237],[-118.58349,33.00217],[-118.58369,33.00127],[-118.58366,33.00099],[-118.58363,33.0008],[-118.58341,33.00065],[-118.58347,33.00052],[-118.58325,33.0003],[-118.58322,32.99878],[-118.58303,32.99759],[-118.58292,32.99735],[-118.58292,32.99725],[-118.58324,32.99686],[-118.58307,32.99672],[-118.58274,32.99672],[-118.58233,32.9965],[-118.58228,32.99628],[-118.58206,32.99617],[-118.58208,32.99605],[-118.58192,32.99594],[-118.58176,32.99526],[-118.58131,32.99484],[-118.5812,32.99454],[-118.58124,32.99432],[-118.58152,32.99397],[-118.58173,32.99382],[-118.58212,32.99372],[-118.58224,32.99339],[-118.58195,32.99337],[-118.58175,32.99327],[-118.58171,32.99303],[-118.58131,32.99247],[-118.58121,32.99196],[-118.58096,32.99133],[-118.58099,32.99119],[-118.58083,32.99122],[-118.58076,32.99113],[-118.58069,32.99073],[-118.58058,32.99068],[-118.58059,32.99042],[-118.57989,32.99013],[-118.58001,32.98973],[-118.5798,32.9898],[-118.57986,32.98964],[-118.57977,32.98955],[-118.5798,32.98948],[-118.57962,32.98929],[-118.57981,32.98921],[-118.57965,32.98907],[-118.57966,32.98875],[-118.57933,32.98874],[-118.57935,32.98866],[-118.57915,32.98852],[-118.5793,32.98834],[-118.57921,32.98827],[-118.57884,32.98824],[-118.57871,32.98809],[-118.57864,32.98812],[-118.57827,32.98791],[-118.57817,32.9876],[-118.5785,32.9875],[-118.57848,32.98737],[-118.57836,32.98735],[-118.57821,32.98746],[-118.57802,32.98725],[-118.57757,32.98714],[-118.57724,32.98687],[-118.57711,32.98658],[-118.57694,32.98647],[-118.57672,32.98644],[-118.57657,32.98622],[-118.5766,32.98583],[-118.57684,32.98532],[-118.57708,32.98514],[-118.57728,32.98477],[-118.57735,32.98407],[-118.57731,32.98366],[-118.57704,32.98308],[-118.57686,32.98203],[-118.57662,32.98138],[-118.57638,32.98103],[-118.57632,32.98063],[-118.57647,32.98011],[-118.57706,32.97899],[-118.57708,32.9785],[-118.57686,32.97753],[-118.57659,32.97685],[-118.57514,32.97415],[-118.57488,32.97274],[-118.57471,32.97244],[-118.57414,32.97181],[-118.57363,32.97161],[-118.5735,32.97146],[-118.57356,32.97066],[-118.57345,32.97035],[-118.57345,32.96929],[-118.57336,32.96898],[-118.57277,32.96822],[-118.57235,32.96799],[-118.5717,32.96798],[-118.57135,32.96784],[-118.57124,32.9676],[-118.57136,32.9672],[-118.57133,32.96694],[-118.57032,32.96591],[-118.57023,32.96561],[-118.5699,32.96545],[-118.56951,32.96502],[-118.56948,32.96479],[-118.56957,32.96471],[-118.56958,32.96456],[-118.56937,32.96427],[-118.56929,32.96395],[-118.5688,32.96367],[-118.56878,32.96356],[-118.56827,32.96351],[-118.56684,32.9631],[-118.56652,32.96288],[-118.56633,32.9626],[-118.56613,32.96253],[-118.5659,32.96257],[-118.56556,32.96228],[-118.56546,32.96169],[-118.56519,32.96157],[-118.56523,32.96137],[-118.56508,32.96113],[-118.56446,32.96061],[-118.56442,32.96045],[-118.56456,32.96033],[-118.5643,32.95987],[-118.56347,32.95945],[-118.56258,32.95924],[-118.56215,32.95875],[-118.56175,32.95851],[-118.56132,32.95839],[-118.56048,32.95773],[-118.56024,32.95769],[-118.55974,32.95739],[-118.5594,32.95698],[-118.55931,32.95655],[-118.5591,32.95655],[-118.55895,32.95633],[-118.55877,32.95649],[-118.55831,32.95636],[-118.55828,32.9562],[-118.55834,32.95614],[-118.55806,32.956],[-118.55839,32.95584],[-118.55854,32.95562],[-118.55824,32.95558],[-118.55821,32.9555],[-118.5582,32.95532],[-118.55835,32.95502],[-118.5581,32.95491],[-118.558,32.95494],[-118.55799,32.95479],[-118.55807,32.95471],[-118.55795,32.95454],[-118.55769,32.95433],[-118.55745,32.95426],[-118.55735,32.95408],[-118.55743,32.95399],[-118.55734,32.95358],[-118.55718,32.95348],[-118.5573,32.95312],[-118.55699,32.95295],[-118.55664,32.953],[-118.55623,32.95247],[-118.55626,32.95226],[-118.55667,32.95168],[-118.55633,32.95131],[-118.55645,32.95126],[-118.55639,32.95088],[-118.55632,32.9508],[-118.5561,32.95077],[-118.5561,32.95066],[-118.55595,32.9506],[-118.55574,32.95061],[-118.55568,32.95049],[-118.55548,32.95039],[-118.55507,32.95033],[-118.55488,32.95039],[-118.55472,32.95018],[-118.55462,32.95022],[-118.55453,32.95016],[-118.55437,32.94988],[-118.55442,32.94937],[-118.55412,32.94901],[-118.55408,32.94869],[-118.55384,32.94875],[-118.55359,32.9484],[-118.5529,32.94771],[-118.55291,32.94749],[-118.5526,32.94743],[-118.55268,32.94697],[-118.55246,32.9465],[-118.55216,32.9464],[-118.5521,32.94606],[-118.55176,32.94594],[-118.55172,32.94586],[-118.55181,32.94572],[-118.5517,32.94556],[-118.55147,32.94558],[-118.55139,32.94566],[-118.55131,32.9456],[-118.5513,32.94541],[-118.55101,32.94528],[-118.55106,32.94512],[-118.55079,32.94486],[-118.55075,32.94466],[-118.55086,32.94449],[-118.55085,32.94424],[-118.55099,32.94409],[-118.55097,32.944],[-118.55106,32.94397],[-118.55104,32.94383],[-118.55085,32.94376],[-118.5508,32.94346],[-118.55059,32.94334],[-118.55053,32.94314],[-118.55085,32.94303],[-118.55086,32.94285],[-118.55065,32.94268],[-118.55031,32.94266],[-118.55028,32.94258],[-118.55041,32.94231],[-118.55057,32.94227],[-118.55067,32.9421],[-118.55047,32.94205],[-118.55029,32.94179],[-118.55028,32.94137],[-118.55046,32.94066],[-118.55043,32.94055],[-118.55032,32.94056],[-118.55025,32.94046],[-118.5502,32.94026],[-118.55023,32.94018],[-118.55048,32.94018],[-118.5498,32.93989],[-118.54953,32.9392],[-118.54959,32.93912],[-118.54989,32.93906],[-118.54971,32.93882],[-118.54974,32.93865],[-118.54944,32.93854],[-118.54939,32.93837],[-118.54956,32.93811],[-118.54955,32.93773],[-118.54978,32.93751],[-118.54965,32.9373],[-118.54974,32.93705],[-118.54969,32.93689],[-118.54978,32.9363],[-118.54962,32.93592],[-118.54992,32.93584],[-118.54996,32.93574],[-118.54988,32.93572],[-118.54989,32.93554],[-118.54961,32.93558],[-118.54933,32.93577],[-118.54908,32.93547],[-118.54911,32.9354],[-118.54944,32.93532],[-118.54945,32.93521],[-118.54932,32.93503],[-118.5491,32.93518],[-118.54903,32.93514],[-118.54901,32.93475],[-118.54904,32.93465],[-118.54917,32.93463],[-118.54895,32.93431],[-118.54892,32.93402],[-118.54908,32.9338],[-118.54918,32.93381],[-118.54919,32.93355],[-118.5494,32.93323],[-118.54922,32.93293],[-118.54901,32.93291],[-118.54841,32.93246],[-118.54833,32.93232],[-118.54803,32.9322],[-118.5479,32.93202],[-118.5477,32.93146],[-118.54686,32.93028],[-118.54658,32.92935],[-118.54604,32.92881],[-118.54594,32.92845],[-118.546,32.92804],[-118.54519,32.92699],[-118.54493,32.92622],[-118.54508,32.92607],[-118.54507,32.9259],[-118.54491,32.92597],[-118.54492,32.92578],[-118.54469,32.92572],[-118.54488,32.92563],[-118.54489,32.9255],[-118.54478,32.92554],[-118.54465,32.92541],[-118.54467,32.92521],[-118.54476,32.9252],[-118.5447,32.92477],[-118.54418,32.92488],[-118.5443,32.92471],[-118.54426,32.92454],[-118.54421,32.92446],[-118.54412,32.9245],[-118.54382,32.92409],[-118.54388,32.92377],[-118.54432,32.9234],[-118.54449,32.92338],[-118.5445,32.92327],[-118.54473,32.92309],[-118.54465,32.92307],[-118.54465,32.92297],[-118.54478,32.9227],[-118.54465,32.92266],[-118.5448,32.92246],[-118.54466,32.92224],[-118.54474,32.9222],[-118.54431,32.92189],[-118.5444,32.92173],[-118.54429,32.92145],[-118.54442,32.9212],[-118.54463,32.92102],[-118.54471,32.92073],[-118.54482,32.9207],[-118.54481,32.92035],[-118.5447,32.92029],[-118.54473,32.92007],[-118.54522,32.91997],[-118.5452,32.9198],[-118.54497,32.91973],[-118.54514,32.91943],[-118.54503,32.91913],[-118.54507,32.91898],[-118.54545,32.9187],[-118.54609,32.9184],[-118.54651,32.91843],[-118.54681,32.91863],[-118.54691,32.91836],[-118.54714,32.91855],[-118.54723,32.91836],[-118.54716,32.91819],[-118.54697,32.91806],[-118.5469,32.91813],[-118.54652,32.91775],[-118.54642,32.91773],[-118.54634,32.91796],[-118.54622,32.91785],[-118.54614,32.91791],[-118.54596,32.91786],[-118.54597,32.91757],[-118.54583,32.91747],[-118.54579,32.91784],[-118.54534,32.91819],[-118.54484,32.91838],[-118.54419,32.91833],[-118.54373,32.918],[-118.54367,32.91782],[-118.54327,32.91793],[-118.54304,32.91784],[-118.54294,32.91763],[-118.54262,32.91753],[-118.54235,32.91761],[-118.54201,32.91751],[-118.54163,32.91722],[-118.54134,32.91672],[-118.54107,32.9168],[-118.54096,32.91676],[-118.54076,32.9165],[-118.54056,32.91649],[-118.54024,32.91624],[-118.54013,32.91596],[-118.5401,32.91558],[-118.54024,32.91477],[-118.54048,32.91425],[-118.54068,32.91409],[-118.54067,32.914],[-118.54055,32.91404],[-118.54045,32.91397],[-118.5403,32.91361],[-118.54032,32.9134],[-118.54014,32.91316],[-118.54017,32.91281],[-118.54027,32.91277],[-118.54034,32.91254],[-118.54052,32.91252],[-118.54056,32.91244],[-118.54057,32.91236],[-118.54035,32.91228],[-118.54037,32.9121],[-118.54047,32.91196],[-118.54058,32.91199],[-118.54087,32.91173],[-118.54104,32.91168],[-118.54112,32.91152],[-118.54148,32.91147],[-118.54151,32.91138],[-118.54096,32.91135],[-118.54093,32.91101],[-118.54152,32.91089],[-118.54164,32.91072],[-118.54153,32.9106],[-118.54179,32.91056],[-118.54185,32.91043],[-118.54174,32.91031],[-118.54145,32.91043],[-118.54129,32.91032],[-118.54096,32.91034],[-118.54084,32.91026],[-118.54082,32.91016],[-118.5412,32.9101],[-118.54097,32.90978],[-118.5408,32.9098],[-118.5407,32.9097],[-118.5405,32.9098],[-118.5403,32.90966],[-118.54034,32.90989],[-118.54017,32.90993],[-118.5401,32.90968],[-118.54019,32.9095],[-118.54018,32.90924],[-118.53974,32.90912],[-118.5395,32.90923],[-118.53934,32.90909],[-118.53927,32.90889],[-118.53909,32.90895],[-118.5387,32.90949],[-118.5386,32.90944],[-118.53885,32.90903],[-118.5389,32.90864],[-118.5388,32.90847],[-118.53913,32.90782],[-118.53891,32.90785],[-118.53857,32.90808],[-118.53803,32.90801],[-118.53813,32.90761],[-118.53833,32.90729],[-118.53833,32.90706],[-118.53768,32.90682],[-118.53726,32.90598],[-118.53697,32.90601],[-118.53703,32.90579],[-118.53691,32.90564],[-118.5368,32.90567],[-118.53657,32.90598],[-118.53654,32.90628],[-118.53629,32.90614],[-118.53602,32.90614],[-118.53597,32.90634],[-118.53604,32.90681],[-118.53608,32.90697],[-118.53625,32.90713],[-118.53614,32.90737],[-118.53564,32.90758],[-118.53546,32.9075],[-118.5353,32.90702],[-118.53524,32.90725],[-118.53513,32.90712],[-118.53496,32.90744],[-118.53472,32.9075],[-118.53442,32.90743],[-118.53381,32.90766],[-118.53357,32.90765],[-118.53309,32.90736],[-118.53257,32.90681],[-118.53192,32.90653],[-118.53129,32.90603],[-118.53112,32.90561],[-118.53075,32.90524],[-118.53067,32.905],[-118.53041,32.90471],[-118.53032,32.90445],[-118.53034,32.90409],[-118.53026,32.90404],[-118.52999,32.90411],[-118.52981,32.90404],[-118.52975,32.9039],[-118.52984,32.9037],[-118.52975,32.90349],[-118.52981,32.90333],[-118.52965,32.90325],[-118.52944,32.90342],[-118.52928,32.90334],[-118.52919,32.90305],[-118.52879,32.90242],[-118.52877,32.90225],[-118.52885,32.90216],[-118.52874,32.90174],[-118.52908,32.90163],[-118.52915,32.90144],[-118.52946,32.90116],[-118.52941,32.9009],[-118.52895,32.90049],[-118.52895,32.90031],[-118.5288,32.90008],[-118.52892,32.89985],[-118.52886,32.89964],[-118.52851,32.89926],[-118.52774,32.89867],[-118.52776,32.89849],[-118.52757,32.89814],[-118.52741,32.898],[-118.52713,32.89795],[-118.52662,32.89764],[-118.52613,32.89679],[-118.52625,32.89662],[-118.52597,32.89662],[-118.52575,32.89629],[-118.52514,32.89602],[-118.52484,32.89576],[-118.52457,32.89538],[-118.5244,32.89495],[-118.52436,32.89457],[-118.52456,32.89416],[-118.52472,32.8941],[-118.52481,32.89393],[-118.52473,32.89391],[-118.52474,32.89369],[-118.52447,32.89357],[-118.52445,32.89324],[-118.52454,32.89315],[-118.52427,32.89284],[-118.52422,32.89257],[-118.52393,32.89242],[-118.52368,32.8924],[-118.52338,32.89209],[-118.52326,32.89182],[-118.52262,32.89163],[-118.52237,32.89143],[-118.52231,32.89137],[-118.52238,32.89113],[-118.52207,32.8908],[-118.52213,32.89066],[-118.52205,32.89063],[-118.52188,32.89077],[-118.52171,32.8908],[-118.52132,32.89064],[-118.52121,32.89048],[-118.52096,32.89048],[-118.52102,32.89004],[-118.52092,32.89],[-118.52098,32.88984],[-118.52092,32.88968],[-118.52104,32.88958],[-118.52096,32.88938],[-118.52063,32.88917],[-118.52041,32.88911],[-118.52025,32.88915],[-118.52009,32.889],[-118.5198,32.88897],[-118.51952,32.88876],[-118.51941,32.88879],[-118.51905,32.88844],[-118.51861,32.8883],[-118.51847,32.88812],[-118.51858,32.88797],[-118.51839,32.88796],[-118.51834,32.88768],[-118.51841,32.88725],[-118.51852,32.8871],[-118.51811,32.88699],[-118.51803,32.88675],[-118.51841,32.88668],[-118.5186,32.88639],[-118.5188,32.88644],[-118.51883,32.88651],[-118.51894,32.8864],[-118.51939,32.88632],[-118.51932,32.88593],[-118.51944,32.8856],[-118.51958,32.8859],[-118.51975,32.88599],[-118.52046,32.88543],[-118.52051,32.88528],[-118.5204,32.88505],[-118.5205,32.88484],[-118.52039,32.88467],[-118.52006,32.88475],[-118.51925,32.8853],[-118.51899,32.8853],[-118.51841,32.88507],[-118.51825,32.88493],[-118.51832,32.88486],[-118.51827,32.8848],[-118.51805,32.8847],[-118.51795,32.88453],[-118.51766,32.88444],[-118.51748,32.88447],[-118.51742,32.88432],[-118.51707,32.88436],[-118.51708,32.88421],[-118.51693,32.88413],[-118.51682,32.8839],[-118.51688,32.88359],[-118.51678,32.88356],[-118.51643,32.88305],[-118.51595,32.88289],[-118.51571,32.88305],[-118.51527,32.88293],[-118.51413,32.88245],[-118.51278,32.88174],[-118.51215,32.88159],[-118.51197,32.88145],[-118.51174,32.88106],[-118.5115,32.88095],[-118.51116,32.88092],[-118.5111,32.88073],[-118.51099,32.88079],[-118.51102,32.88063],[-118.51098,32.88057],[-118.5109,32.88061],[-118.51085,32.88053],[-118.51094,32.88045],[-118.51081,32.88038],[-118.51035,32.88076],[-118.51003,32.88069],[-118.5097,32.88034],[-118.50964,32.87974],[-118.50925,32.87996],[-118.50902,32.87999],[-118.50874,32.87978],[-118.50869,32.87938],[-118.50841,32.87945],[-118.50827,32.87934],[-118.50846,32.87907],[-118.50808,32.87901],[-118.50755,32.87871],[-118.50757,32.87852],[-118.50793,32.87829],[-118.50785,32.87826],[-118.50755,32.87842],[-118.50738,32.8784],[-118.507,32.87819],[-118.50686,32.87803],[-118.5068,32.87793],[-118.50695,32.87761],[-118.50676,32.87743],[-118.50667,32.87705],[-118.50641,32.87704],[-118.50637,32.87698],[-118.50645,32.87669],[-118.50677,32.87655],[-118.50667,32.87626],[-118.50674,32.87607],[-118.50689,32.87593],[-118.50707,32.87603],[-118.50719,32.87598],[-118.50724,32.87577],[-118.507,32.87562],[-118.507,32.87533],[-118.50678,32.87533],[-118.50671,32.87525],[-118.50666,32.87511],[-118.50686,32.87518],[-118.50692,32.8751],[-118.50667,32.87482],[-118.50686,32.8745],[-118.50738,32.87443],[-118.50741,32.87415],[-118.50762,32.87397],[-118.50751,32.87381],[-118.50756,32.87376],[-118.50786,32.87374],[-118.50817,32.87357],[-118.50808,32.87351],[-118.50794,32.87359],[-118.50782,32.87351],[-118.50752,32.8735],[-118.50733,32.8732],[-118.50735,32.87284],[-118.50753,32.87257],[-118.50761,32.87225],[-118.50811,32.87206],[-118.50807,32.87198],[-118.50777,32.87195],[-118.50771,32.87175],[-118.50779,32.87161],[-118.50797,32.87159],[-118.50806,32.87146],[-118.50801,32.87137],[-118.50814,32.87108],[-118.50806,32.87097],[-118.50813,32.87091],[-118.5081,32.87053],[-118.50805,32.87039],[-118.50775,32.87028],[-118.50776,32.87014],[-118.50754,32.87015],[-118.50762,32.87004],[-118.50762,32.86975],[-118.50742,32.86977],[-118.50759,32.86953],[-118.50736,32.86939],[-118.50741,32.86928],[-118.50709,32.86924],[-118.50708,32.86917],[-118.50728,32.86915],[-118.50732,32.86901],[-118.50716,32.86854],[-118.507,32.86847],[-118.50676,32.86807],[-118.50658,32.86807],[-118.50655,32.86796],[-118.50634,32.86785],[-118.50624,32.8676],[-118.50622,32.86722],[-118.50661,32.86701],[-118.50657,32.86692],[-118.50636,32.86688],[-118.50598,32.86637],[-118.50569,32.86577],[-118.50549,32.86558],[-118.50547,32.86538],[-118.50461,32.86461],[-118.50392,32.86414],[-118.50311,32.86377],[-118.50271,32.86333],[-118.50199,32.8629],[-118.50173,32.86242],[-118.50167,32.86191],[-118.50168,32.86184],[-118.50189,32.86188],[-118.50205,32.86175],[-118.50132,32.86137],[-118.50112,32.8611],[-118.50111,32.86067],[-118.50123,32.86043],[-118.5012,32.86025],[-118.50138,32.85993],[-118.50128,32.85982],[-118.50127,32.8592],[-118.50114,32.85911],[-118.50091,32.85911],[-118.50082,32.85902],[-118.50038,32.85816],[-118.50028,32.85757],[-118.50058,32.85734],[-118.50027,32.85694],[-118.49996,32.85688],[-118.49977,32.85675],[-118.49957,32.85639],[-118.49939,32.85576],[-118.49945,32.8557],[-118.49945,32.85514],[-118.49926,32.85465],[-118.49937,32.85428],[-118.4992,32.85417],[-118.49982,32.85383],[-118.50013,32.85311],[-118.50042,32.85275],[-118.50072,32.85266],[-118.50075,32.85252],[-118.50061,32.85229],[-118.50063,32.85214],[-118.50044,32.85229],[-118.50007,32.85231],[-118.49929,32.85193],[-118.49941,32.8516],[-118.49918,32.85165],[-118.49912,32.85176],[-118.49904,32.85166],[-118.49863,32.85157],[-118.49851,32.85173],[-118.49816,32.85168],[-118.49783,32.85132],[-118.49765,32.85124],[-118.49742,32.85125],[-118.4972,32.85143],[-118.49659,32.85157],[-118.49625,32.85146],[-118.4963,32.8513],[-118.49604,32.85143],[-118.49607,32.85115],[-118.49589,32.85103],[-118.49569,32.85109],[-118.49551,32.85137],[-118.49541,32.8514],[-118.49518,32.85116],[-118.495,32.85112],[-118.49451,32.8512],[-118.49448,32.85112],[-118.49416,32.85113],[-118.49413,32.85098],[-118.49397,32.85106],[-118.49333,32.85099],[-118.49302,32.85083],[-118.49279,32.85061],[-118.49263,32.85021],[-118.49262,32.85011],[-118.49273,32.84999],[-118.4927,32.84946],[-118.49253,32.8498],[-118.492,32.84977],[-118.49184,32.8496],[-118.49178,32.84905],[-118.49163,32.84918],[-118.49144,32.84915],[-118.49111,32.84882],[-118.4906,32.84852],[-118.4904,32.84816],[-118.49005,32.84799],[-118.48985,32.84801],[-118.4897,32.84795],[-118.48932,32.84756],[-118.48929,32.84739],[-118.48937,32.84724],[-118.48984,32.84708],[-118.4895,32.84697],[-118.48958,32.84689],[-118.49003,32.84669],[-118.49005,32.8466],[-118.49036,32.8465],[-118.49035,32.84642],[-118.48998,32.84632],[-118.48978,32.84641],[-118.48971,32.84637],[-118.48979,32.84621],[-118.48956,32.84601],[-118.48984,32.8456],[-118.48968,32.84523],[-118.48978,32.84509],[-118.48974,32.84499],[-118.48955,32.84497],[-118.48929,32.84479],[-118.48942,32.84462],[-118.48935,32.84446],[-118.48901,32.84462],[-118.48893,32.84456],[-118.48917,32.84438],[-118.48885,32.84433],[-118.48884,32.84392],[-118.48876,32.84387],[-118.48855,32.84396],[-118.48851,32.84412],[-118.4884,32.84413],[-118.48842,32.84423],[-118.48829,32.84425],[-118.48797,32.84486],[-118.48767,32.84477],[-118.48757,32.84462],[-118.48746,32.84468],[-118.48739,32.84443],[-118.48729,32.84442],[-118.4871,32.8445],[-118.48704,32.84476],[-118.48672,32.84494],[-118.48658,32.84499],[-118.48653,32.84488],[-118.48624,32.8451],[-118.48605,32.84498],[-118.48607,32.84486],[-118.48578,32.84506],[-118.48579,32.84489],[-118.48592,32.84469],[-118.48588,32.84456],[-118.48575,32.84448],[-118.4854,32.84462],[-118.48518,32.84486],[-118.48506,32.84487],[-118.48487,32.84462],[-118.48483,32.84479],[-118.4847,32.84489],[-118.48473,32.84499],[-118.48429,32.84501],[-118.48428,32.84486],[-118.48449,32.84461],[-118.48441,32.84458],[-118.48423,32.84469],[-118.48407,32.84452],[-118.48423,32.84402],[-118.48407,32.84364],[-118.48421,32.84346],[-118.48438,32.8434],[-118.48426,32.84293],[-118.48405,32.84286],[-118.48395,32.84295],[-118.48372,32.84289],[-118.48364,32.84297],[-118.48344,32.84297],[-118.48332,32.84313],[-118.48317,32.84305],[-118.48327,32.8429],[-118.48322,32.84283],[-118.48295,32.84312],[-118.48287,32.84312],[-118.48291,32.843],[-118.4828,32.843],[-118.48259,32.84321],[-118.4823,32.84324],[-118.48204,32.84337],[-118.48194,32.84335],[-118.48197,32.84322],[-118.48188,32.8432],[-118.48182,32.84328],[-118.48174,32.8432],[-118.48138,32.84338],[-118.4813,32.84332],[-118.48131,32.84318],[-118.48119,32.84321],[-118.48113,32.84313],[-118.48133,32.84298],[-118.48109,32.84283],[-118.48119,32.84268],[-118.48093,32.84257],[-118.4809,32.84233],[-118.48067,32.84208],[-118.48058,32.84209],[-118.48057,32.84198],[-118.48047,32.84197],[-118.48043,32.84205],[-118.48024,32.84211],[-118.47993,32.84202],[-118.4797,32.84219],[-118.47934,32.84218],[-118.47897,32.84207],[-118.47867,32.84214],[-118.47814,32.84192],[-118.47804,32.84175],[-118.47811,32.84166],[-118.47781,32.84156],[-118.47679,32.84151],[-118.47612,32.84169],[-118.47551,32.84155],[-118.47532,32.84159],[-118.47512,32.84152],[-118.47511,32.84139],[-118.47481,32.84139],[-118.47465,32.84096],[-118.47468,32.84079],[-118.47439,32.84046],[-118.47379,32.84036],[-118.47383,32.8402],[-118.4737,32.84018],[-118.47359,32.8403],[-118.47321,32.84024],[-118.47315,32.84012],[-118.4732,32.84],[-118.4734,32.83986],[-118.47376,32.83938],[-118.4735,32.83908],[-118.47296,32.83911],[-118.47271,32.8389],[-118.47232,32.83888],[-118.47194,32.83922],[-118.47159,32.83864],[-118.47138,32.83848],[-118.47137,32.83792],[-118.47095,32.83779],[-118.47098,32.83789],[-118.47074,32.838],[-118.47064,32.83797],[-118.47061,32.83782],[-118.47071,32.83778],[-118.47079,32.83757],[-118.47062,32.83743],[-118.47009,32.83794],[-118.47005,32.83787],[-118.47014,32.83772],[-118.47002,32.83749],[-118.46993,32.83756],[-118.46982,32.83751],[-118.46973,32.83712],[-118.46991,32.8367],[-118.47006,32.83657],[-118.47006,32.83649],[-118.46996,32.83652],[-118.46994,32.83632],[-118.47,32.83571],[-118.47011,32.83565],[-118.4701,32.83555],[-118.46979,32.83548],[-118.46966,32.83555],[-118.46974,32.83536],[-118.46992,32.83525],[-118.46981,32.8351],[-118.46964,32.83505],[-118.46973,32.83501],[-118.46969,32.83476],[-118.46979,32.83455],[-118.4696,32.83466],[-118.46953,32.8343],[-118.46935,32.83424],[-118.46894,32.83431],[-118.46881,32.83422],[-118.46892,32.83405],[-118.46875,32.83402],[-118.46851,32.83411],[-118.46822,32.83405],[-118.46808,32.83391],[-118.46824,32.83371],[-118.46814,32.83369],[-118.46822,32.83362],[-118.46778,32.83361],[-118.46796,32.8332],[-118.46787,32.83319],[-118.46774,32.83331],[-118.46757,32.83323],[-118.46743,32.83333],[-118.46725,32.83317],[-118.46717,32.83333],[-118.46695,32.83348],[-118.46682,32.83342],[-118.46678,32.83351],[-118.46657,32.83356],[-118.4664,32.83346],[-118.46658,32.83321],[-118.46655,32.83312],[-118.46634,32.83306],[-118.46582,32.8332],[-118.46574,32.83317],[-118.46571,32.83296],[-118.46558,32.8328],[-118.46524,32.83278],[-118.46509,32.83292],[-118.46499,32.83291],[-118.46469,32.8327],[-118.46431,32.83267],[-118.46395,32.83251],[-118.46383,32.83254],[-118.46374,32.8322],[-118.46349,32.83184],[-118.46326,32.83178],[-118.46299,32.83189],[-118.46296,32.83163],[-118.46272,32.83173],[-118.46265,32.83156],[-118.46272,32.83147],[-118.46249,32.83139],[-118.46262,32.83125],[-118.46252,32.83109],[-118.46239,32.83122],[-118.462,32.83111],[-118.4617,32.83118],[-118.46154,32.8311],[-118.46157,32.83102],[-118.46145,32.8309],[-118.46115,32.83128],[-118.46096,32.83138],[-118.46055,32.83109],[-118.46062,32.83077],[-118.46053,32.83079],[-118.46041,32.83066],[-118.46053,32.83041],[-118.46031,32.83038],[-118.46017,32.83026],[-118.4601,32.83011],[-118.46019,32.82974],[-118.46017,32.82967],[-118.46002,32.82962],[-118.46002,32.82944],[-118.45987,32.82934],[-118.45959,32.8293],[-118.45946,32.82915],[-118.45964,32.82898],[-118.45953,32.82875],[-118.45938,32.82881],[-118.45933,32.82859],[-118.45895,32.82852],[-118.45902,32.82833],[-118.45883,32.82792],[-118.45859,32.8281],[-118.45869,32.8278],[-118.45862,32.82754],[-118.45854,32.82748],[-118.45839,32.82754],[-118.45824,32.82777],[-118.45801,32.82776],[-118.45761,32.8276],[-118.45717,32.82726],[-118.45706,32.82744],[-118.4568,32.82744],[-118.45663,32.82734],[-118.45642,32.82739],[-118.45584,32.8272],[-118.45558,32.82702],[-118.45542,32.82685],[-118.45542,32.82659],[-118.45533,32.82644],[-118.45515,32.82638],[-118.45507,32.82649],[-118.45482,32.82636],[-118.45482,32.82617],[-118.45501,32.82597],[-118.45497,32.8259],[-118.45476,32.82587],[-118.45458,32.82596],[-118.45433,32.8258],[-118.45442,32.82558],[-118.45433,32.82551],[-118.45445,32.82518],[-118.45435,32.82522],[-118.45435,32.82507],[-118.45407,32.82512],[-118.45399,32.82507],[-118.45413,32.82492],[-118.45422,32.82457],[-118.45413,32.82435],[-118.45402,32.82436],[-118.45392,32.82408],[-118.45375,32.82415],[-118.45375,32.82405],[-118.45353,32.82392],[-118.45363,32.82363],[-118.45349,32.8236],[-118.45324,32.82317],[-118.45315,32.82313],[-118.45307,32.82325],[-118.45296,32.82312],[-118.45298,32.82299],[-118.45275,32.82304],[-118.45264,32.82294],[-118.45266,32.82282],[-118.45251,32.82285],[-118.45241,32.82279],[-118.45225,32.82256],[-118.45228,32.82248],[-118.4525,32.82241],[-118.45226,32.82201],[-118.45198,32.82202],[-118.45189,32.82196],[-118.45189,32.82185],[-118.45164,32.82168],[-118.45123,32.82162],[-118.45117,32.82156],[-118.45129,32.8214],[-118.45102,32.82143],[-118.45095,32.82136],[-118.45086,32.82109],[-118.45093,32.82093],[-118.45077,32.82077],[-118.45075,32.8205],[-118.45063,32.8205],[-118.4504,32.82035],[-118.45016,32.82],[-118.45021,32.81974],[-118.44987,32.81963],[-118.4496,32.81927],[-118.44935,32.81925],[-118.44897,32.81937],[-118.4487,32.81923],[-118.44856,32.81936],[-118.44722,32.81968],[-118.4471,32.81982],[-118.44702,32.82034],[-118.44688,32.82057],[-118.44647,32.82077],[-118.44608,32.82081],[-118.44593,32.82069],[-118.44569,32.82075],[-118.44546,32.82057],[-118.44538,32.82036],[-118.44525,32.82063],[-118.44471,32.82062],[-118.44451,32.82049],[-118.44444,32.82019],[-118.44425,32.81999],[-118.44402,32.81989],[-118.44392,32.81966],[-118.44376,32.81967],[-118.44354,32.81952],[-118.44338,32.81958],[-118.44313,32.81943],[-118.44261,32.81878],[-118.44272,32.81859],[-118.4426,32.81835],[-118.44152,32.81781],[-118.44151,32.81763],[-118.44101,32.81728],[-118.44094,32.81708],[-118.44079,32.81695],[-118.44044,32.81697],[-118.44001,32.81676],[-118.4397,32.81635],[-118.43967,32.81595],[-118.4395,32.81559],[-118.43917,32.81524],[-118.43907,32.8149],[-118.43878,32.81486],[-118.43875,32.81474],[-118.43854,32.8147],[-118.43847,32.81505],[-118.4384,32.81514],[-118.4382,32.81515],[-118.43815,32.81523],[-118.43822,32.81531],[-118.43796,32.81568],[-118.4377,32.81564],[-118.43776,32.81597],[-118.43756,32.81625],[-118.43746,32.81624],[-118.43734,32.81609],[-118.437,32.81659],[-118.43648,32.8166],[-118.43521,32.81633],[-118.43416,32.8159],[-118.43373,32.81563],[-118.43322,32.81525],[-118.43289,32.8148],[-118.432,32.81417],[-118.43134,32.81314],[-118.43133,32.813],[-118.4316,32.81286],[-118.43158,32.81275],[-118.43131,32.81276],[-118.43096,32.8125],[-118.43068,32.81211],[-118.43068,32.81183],[-118.43059,32.81177],[-118.43048,32.81182],[-118.43027,32.81163],[-118.43037,32.81132],[-118.43059,32.81099],[-118.43069,32.81054],[-118.43061,32.81041],[-118.4301,32.8103],[-118.42979,32.81051],[-118.42969,32.8105],[-118.42952,32.81038],[-118.4294,32.81002],[-118.4291,32.81012],[-118.42905,32.80999],[-118.42887,32.80994],[-118.42843,32.81006],[-118.42841,32.8095],[-118.42861,32.80922],[-118.42851,32.8092],[-118.42857,32.80901],[-118.42848,32.80883],[-118.42864,32.80872],[-118.4286,32.80865],[-118.42818,32.80889],[-118.42775,32.80882],[-118.42764,32.8086],[-118.42774,32.8084],[-118.42772,32.80819],[-118.42749,32.80817],[-118.42726,32.80802],[-118.42725,32.8079],[-118.42735,32.80781],[-118.42724,32.80705],[-118.42738,32.80691],[-118.42764,32.80691],[-118.42772,32.80684],[-118.42783,32.80686],[-118.42794,32.8067],[-118.42812,32.8067],[-118.42814,32.80655],[-118.42851,32.80661],[-118.42881,32.80627],[-118.42886,32.80611],[-118.42856,32.80605],[-118.42857,32.80588],[-118.42832,32.80555],[-118.42851,32.80541],[-118.42881,32.80532],[-118.42911,32.80565],[-118.42922,32.80561],[-118.42928,32.80535],[-118.42918,32.80506],[-118.42902,32.80503],[-118.42881,32.80511],[-118.4288,32.80497],[-118.42854,32.80476],[-118.42855,32.80451],[-118.4287,32.8045],[-118.42873,32.80442],[-118.42858,32.80405],[-118.42836,32.80378],[-118.42795,32.80367],[-118.42788,32.80383],[-118.42777,32.80385],[-118.42764,32.80382],[-118.42758,32.80365],[-118.42744,32.80388],[-118.42734,32.80385],[-118.42733,32.80374],[-118.42722,32.80375],[-118.4272,32.80386],[-118.4271,32.80388],[-118.427,32.80372],[-118.42684,32.80365],[-118.42678,32.80342],[-118.42678,32.80333],[-118.42697,32.80328],[-118.42711,32.80304],[-118.42701,32.80301],[-118.42669,32.80302],[-118.42675,32.80314],[-118.42667,32.80321],[-118.42654,32.80322],[-118.42652,32.80314],[-118.4262,32.80312],[-118.42613,32.80323],[-118.42586,32.80328],[-118.42579,32.80321],[-118.4258,32.80301],[-118.42604,32.80284],[-118.42619,32.8026],[-118.42598,32.80259],[-118.42592,32.80276],[-118.42584,32.80277],[-118.42551,32.80249],[-118.42531,32.80252],[-118.42527,32.80221],[-118.42581,32.8021],[-118.4259,32.80215],[-118.42617,32.80204],[-118.42621,32.80175],[-118.42671,32.80116],[-118.42624,32.80075],[-118.42602,32.80073],[-118.42587,32.80081],[-118.42579,32.80076],[-118.42573,32.80049],[-118.42547,32.80045],[-118.42544,32.80069],[-118.42515,32.8007],[-118.42486,32.80083],[-118.42487,32.80064],[-118.42476,32.80062],[-118.42465,32.80088],[-118.42481,32.80109],[-118.42483,32.80129],[-118.42472,32.80127],[-118.42455,32.80178],[-118.42445,32.80179],[-118.42452,32.80142],[-118.42413,32.80153],[-118.42417,32.80164],[-118.42437,32.80176],[-118.42432,32.80201],[-118.42482,32.80236],[-118.42471,32.80251],[-118.42451,32.80247],[-118.42444,32.80253],[-118.42429,32.80245],[-118.42411,32.8025],[-118.4241,32.80233],[-118.42397,32.80227],[-118.42397,32.80255],[-118.4242,32.80275],[-118.42413,32.80284],[-118.42428,32.80305],[-118.42426,32.80322],[-118.42435,32.80335],[-118.4242,32.80361],[-118.42418,32.80395],[-118.42436,32.80478],[-118.42416,32.80463],[-118.42398,32.80479],[-118.42392,32.80499],[-118.42374,32.80508],[-118.42377,32.80516],[-118.4237,32.80521],[-118.42357,32.80513],[-118.42311,32.80529],[-118.42303,32.80529],[-118.42288,32.80493],[-118.42277,32.80551],[-118.42221,32.80603],[-118.42211,32.80604],[-118.42202,32.8059],[-118.42194,32.80595],[-118.42173,32.80588],[-118.42152,32.80595],[-118.42142,32.80589],[-118.42105,32.80618],[-118.42074,32.80616],[-118.42068,32.80629],[-118.42036,32.80607],[-118.42029,32.80615],[-118.42007,32.80591],[-118.42002,32.8061],[-118.41984,32.8062],[-118.41961,32.8062],[-118.41933,32.80637],[-118.41913,32.8068],[-118.41897,32.80689],[-118.41869,32.80732],[-118.41833,32.80719],[-118.4183,32.80725],[-118.41802,32.80688],[-118.41796,32.80705],[-118.41775,32.80696],[-118.41769,32.80683],[-118.41743,32.80672],[-118.41735,32.80676],[-118.41732,32.80661],[-118.41713,32.80671],[-118.41692,32.80671],[-118.41691,32.80701],[-118.41721,32.80725],[-118.41728,32.80742],[-118.41721,32.80756],[-118.41724,32.80777],[-118.417,32.80806],[-118.41707,32.8085],[-118.41697,32.80867],[-118.41707,32.80925],[-118.41704,32.80974],[-118.41648,32.80979],[-118.41642,32.80985],[-118.41611,32.81056],[-118.41593,32.81074],[-118.41573,32.81119],[-118.41519,32.81136],[-118.41433,32.81148],[-118.41302,32.81148],[-118.41274,32.81143],[-118.41266,32.81131],[-118.41212,32.81099],[-118.41178,32.81026],[-118.41063,32.81018],[-118.41011,32.81031],[-118.40996,32.81018],[-118.40989,32.81038],[-118.40965,32.81042],[-118.40863,32.81088],[-118.40861,32.81101],[-118.4083,32.81113],[-118.40698,32.81122],[-118.4066,32.81115],[-118.40638,32.81103],[-118.4059,32.81129],[-118.40572,32.81118],[-118.40567,32.81123],[-118.40557,32.81118],[-118.40557,32.81108],[-118.40548,32.81112],[-118.40553,32.81097],[-118.40539,32.81095],[-118.40532,32.81102],[-118.4054,32.81115],[-118.40535,32.81123],[-118.40528,32.81118],[-118.40521,32.81135],[-118.40512,32.81127],[-118.40509,32.81136],[-118.40492,32.81137],[-118.40487,32.81145],[-118.4047,32.81138],[-118.40429,32.81178],[-118.40369,32.81194],[-118.40353,32.81204],[-118.40356,32.81235],[-118.4034,32.81224],[-118.40329,32.81249],[-118.40349,32.81293],[-118.40345,32.81303],[-118.40352,32.81305],[-118.40348,32.81334],[-118.40321,32.81378],[-118.40308,32.81441],[-118.40309,32.81493],[-118.40281,32.81539],[-118.40253,32.81616],[-118.4024,32.81673],[-118.40246,32.81686],[-118.40233,32.81726],[-118.40228,32.81831],[-118.40212,32.81871],[-118.40219,32.81901],[-118.40183,32.81959],[-118.40182,32.82001],[-118.40166,32.82051],[-118.40082,32.82096],[-118.3995,32.8214],[-118.39862,32.82147],[-118.3985,32.82142],[-118.39846,32.82121],[-118.39834,32.82118],[-118.39833,32.82148],[-118.39822,32.82151],[-118.39807,32.82137],[-118.39787,32.82165],[-118.39752,32.82165],[-118.39737,32.82189],[-118.39706,32.82194],[-118.39681,32.82197],[-118.39671,32.82195],[-118.3967,32.82184],[-118.3966,32.82191],[-118.39628,32.82182],[-118.39607,32.82156],[-118.39601,32.82129],[-118.39589,32.82132],[-118.39583,32.8215],[-118.3961,32.82208],[-118.39574,32.82249],[-118.3955,32.82244],[-118.39576,32.82302],[-118.39565,32.82324],[-118.39532,32.82342],[-118.3953,32.82358],[-118.39516,32.82362],[-118.39516,32.82381],[-118.3949,32.82396],[-118.39317,32.82458],[-118.3924,32.82476],[-118.39042,32.82499],[-118.3881,32.82535],[-118.38639,32.82543],[-118.3849,32.82514],[-118.38153,32.82472],[-118.37965,32.82433],[-118.37903,32.82411],[-118.37899,32.82375],[-118.37879,32.82356],[-118.37838,32.82372],[-118.37828,32.82356],[-118.37799,32.82359],[-118.37777,32.82343],[-118.37766,32.82349],[-118.37753,32.82333],[-118.37654,32.82284],[-118.37598,32.82278],[-118.376,32.82269],[-118.37591,32.82264],[-118.37576,32.82273],[-118.37583,32.82244],[-118.37512,32.82205],[-118.37476,32.82199],[-118.37455,32.82217],[-118.37447,32.82206],[-118.37418,32.82205],[-118.37396,32.82187],[-118.37363,32.82186],[-118.37358,32.82178],[-118.37339,32.82185],[-118.37316,32.82171],[-118.37343,32.82158],[-118.3733,32.82144],[-118.37269,32.82168],[-118.3726,32.82163],[-118.37274,32.8215],[-118.37258,32.82146],[-118.37267,32.82129],[-118.37242,32.82132],[-118.37231,32.82101],[-118.37242,32.82088],[-118.37243,32.82071],[-118.3726,32.8206],[-118.37254,32.82052],[-118.3726,32.82045],[-118.37243,32.82016],[-118.37234,32.82015],[-118.37235,32.82035],[-118.37221,32.8202],[-118.37216,32.82037],[-118.37192,32.82045],[-118.37184,32.82037],[-118.37157,32.82041],[-118.37136,32.82054],[-118.37115,32.82034],[-118.37118,32.82004],[-118.37111,32.81998],[-118.37017,32.81988],[-118.36973,32.82005],[-118.36969,32.82015],[-118.36962,32.82009],[-118.36953,32.82013],[-118.3695,32.82001],[-118.36935,32.82021],[-118.36907,32.82025],[-118.3688,32.82012],[-118.36863,32.82015],[-118.3686,32.82023],[-118.368,32.82033],[-118.36779,32.82025],[-118.36719,32.82021],[-118.36646,32.82035],[-118.36641,32.82043],[-118.36616,32.82039],[-118.36605,32.82047],[-118.36536,32.82054],[-118.36158,32.8202],[-118.36144,32.82005],[-118.36134,32.8201],[-118.36118,32.81982],[-118.3608,32.81987],[-118.36065,32.81964],[-118.36055,32.81963],[-118.36055,32.81974],[-118.36048,32.81976],[-118.36016,32.81957],[-118.35984,32.81974],[-118.35955,32.81958],[-118.35944,32.81943],[-118.35928,32.81943],[-118.35925,32.81926],[-118.35888,32.81922],[-118.35877,32.81908],[-118.35881,32.81896],[-118.35892,32.81891],[-118.359,32.81861],[-118.35894,32.81855],[-118.35866,32.81871],[-118.35853,32.81864],[-118.35846,32.81838],[-118.35833,32.81842],[-118.35836,32.81823],[-118.35827,32.81819],[-118.35826,32.81807],[-118.35814,32.81806],[-118.35802,32.81829],[-118.35741,32.81849],[-118.35736,32.8184],[-118.35708,32.81866],[-118.35699,32.81865],[-118.35694,32.81858],[-118.35711,32.8183],[-118.35677,32.81794],[-118.35677,32.81758],[-118.35662,32.81739],[-118.35653,32.81707],[-118.35597,32.81735],[-118.35557,32.81717],[-118.35568,32.81701],[-118.35623,32.81672],[-118.35591,32.81629],[-118.35611,32.81601],[-118.35589,32.81579],[-118.35578,32.81579],[-118.35573,32.81564],[-118.35562,32.81562],[-118.35543,32.8158],[-118.35545,32.81589],[-118.35487,32.81603],[-118.3548,32.81594],[-118.35454,32.8159],[-118.35428,32.8161],[-118.35423,32.8164],[-118.35426,32.81651],[-118.35454,32.81658],[-118.35455,32.81707],[-118.35435,32.81747],[-118.35399,32.81777],[-118.35334,32.81804],[-118.35296,32.81807],[-118.35255,32.81778],[-118.35246,32.8178],[-118.35251,32.81795],[-118.35264,32.81803],[-118.35229,32.81814],[-118.35212,32.81801],[-118.35201,32.81806],[-118.35184,32.8179],[-118.35148,32.81792],[-118.35097,32.81819],[-118.35077,32.81841],[-118.35053,32.81845],[-118.35035,32.81857],[-118.35028,32.81871],[-118.35061,32.81854],[-118.35049,32.81883],[-118.35053,32.8189],[-118.35071,32.81892],[-118.35078,32.81909],[-118.35077,32.81924],[-118.35051,32.81924],[-118.35057,32.81942],[-118.35042,32.81944],[-118.35057,32.81954],[-118.35056,32.81962],[-118.35032,32.81958],[-118.35006,32.81967],[-118.34964,32.8197],[-118.34885,32.8204],[-118.34941,32.82043],[-118.35029,32.82029],[-118.35076,32.82014],[-118.35101,32.82015],[-118.35122,32.81999],[-118.35142,32.82005],[-118.35114,32.82075],[-118.35117,32.82085],[-118.3513,32.82085],[-118.35132,32.82095],[-118.35143,32.82097],[-118.35165,32.82129],[-118.35209,32.8215],[-118.3531,32.82143],[-118.35314,32.8215],[-118.35307,32.82162],[-118.35316,32.82174],[-118.35333,32.82159],[-118.35337,32.82179],[-118.35364,32.8219],[-118.35373,32.82202],[-118.35383,32.82201],[-118.35431,32.82247],[-118.3548,32.8228],[-118.35511,32.82322],[-118.35516,32.82342],[-118.35538,32.82356],[-118.3556,32.82389],[-118.35687,32.8249],[-118.35733,32.82559],[-118.35809,32.82629],[-118.35885,32.82682],[-118.35894,32.82698],[-118.35936,32.82724],[-118.35942,32.82735],[-118.35974,32.82726],[-118.35978,32.82734],[-118.35969,32.82743],[-118.35996,32.82802],[-118.35995,32.82826],[-118.36026,32.82884],[-118.36024,32.82916],[-118.36049,32.82949],[-118.36046,32.82958],[-118.36059,32.8298],[-118.36044,32.82992],[-118.36014,32.82977],[-118.35955,32.82983],[-118.35942,32.82976],[-118.35954,32.82996],[-118.36005,32.83012],[-118.36041,32.83009],[-118.36063,32.82996],[-118.36083,32.82999],[-118.36126,32.83026],[-118.36207,32.83114],[-118.36277,32.83126],[-118.36338,32.8316],[-118.36342,32.83168],[-118.36333,32.83185],[-118.36304,32.83203],[-118.36298,32.83218],[-118.36354,32.83265],[-118.36391,32.8328],[-118.36428,32.83332],[-118.36433,32.83326],[-118.36459,32.8335],[-118.36473,32.83384],[-118.36468,32.83404],[-118.36505,32.83443],[-118.36513,32.8344],[-118.36518,32.83466],[-118.36543,32.83502],[-118.36613,32.83535],[-118.36634,32.83564],[-118.36656,32.83617],[-118.36734,32.83649],[-118.36734,32.83684],[-118.36722,32.837],[-118.3673,32.83708],[-118.36755,32.83707],[-118.36782,32.83734],[-118.36807,32.83727],[-118.36809,32.83745],[-118.36821,32.83758],[-118.36833,32.8375],[-118.36859,32.83767],[-118.36873,32.83767],[-118.36886,32.8378],[-118.36895,32.83774],[-118.3694,32.83799],[-118.36964,32.83835],[-118.36959,32.83855],[-118.36984,32.83875],[-118.37017,32.83952],[-118.37038,32.83957],[-118.3704,32.83965],[-118.37063,32.8396],[-118.37141,32.83983],[-118.37221,32.84032],[-118.37261,32.84069],[-118.37317,32.84059],[-118.37353,32.84071],[-118.37373,32.8407],[-118.37395,32.84082],[-118.37434,32.84085],[-118.37503,32.84115],[-118.37538,32.84143],[-118.37548,32.8417],[-118.37522,32.84219],[-118.37525,32.84255],[-118.37561,32.84259],[-118.37579,32.84271],[-118.37616,32.84253],[-118.37647,32.84253],[-118.37687,32.84271],[-118.37702,32.84287],[-118.37722,32.84282],[-118.37732,32.8427],[-118.37745,32.84293],[-118.37799,32.84296],[-118.37869,32.84356],[-118.37877,32.84373],[-118.37906,32.8438],[-118.37925,32.84399],[-118.37951,32.84404],[-118.37976,32.84436],[-118.3797,32.84444],[-118.3798,32.84449],[-118.37963,32.84492],[-118.37968,32.84503],[-118.38006,32.84513],[-118.38012,32.84557],[-118.38043,32.84571],[-118.38035,32.84577],[-118.38045,32.84588],[-118.38041,32.84604],[-118.38054,32.84615],[-118.38043,32.84635],[-118.38048,32.84644],[-118.38068,32.84631],[-118.38092,32.84639],[-118.38094,32.84667],[-118.3812,32.84704],[-118.38118,32.84711],[-118.38086,32.84706],[-118.38105,32.8473],[-118.38145,32.8475],[-118.38172,32.84783],[-118.38204,32.84789],[-118.38242,32.84785],[-118.38262,32.84793],[-118.38277,32.84788],[-118.3831,32.84802],[-118.38328,32.84823],[-118.38359,32.84821],[-118.3838,32.84832],[-118.38411,32.84862],[-118.38421,32.84862],[-118.3849,32.84915],[-118.38527,32.84928],[-118.38529,32.8492],[-118.38549,32.84916],[-118.38576,32.84925],[-118.38628,32.84972],[-118.3864,32.85034],[-118.3862,32.85057],[-118.38625,32.85073],[-118.38636,32.85079],[-118.38665,32.85078],[-118.387,32.85125],[-118.38724,32.85138],[-118.3877,32.85127],[-118.388,32.8513],[-118.3883,32.85143],[-118.38843,32.8514],[-118.38867,32.85156],[-118.38886,32.85188],[-118.38933,32.85195],[-118.39018,32.85236],[-118.39066,32.85286],[-118.39074,32.85316],[-118.39099,32.85357],[-118.391,32.85415],[-118.39109,32.85419],[-118.39104,32.85428],[-118.39122,32.85423],[-118.39185,32.85477],[-118.39193,32.85493],[-118.3918,32.85541],[-118.39192,32.85552],[-118.39234,32.85559],[-118.39279,32.85586],[-118.39307,32.85593],[-118.39316,32.85605],[-118.39331,32.85594],[-118.39359,32.85595],[-118.39385,32.85608],[-118.39403,32.85607],[-118.39452,32.85638],[-118.39546,32.85638],[-118.39644,32.85658],[-118.39674,32.85672],[-118.39702,32.85704],[-118.39696,32.85721],[-118.39713,32.85725],[-118.39737,32.85746],[-118.3982,32.85846],[-118.3987,32.85885],[-118.39945,32.8591],[-118.40083,32.86027],[-118.40095,32.86051],[-118.40088,32.86082],[-118.40121,32.86114],[-118.40136,32.86153],[-118.40222,32.86221],[-118.40265,32.86245],[-118.40286,32.86271],[-118.40288,32.86283],[-118.40274,32.8632],[-118.40264,32.86323],[-118.40268,32.8633],[-118.40405,32.86354],[-118.40466,32.86378],[-118.40492,32.86397],[-118.40519,32.86421],[-118.40539,32.86464],[-118.40581,32.8649],[-118.40613,32.86531],[-118.40683,32.86574],[-118.40783,32.86674],[-118.40809,32.86687],[-118.40846,32.86769],[-118.40889,32.86799],[-118.40911,32.86802],[-118.40929,32.86818],[-118.41,32.86826],[-118.41082,32.86859],[-118.41334,32.86989],[-118.4139,32.87039],[-118.41478,32.87143],[-118.41604,32.87221],[-118.41643,32.87256],[-118.41696,32.87324],[-118.41713,32.87364],[-118.4178,32.87405],[-118.418,32.87431],[-118.418,32.87449],[-118.41838,32.87468],[-118.41839,32.87481],[-118.4185,32.87481],[-118.41859,32.87494],[-118.41884,32.87498],[-118.419,32.87526],[-118.41929,32.87541],[-118.41944,32.87539],[-118.41976,32.8755],[-118.42064,32.87593],[-118.42176,32.8767],[-118.42238,32.87728],[-118.4234,32.87763],[-118.42461,32.87833],[-118.42525,32.87903],[-118.42619,32.87964],[-118.42719,32.88046],[-118.42761,32.88103],[-118.42757,32.88112],[-118.42893,32.88184],[-118.42998,32.88264],[-118.43061,32.8833],[-118.43091,32.88384],[-118.43159,32.8842],[-118.43228,32.88502],[-118.43306,32.88546],[-118.43517,32.88708],[-118.43663,32.88832],[-118.43676,32.88868],[-118.43795,32.8892],[-118.43802,32.8893],[-118.43825,32.88936],[-118.43842,32.88956],[-118.43867,32.88962],[-118.43984,32.89051],[-118.44057,32.8913],[-118.44141,32.89163],[-118.44214,32.8924],[-118.44234,32.89239],[-118.44259,32.89251],[-118.44265,32.89271],[-118.44279,32.89268],[-118.44402,32.89351],[-118.44445,32.89365],[-118.44511,32.89408],[-118.44569,32.89431],[-118.4463,32.89484],[-118.44727,32.89542],[-118.44753,32.89569],[-118.44759,32.89589],[-118.44808,32.8963],[-118.4486,32.89697],[-118.44921,32.89724],[-118.45047,32.89812],[-118.45135,32.89892],[-118.45217,32.89945],[-118.45248,32.89975],[-118.45327,32.90071],[-118.45396,32.90186],[-118.45501,32.9029],[-118.45582,32.904],[-118.45736,32.90524],[-118.45808,32.90606],[-118.45827,32.90631],[-118.45881,32.90752],[-118.45926,32.90811],[-118.45966,32.90834],[-118.4606,32.9093],[-118.46301,32.91068],[-118.46388,32.91132],[-118.46409,32.91158],[-118.46542,32.91245],[-118.46626,32.91321],[-118.46722,32.91439],[-118.46782,32.91468],[-118.46877,32.91489],[-118.46947,32.91514],[-118.46971,32.91531],[-118.46971,32.91539],[-118.4698,32.91536],[-118.47008,32.91546],[-118.47043,32.91574],[-118.47054,32.91573],[-118.47059,32.91596],[-118.47134,32.91608],[-118.47166,32.91633],[-118.47201,32.91641],[-118.47246,32.91664],[-118.47284,32.91701],[-118.47339,32.91738],[-118.47405,32.91744],[-118.47516,32.91777],[-118.47549,32.91809],[-118.47539,32.91828],[-118.47543,32.91836],[-118.47561,32.91827],[-118.47572,32.91841],[-118.47609,32.91851],[-118.47797,32.91954],[-118.47903,32.9204],[-118.48005,32.92057],[-118.48111,32.92087],[-118.48286,32.92174],[-118.48339,32.92223],[-118.48322,32.92246],[-118.48328,32.92266],[-118.48337,32.92258],[-118.48378,32.92264],[-118.48439,32.92283],[-118.48518,32.92325],[-118.48556,32.92355],[-118.48566,32.92377],[-118.48636,32.92422],[-118.48655,32.92445],[-118.48697,32.92467],[-118.48716,32.92514],[-118.48944,32.92681],[-118.49032,32.92765],[-118.49099,32.92806],[-118.49139,32.92858],[-118.49203,32.92908],[-118.49217,32.92939],[-118.49227,32.92939],[-118.49246,32.92965],[-118.49257,32.92967],[-118.49261,32.92989],[-118.49356,32.93094],[-118.49435,32.93138],[-118.49616,32.93285],[-118.49628,32.93307],[-118.49645,32.9332],[-118.49648,32.9334],[-118.49676,32.93374],[-118.49808,32.93514],[-118.49993,32.93738],[-118.50133,32.9385],[-118.50352,32.94058],[-118.50425,32.94151],[-118.50512,32.94348],[-118.50537,32.94361],[-118.50683,32.94495],[-118.50788,32.94603],[-118.51025,32.94898],[-118.51396,32.95284],[-118.51425,32.95329],[-118.51463,32.95432],[-118.51489,32.95571],[-118.51534,32.95685],[-118.51533,32.95705],[-118.51519,32.95723],[-118.51536,32.95721],[-118.51547,32.95731],[-118.51573,32.95785],[-118.51669,32.95912],[-118.5186,32.9613],[-118.51866,32.96139],[-118.51858,32.9615],[-118.51882,32.96183],[-118.51892,32.96182],[-118.51912,32.96205],[-118.51934,32.96216],[-118.51967,32.96249],[-118.51975,32.96272],[-118.52011,32.96286],[-118.52018,32.9631],[-118.52011,32.96353],[-118.52024,32.96384],[-118.52083,32.96393],[-118.52132,32.9643],[-118.52223,32.96482],[-118.52335,32.96577],[-118.52407,32.9666],[-118.52459,32.96689],[-118.52539,32.9675],[-118.52659,32.96873],[-118.52678,32.96875],[-118.5269,32.96893],[-118.52722,32.96897],[-118.52748,32.9691],[-118.52874,32.97008],[-118.52926,32.9707],[-118.52944,32.97106],[-118.53002,32.97182],[-118.53026,32.97251],[-118.5306,32.97311],[-118.53066,32.97349],[-118.53082,32.97376],[-118.53092,32.97418],[-118.53122,32.97475],[-118.53131,32.97527],[-118.53186,32.97595],[-118.53221,32.97617],[-118.53319,32.97657],[-118.53334,32.97679],[-118.53382,32.97717],[-118.53403,32.97723],[-118.53441,32.9772],[-118.53498,32.97732],[-118.53628,32.97785],[-118.53756,32.97894],[-118.53876,32.97967],[-118.53886,32.97982],[-118.53886,32.98004],[-118.53919,32.98013],[-118.53972,32.98045],[-118.5409,32.98162],[-118.54332,32.98506],[-118.54415,32.9866],[-118.54514,32.98804],[-118.54568,32.98921],[-118.54588,32.99],[-118.54614,32.99059],[-118.54664,32.99254],[-118.54651,32.99445],[-118.54666,32.99588],[-118.54733,32.99763],[-118.54734,32.99797],[-118.54753,32.9985],[-118.54768,32.99943],[-118.54788,32.99994],[-118.54796,33.00054],[-118.54826,33.00119],[-118.54847,33.00139],[-118.54956,33.00192],[-118.54974,33.00211],[-118.5502,33.00298],[-118.55086,33.0034],[-118.55144,33.0036],[-118.5521,33.00419],[-118.55272,33.00493],[-118.55373,33.00568],[-118.55407,33.0058],[-118.55452,33.0057],[-118.55487,33.00553],[-118.55501,33.00537],[-118.55603,33.0049],[-118.5564,33.00477],[-118.5567,33.00474],[-118.55759,33.00492],[-118.55794,33.00511],[-118.55806,33.00535],[-118.55886,33.00556],[-118.55902,33.00574],[-118.55928,33.00579],[-118.55953,33.00667],[-118.5596,33.00661],[-118.55967,33.00665],[-118.55988,33.00715],[-118.55988,33.00741],[-118.55995,33.00736],[-118.56,33.00743],[-118.56021,33.00792],[-118.5604,33.00809],[-118.56045,33.00843],[-118.56077,33.00878],[-118.56111,33.00952],[-118.56115,33.01032],[-118.56098,33.01055],[-118.5607,33.01067],[-118.56071,33.01075],[-118.56111,33.01103],[-118.56118,33.01141],[-118.56129,33.01159],[-118.56127,33.01206],[-118.56136,33.01254],[-118.56117,33.01286],[-118.56122,33.01298],[-118.56139,33.01324],[-118.56163,33.01338],[-118.56194,33.01394],[-118.56228,33.01464],[-118.56226,33.01501],[-118.56239,33.0152],[-118.56267,33.01533],[-118.56313,33.01572],[-118.56359,33.01667],[-118.56378,33.01678],[-118.56376,33.01695],[-118.5641,33.01723],[-118.5642,33.0174],[-118.56414,33.01771],[-118.56421,33.01777],[-118.56421,33.01798],[-118.56457,33.01812],[-118.56482,33.01877],[-118.56494,33.01982],[-118.56489,33.02028],[-118.56472,33.02044],[-118.56456,33.02148],[-118.56459,33.02179],[-118.56452,33.02197],[-118.56426,33.02214],[-118.56414,33.02285],[-118.56389,33.02321],[-118.56376,33.02361],[-118.5636,33.02377],[-118.56364,33.02396],[-118.56376,33.02388],[-118.56425,33.02439],[-118.56452,33.02449],[-118.56476,33.02443],[-118.56496,33.02449],[-118.56514,33.02461],[-118.5652,33.02486],[-118.56536,33.02482],[-118.5656,33.02506],[-118.56621,33.02524],[-118.56617,33.02585],[-118.56643,33.02633],[-118.56672,33.02647],[-118.56683,33.02684],[-118.5674,33.02706],[-118.56785,33.0277],[-118.56845,33.02802],[-118.56877,33.02854],[-118.56939,33.02909],[-118.56996,33.02937],[-118.57026,33.02915],[-118.57067,33.02909],[-118.57097,33.02914],[-118.57127,33.02957],[-118.572,33.03],[-118.57279,33.0303],[-118.57297,33.03056],[-118.57302,33.03082],[-118.57325,33.03109],[-118.57333,33.03147],[-118.57366,33.03189],[-118.57372,33.03216],[-118.57386,33.0323],[-118.57406,33.0323],[-118.57412,33.03244],[-118.5743,33.03234],[-118.57438,33.03241],[-118.57488,33.03327],[-118.57521,33.03354],[-118.57553,33.03337],[-118.57648,33.03263],[-118.57767,33.03113],[-118.57883,33.03047],[-118.57987,33.0302],[-118.58087,33.03037],[-118.58103,33.03044],[-118.58108,33.03055],[-118.58131,33.03053],[-118.58165,33.03072],[-118.58173,33.03064],[-118.58188,33.03067],[-118.58193,33.03052],[-118.58208,33.03044],[-118.58285,33.03045],[-118.58294,33.03052],[-118.5838,33.02999],[-118.58436,33.02929],[-118.58519,33.0287],[-118.58544,33.02868],[-118.58544,33.02861],[-118.58558,33.02862],[-118.58562,33.02852],[-118.58584,33.02843],[-118.5872,33.02834],[-118.58833,33.02852],[-118.5893,33.02876],[-118.59005,33.02912],[-118.59037,33.0294],[-118.59063,33.02989],[-118.5906,33.03023],[-118.59079,33.03042],[-118.59106,33.03112],[-118.5908,33.03144],[-118.59062,33.03192],[-118.59067,33.03201],[-118.59093,33.03183],[-118.59103,33.03184],[-118.59098,33.03236],[-118.59113,33.0323],[-118.59137,33.03237],[-118.59121,33.03266],[-118.59132,33.03272],[-118.59161,33.03267],[-118.5917,33.03273],[-118.59185,33.03297],[-118.59175,33.03298],[-118.59174,33.0333],[-118.59193,33.03327],[-118.59191,33.03354],[-118.59199,33.03352],[-118.59212,33.03366],[-118.59274,33.03397],[-118.59282,33.03411],[-118.59282,33.03468],[-118.5926,33.0349],[-118.59299,33.03487]]],[[[-118.60492,33.47895],[-118.60504,33.47904],[-118.6052,33.47902],[-118.60536,33.47876],[-118.60548,33.47872],[-118.60576,33.47895],[-118.60588,33.47895],[-118.60595,33.47885],[-118.60607,33.47891],[-118.60618,33.47877],[-118.60626,33.47884],[-118.60632,33.47877],[-118.60622,33.47872],[-118.60632,33.47847],[-118.60599,33.47857],[-118.60576,33.47842],[-118.60545,33.4784],[-118.60543,33.47824],[-118.6053,33.4782],[-118.60536,33.47813],[-118.60534,33.47784],[-118.60511,33.47762],[-118.60499,33.47711],[-118.60516,33.47715],[-118.60536,33.47706],[-118.60537,33.47698],[-118.60485,33.47681],[-118.6049,33.47693],[-118.60509,33.47699],[-118.60504,33.47706],[-118.60444,33.47672],[-118.60398,33.47689],[-118.60396,33.47678],[-118.60382,33.47671],[-118.60342,33.47611],[-118.60348,33.47592],[-118.60368,33.47581],[-118.60365,33.4756],[-118.60327,33.47533],[-118.6031,33.4753],[-118.60271,33.47482],[-118.60231,33.4747],[-118.60188,33.47426],[-118.60183,33.47409],[-118.60189,33.47397],[-118.60177,33.47394],[-118.60177,33.47367],[-118.60208,33.4736],[-118.60204,33.47344],[-118.60217,33.47332],[-118.6022,33.47314],[-118.60215,33.47305],[-118.60197,33.47302],[-118.60195,33.47294],[-118.60207,33.47283],[-118.60232,33.47282],[-118.60231,33.47271],[-118.60214,33.47263],[-118.60235,33.47264],[-118.60236,33.47243],[-118.60229,33.47238],[-118.60247,33.47241],[-118.60255,33.47234],[-118.60231,33.47225],[-118.60229,33.47205],[-118.60237,33.47193],[-118.60222,33.47187],[-118.60226,33.47178],[-118.60214,33.47167],[-118.60193,33.47159],[-118.60189,33.47143],[-118.60177,33.47133],[-118.60182,33.47115],[-118.60166,33.47111],[-118.60174,33.47082],[-118.60164,33.47063],[-118.60145,33.47046],[-118.60129,33.47041],[-118.60127,33.47031],[-118.60103,33.47014],[-118.60104,33.47006],[-118.60087,33.47001],[-118.60062,33.46964],[-118.60003,33.46968],[-118.60002,33.4695],[-118.59983,33.46946],[-118.59963,33.46931],[-118.59958,33.46914],[-118.59967,33.46912],[-118.59943,33.46897],[-118.59922,33.46901],[-118.5991,33.4689],[-118.59892,33.46891],[-118.59863,33.46869],[-118.59827,33.46874],[-118.59824,33.46886],[-118.59804,33.46883],[-118.59789,33.46896],[-118.59754,33.46887],[-118.59744,33.46895],[-118.59726,33.46887],[-118.59716,33.46897],[-118.59675,33.46888],[-118.59631,33.46858],[-118.59597,33.46807],[-118.59569,33.46789],[-118.59531,33.46781],[-118.59527,33.46768],[-118.59484,33.46748],[-118.5945,33.46754],[-118.594,33.46725],[-118.59396,33.46716],[-118.5937,33.46719],[-118.5936,33.46714],[-118.59349,33.46684],[-118.59316,33.46642],[-118.59292,33.46596],[-118.5929,33.46584],[-118.59303,33.46583],[-118.59298,33.46571],[-118.59306,33.46563],[-118.59276,33.46557],[-118.59266,33.46533],[-118.59269,33.46522],[-118.59282,33.46522],[-118.59278,33.46511],[-118.59298,33.4649],[-118.59289,33.46431],[-118.59311,33.46422],[-118.59312,33.46412],[-118.59305,33.46406],[-118.59273,33.46411],[-118.5928,33.4642],[-118.59275,33.46424],[-118.59249,33.46417],[-118.59255,33.46409],[-118.59232,33.4637],[-118.59208,33.46363],[-118.59171,33.4633],[-118.59164,33.46302],[-118.59147,33.46279],[-118.59153,33.46255],[-118.59145,33.46244],[-118.59146,33.46219],[-118.59136,33.46206],[-118.59121,33.46206],[-118.59112,33.46197],[-118.59109,33.46166],[-118.59125,33.46164],[-118.59128,33.46155],[-118.59116,33.46143],[-118.59113,33.46115],[-118.5909,33.46113],[-118.5906,33.46129],[-118.59041,33.46129],[-118.59034,33.4614],[-118.59001,33.46131],[-118.58988,33.46144],[-118.58972,33.4614],[-118.58951,33.4615],[-118.58912,33.46141],[-118.58908,33.4613],[-118.58897,33.46141],[-118.58881,33.46142],[-118.5886,33.46115],[-118.58867,33.46106],[-118.58862,33.46098],[-118.58821,33.46082],[-118.58823,33.46074],[-118.58809,33.46064],[-118.58793,33.46069],[-118.5878,33.46056],[-118.58719,33.4603],[-118.58697,33.45987],[-118.58696,33.45951],[-118.5864,33.45898],[-118.58641,33.45884],[-118.58633,33.45877],[-118.58639,33.45863],[-118.58631,33.45856],[-118.58638,33.45844],[-118.58618,33.45797],[-118.58602,33.4579],[-118.58588,33.45772],[-118.58587,33.45758],[-118.5853,33.45712],[-118.58501,33.45676],[-118.58505,33.45665],[-118.58496,33.45662],[-118.58483,33.45635],[-118.58487,33.45588],[-118.58473,33.45581],[-118.58456,33.45527],[-118.58456,33.45508],[-118.58468,33.45495],[-118.58463,33.45487],[-118.58448,33.45484],[-118.58454,33.45474],[-118.58438,33.45468],[-118.58419,33.45486],[-118.58402,33.45477],[-118.58395,33.45483],[-118.58371,33.45478],[-118.58347,33.45453],[-118.58344,33.45436],[-118.58323,33.45431],[-118.58325,33.45419],[-118.58313,33.45413],[-118.5833,33.45359],[-118.58326,33.45317],[-118.5827,33.45314],[-118.58248,33.45298],[-118.58253,33.45284],[-118.58241,33.45275],[-118.58238,33.45285],[-118.5823,33.45281],[-118.58209,33.45293],[-118.58174,33.45266],[-118.58119,33.45259],[-118.58109,33.45249],[-118.58097,33.45254],[-118.58086,33.45243],[-118.58064,33.45242],[-118.58063,33.45228],[-118.58072,33.4522],[-118.58065,33.45209],[-118.58069,33.45166],[-118.58053,33.45144],[-118.58064,33.45142],[-118.58086,33.45117],[-118.58083,33.45065],[-118.5806,33.45055],[-118.58051,33.45078],[-118.58031,33.4506],[-118.58026,33.45067],[-118.58037,33.45076],[-118.58034,33.45083],[-118.58011,33.45063],[-118.57974,33.45077],[-118.57973,33.45061],[-118.57959,33.45061],[-118.57952,33.45045],[-118.5794,33.45043],[-118.57941,33.45014],[-118.57929,33.45009],[-118.5792,33.4502],[-118.57909,33.44993],[-118.57884,33.44991],[-118.57894,33.44961],[-118.57885,33.44914],[-118.57851,33.44922],[-118.57814,33.44895],[-118.57819,33.44884],[-118.57795,33.44881],[-118.57789,33.44855],[-118.57778,33.44848],[-118.57775,33.44805],[-118.57784,33.44789],[-118.57754,33.44756],[-118.57741,33.4475],[-118.57731,33.44754],[-118.57725,33.44779],[-118.57709,33.44793],[-118.57692,33.44795],[-118.57691,33.44815],[-118.5767,33.44813],[-118.57653,33.44824],[-118.57645,33.4482],[-118.57616,33.44836],[-118.57558,33.44822],[-118.57523,33.44828],[-118.57496,33.44791],[-118.57486,33.44793],[-118.57482,33.44802],[-118.57457,33.44805],[-118.57442,33.44793],[-118.57405,33.44794],[-118.57397,33.44785],[-118.57387,33.44789],[-118.57365,33.44773],[-118.57341,33.44785],[-118.57343,33.44773],[-118.57326,33.44775],[-118.57299,33.44765],[-118.57291,33.44752],[-118.57296,33.4474],[-118.57288,33.44734],[-118.57298,33.44708],[-118.57311,33.44723],[-118.5731,33.44713],[-118.57322,33.44713],[-118.57314,33.44708],[-118.57321,33.44691],[-118.57311,33.44674],[-118.57318,33.44654],[-118.57305,33.44646],[-118.57307,33.44623],[-118.57283,33.44624],[-118.57272,33.44617],[-118.57313,33.44561],[-118.573,33.44548],[-118.57296,33.44512],[-118.57271,33.44487],[-118.57236,33.44487],[-118.57203,33.44501],[-118.57197,33.44486],[-118.57179,33.44485],[-118.57175,33.44472],[-118.57135,33.44428],[-118.57158,33.44404],[-118.57182,33.44408],[-118.57199,33.44398],[-118.57232,33.44355],[-118.57289,33.44341],[-118.57298,33.44324],[-118.57334,33.44305],[-118.57365,33.44304],[-118.57372,33.44294],[-118.57386,33.44294],[-118.57388,33.44282],[-118.57402,33.44274],[-118.57416,33.44241],[-118.57391,33.44151],[-118.5741,33.44133],[-118.57408,33.44106],[-118.57419,33.441],[-118.5742,33.44087],[-118.57442,33.44081],[-118.57434,33.44056],[-118.5742,33.44048],[-118.57416,33.44006],[-118.57397,33.43982],[-118.57377,33.43973],[-118.57338,33.4398],[-118.57319,33.43962],[-118.57273,33.43939],[-118.57254,33.43915],[-118.57269,33.43896],[-118.5726,33.43878],[-118.57213,33.43883],[-118.5719,33.43877],[-118.57161,33.43893],[-118.57121,33.43934],[-118.57069,33.43914],[-118.57051,33.43914],[-118.57013,33.43892],[-118.56972,33.43889],[-118.56955,33.43867],[-118.56941,33.43876],[-118.56919,33.43874],[-118.56914,33.43856],[-118.56901,33.43855],[-118.56881,33.43842],[-118.56865,33.43839],[-118.56858,33.43848],[-118.56842,33.43846],[-118.5683,33.43837],[-118.56832,33.43827],[-118.56795,33.43813],[-118.56781,33.43795],[-118.5675,33.438],[-118.56711,33.4378],[-118.56674,33.43782],[-118.56631,33.4377],[-118.5662,33.43774],[-118.56531,33.43763],[-118.56524,33.43754],[-118.56493,33.43752],[-118.56489,33.43741],[-118.56499,33.4373],[-118.56487,33.43724],[-118.56463,33.4374],[-118.56453,33.43722],[-118.56422,33.437],[-118.56421,33.43676],[-118.56433,33.43675],[-118.56438,33.43658],[-118.56452,33.43651],[-118.56441,33.43649],[-118.56444,33.43633],[-118.56431,33.43596],[-118.56409,33.43577],[-118.56425,33.43568],[-118.56421,33.43556],[-118.56412,33.43554],[-118.56422,33.43547],[-118.56409,33.43547],[-118.56413,33.43526],[-118.56394,33.43508],[-118.56367,33.43502],[-118.56368,33.43479],[-118.56356,33.43474],[-118.56348,33.43457],[-118.56354,33.43412],[-118.56343,33.43412],[-118.56348,33.43422],[-118.56331,33.4343],[-118.56313,33.43422],[-118.56314,33.43435],[-118.56286,33.43447],[-118.5627,33.4344],[-118.56241,33.43446],[-118.56199,33.43424],[-118.56185,33.4343],[-118.56168,33.43424],[-118.56167,33.43412],[-118.56151,33.43408],[-118.56151,33.43399],[-118.5613,33.43409],[-118.56128,33.434],[-118.56104,33.43401],[-118.56098,33.43391],[-118.56079,33.43397],[-118.56029,33.43386],[-118.56022,33.43379],[-118.56031,33.43364],[-118.56026,33.43354],[-118.55999,33.43344],[-118.56002,33.43336],[-118.55979,33.43317],[-118.55947,33.4333],[-118.5594,33.43342],[-118.55905,33.4333],[-118.55891,33.43338],[-118.55883,33.43326],[-118.55834,33.43314],[-118.55818,33.43325],[-118.55779,33.43328],[-118.55753,33.4334],[-118.55706,33.43322],[-118.55702,33.43312],[-118.55669,33.43309],[-118.55665,33.433],[-118.55634,33.43307],[-118.55629,33.43295],[-118.55608,33.4332],[-118.55557,33.43336],[-118.55557,33.43342],[-118.55518,33.43367],[-118.555,33.43356],[-118.55482,33.43356],[-118.55497,33.43334],[-118.55493,33.43329],[-118.55454,33.43316],[-118.55425,33.43343],[-118.55418,33.43387],[-118.5543,33.43399],[-118.55419,33.43415],[-118.55402,33.43418],[-118.55386,33.43411],[-118.5539,33.43405],[-118.55381,33.43397],[-118.55393,33.4339],[-118.55392,33.43376],[-118.55385,33.43368],[-118.55371,33.4337],[-118.55356,33.43383],[-118.55362,33.43392],[-118.55347,33.43397],[-118.55344,33.43408],[-118.5533,33.43415],[-118.55326,33.43409],[-118.5531,33.43412],[-118.55277,33.4343],[-118.55266,33.43425],[-118.55264,33.43434],[-118.55241,33.4344],[-118.5523,33.43457],[-118.55218,33.43456],[-118.55216,33.43463],[-118.552,33.43452],[-118.55193,33.43474],[-118.55162,33.43485],[-118.55142,33.43519],[-118.55113,33.4353],[-118.551,33.43551],[-118.5508,33.43553],[-118.55062,33.43545],[-118.55039,33.43557],[-118.55022,33.43552],[-118.54988,33.43572],[-118.54981,33.43582],[-118.54991,33.43588],[-118.54971,33.436],[-118.54946,33.43587],[-118.54944,33.43577],[-118.54958,33.43564],[-118.54922,33.43548],[-118.54907,33.43526],[-118.54912,33.43515],[-118.54899,33.43512],[-118.54903,33.43503],[-118.54891,33.43504],[-118.54877,33.43482],[-118.5484,33.4347],[-118.54838,33.43416],[-118.54812,33.43444],[-118.54787,33.43447],[-118.54778,33.43461],[-118.54766,33.43459],[-118.54731,33.43499],[-118.54715,33.43509],[-118.54707,33.43506],[-118.54673,33.43539],[-118.54623,33.43509],[-118.54599,33.4351],[-118.54572,33.43498],[-118.54566,33.43488],[-118.54542,33.43484],[-118.54508,33.43464],[-118.54473,33.43456],[-118.54462,33.43436],[-118.5444,33.43428],[-118.54451,33.43411],[-118.54443,33.43402],[-118.54455,33.434],[-118.54426,33.43375],[-118.54435,33.4337],[-118.54425,33.43369],[-118.54431,33.43364],[-118.54411,33.43353],[-118.54396,33.43369],[-118.54376,33.43361],[-118.54369,33.43367],[-118.54336,33.43355],[-118.5432,33.43362],[-118.54287,33.43356],[-118.54265,33.43371],[-118.54221,33.43379],[-118.54211,33.43395],[-118.54165,33.43417],[-118.54153,33.43416],[-118.5413,33.43436],[-118.54086,33.43454],[-118.5405,33.43456],[-118.54034,33.43466],[-118.53911,33.43471],[-118.53889,33.43479],[-118.53878,33.43455],[-118.53868,33.43467],[-118.53834,33.4347],[-118.53817,33.43468],[-118.53814,33.43458],[-118.53797,33.43464],[-118.53792,33.43454],[-118.5378,33.4347],[-118.53757,33.43463],[-118.53706,33.43477],[-118.53689,33.43456],[-118.53688,33.43421],[-118.53676,33.43426],[-118.53661,33.43447],[-118.53645,33.43452],[-118.53599,33.43433],[-118.53573,33.43437],[-118.53545,33.43414],[-118.53549,33.43405],[-118.53541,33.43403],[-118.53538,33.43387],[-118.5355,33.43381],[-118.5353,33.43372],[-118.53522,33.43348],[-118.53543,33.43329],[-118.53528,33.43315],[-118.53548,33.43311],[-118.53547,33.43282],[-118.53558,33.43277],[-118.5355,33.43269],[-118.5356,33.43261],[-118.53549,33.43262],[-118.53543,33.43254],[-118.53552,33.43223],[-118.53561,33.4322],[-118.53564,33.43199],[-118.53581,33.43196],[-118.5357,33.43194],[-118.53558,33.43162],[-118.53542,33.43146],[-118.53544,33.43134],[-118.5353,33.43123],[-118.53564,33.43091],[-118.53575,33.43067],[-118.53567,33.43057],[-118.5358,33.43053],[-118.53602,33.43028],[-118.53588,33.43024],[-118.53582,33.43037],[-118.53542,33.43031],[-118.53524,33.43047],[-118.5351,33.43046],[-118.53516,33.43022],[-118.5349,33.43026],[-118.5347,33.43014],[-118.53465,33.43002],[-118.53439,33.42992],[-118.53435,33.42977],[-118.53428,33.4298],[-118.53417,33.4297],[-118.5342,33.42961],[-118.53406,33.42955],[-118.53414,33.4294],[-118.53403,33.42945],[-118.534,33.42938],[-118.53424,33.42922],[-118.53419,33.42906],[-118.5341,33.42911],[-118.53406,33.42905],[-118.53391,33.42918],[-118.53376,33.4292],[-118.53367,33.42935],[-118.53374,33.42948],[-118.53368,33.42952],[-118.53361,33.42947],[-118.53353,33.42954],[-118.53348,33.42946],[-118.53341,33.42949],[-118.53336,33.42926],[-118.53311,33.42916],[-118.53306,33.42899],[-118.53315,33.42883],[-118.53304,33.42881],[-118.53305,33.42875],[-118.53295,33.42877],[-118.53247,33.42919],[-118.53232,33.42967],[-118.53196,33.42982],[-118.5319,33.43004],[-118.53157,33.43026],[-118.53152,33.43036],[-118.53165,33.43037],[-118.53132,33.4306],[-118.53131,33.43073],[-118.53122,33.43079],[-118.53107,33.43073],[-118.53103,33.4305],[-118.53122,33.43034],[-118.53124,33.43021],[-118.53098,33.43025],[-118.53078,33.4302],[-118.53075,33.43002],[-118.53062,33.4299],[-118.53035,33.42983],[-118.53017,33.42988],[-118.53008,33.42978],[-118.5298,33.4301],[-118.5297,33.43006],[-118.52938,33.43016],[-118.52923,33.4304],[-118.52903,33.43028],[-118.52899,33.43009],[-118.52882,33.43011],[-118.52848,33.43061],[-118.52823,33.4307],[-118.52815,33.43055],[-118.52804,33.43077],[-118.52789,33.43071],[-118.52771,33.43078],[-118.52771,33.43064],[-118.52753,33.43073],[-118.52742,33.43058],[-118.52732,33.43068],[-118.52709,33.43057],[-118.527,33.43064],[-118.5266,33.43069],[-118.52644,33.43058],[-118.52639,33.43042],[-118.5262,33.43035],[-118.52605,33.43046],[-118.52575,33.43038],[-118.52562,33.43053],[-118.5255,33.43043],[-118.52544,33.43057],[-118.5253,33.43052],[-118.52531,33.4306],[-118.52518,33.43056],[-118.5252,33.4307],[-118.52512,33.43075],[-118.52493,33.43072],[-118.52475,33.43082],[-118.52412,33.43092],[-118.52396,33.43089],[-118.5238,33.43099],[-118.52351,33.43097],[-118.52314,33.43078],[-118.52291,33.43084],[-118.52277,33.43071],[-118.52275,33.43037],[-118.52266,33.43033],[-118.52245,33.4304],[-118.52248,33.43034],[-118.52239,33.43031],[-118.52249,33.43027],[-118.52225,33.4301],[-118.52221,33.42993],[-118.52207,33.42995],[-118.52207,33.42988],[-118.52184,33.42975],[-118.5219,33.42968],[-118.5218,33.42972],[-118.52177,33.4296],[-118.52167,33.42961],[-118.52167,33.4295],[-118.52157,33.42954],[-118.52129,33.42945],[-118.52104,33.42946],[-118.5211,33.42912],[-118.52101,33.42908],[-118.52096,33.42917],[-118.52082,33.42898],[-118.5206,33.42899],[-118.52065,33.42886],[-118.52055,33.42865],[-118.52028,33.42858],[-118.52022,33.4284],[-118.52018,33.42843],[-118.52011,33.42834],[-118.51987,33.42829],[-118.51987,33.42807],[-118.5197,33.42806],[-118.51972,33.42797],[-118.51955,33.42786],[-118.51957,33.42773],[-118.51933,33.42772],[-118.51919,33.42747],[-118.5189,33.42747],[-118.51879,33.4273],[-118.51855,33.4274],[-118.5185,33.42732],[-118.51868,33.4272],[-118.51849,33.42714],[-118.51827,33.42727],[-118.51819,33.42717],[-118.51805,33.42716],[-118.51796,33.42728],[-118.51782,33.42727],[-118.51741,33.42701],[-118.51716,33.42712],[-118.51681,33.42694],[-118.51667,33.42694],[-118.51662,33.42677],[-118.51649,33.42676],[-118.51659,33.42659],[-118.51644,33.42644],[-118.51656,33.42636],[-118.51647,33.42633],[-118.51642,33.42639],[-118.51633,33.42634],[-118.51637,33.42628],[-118.51622,33.42624],[-118.51603,33.42584],[-118.51582,33.42573],[-118.51614,33.42539],[-118.51611,33.42523],[-118.51621,33.42509],[-118.51612,33.42501],[-118.51625,33.42493],[-118.51624,33.42482],[-118.51634,33.42472],[-118.51632,33.42462],[-118.51617,33.42456],[-118.51622,33.42408],[-118.51594,33.42378],[-118.51613,33.42351],[-118.51613,33.42343],[-118.51602,33.42343],[-118.51619,33.42328],[-118.51622,33.423],[-118.51615,33.42288],[-118.51605,33.42296],[-118.5161,33.42272],[-118.51601,33.42262],[-118.51585,33.4226],[-118.51577,33.4224],[-118.51556,33.42242],[-118.51544,33.42259],[-118.51526,33.42225],[-118.51514,33.42224],[-118.51477,33.42245],[-118.51472,33.42274],[-118.51446,33.42273],[-118.51435,33.42263],[-118.51414,33.42282],[-118.51411,33.42257],[-118.51404,33.42261],[-118.51407,33.42272],[-118.51382,33.4226],[-118.51374,33.4227],[-118.51359,33.42251],[-118.51344,33.42256],[-118.51334,33.42252],[-118.51334,33.42231],[-118.51305,33.42219],[-118.51301,33.42191],[-118.51286,33.42183],[-118.5125,33.42203],[-118.51255,33.42211],[-118.51246,33.42222],[-118.51234,33.42216],[-118.51221,33.42239],[-118.51222,33.4226],[-118.51211,33.42284],[-118.51235,33.42323],[-118.51249,33.42331],[-118.51243,33.42348],[-118.51257,33.42358],[-118.51256,33.42375],[-118.51264,33.42384],[-118.51253,33.42419],[-118.51225,33.42427],[-118.51223,33.42464],[-118.51202,33.4247],[-118.5121,33.42476],[-118.51199,33.42489],[-118.51205,33.42504],[-118.51191,33.425],[-118.51179,33.42508],[-118.51187,33.42518],[-118.51206,33.42519],[-118.51237,33.42546],[-118.51231,33.42561],[-118.51241,33.42584],[-118.51221,33.426],[-118.51234,33.42605],[-118.5125,33.4264],[-118.51248,33.42664],[-118.51261,33.42683],[-118.51256,33.42703],[-118.51264,33.42713],[-118.51262,33.42734],[-118.51236,33.4275],[-118.5123,33.42768],[-118.51202,33.42767],[-118.51194,33.42792],[-118.51166,33.42825],[-118.51104,33.42859],[-118.5106,33.42907],[-118.51048,33.42946],[-118.51024,33.42955],[-118.50999,33.4298],[-118.50987,33.42983],[-118.50981,33.43002],[-118.50968,33.43011],[-118.50963,33.43037],[-118.50971,33.4305],[-118.50966,33.43061],[-118.50979,33.43077],[-118.50976,33.43118],[-118.50984,33.43156],[-118.50975,33.43185],[-118.50949,33.43204],[-118.50895,33.43219],[-118.50875,33.4322],[-118.50867,33.43213],[-118.50859,33.43221],[-118.50819,33.43222],[-118.50771,33.43222],[-118.50745,33.43211],[-118.50713,33.43219],[-118.5066,33.43215],[-118.5064,33.43244],[-118.50626,33.43245],[-118.50632,33.43269],[-118.50618,33.43294],[-118.50547,33.43359],[-118.50497,33.43443],[-118.5048,33.43451],[-118.50426,33.43456],[-118.50385,33.43478],[-118.50284,33.43513],[-118.50247,33.43539],[-118.50225,33.4359],[-118.50197,33.43615],[-118.5018,33.43618],[-118.50103,33.43594],[-118.50094,33.43568],[-118.50104,33.43532],[-118.50177,33.43436],[-118.50211,33.43415],[-118.50262,33.4333],[-118.5027,33.43281],[-118.50251,33.4323],[-118.50268,33.43192],[-118.50283,33.4318],[-118.5032,33.43169],[-118.50347,33.43144],[-118.50457,33.43103],[-118.50463,33.43089],[-118.50452,33.43062],[-118.50459,33.43042],[-118.50454,33.43013],[-118.50513,33.42963],[-118.50532,33.42962],[-118.50545,33.42969],[-118.50559,33.43006],[-118.5055,33.43035],[-118.50508,33.43075],[-118.50506,33.43112],[-118.50524,33.43121],[-118.50558,33.4311],[-118.50579,33.43093],[-118.50596,33.43065],[-118.506,33.42995],[-118.50576,33.42882],[-118.50646,33.42819],[-118.50682,33.42802],[-118.50692,33.42786],[-118.50685,33.42764],[-118.50666,33.42745],[-118.50663,33.42714],[-118.5064,33.42678],[-118.50628,33.42674],[-118.50632,33.42667],[-118.50617,33.42664],[-118.50597,33.42631],[-118.50566,33.42619],[-118.50553,33.42606],[-118.50556,33.42569],[-118.5057,33.42549],[-118.50567,33.42533],[-118.50526,33.42508],[-118.5052,33.4249],[-118.50503,33.42478],[-118.50473,33.42475],[-118.50428,33.42456],[-118.50421,33.42447],[-118.50436,33.42436],[-118.50431,33.42426],[-118.50415,33.42433],[-118.50404,33.42422],[-118.50374,33.4242],[-118.50371,33.42404],[-118.50353,33.42412],[-118.50349,33.42389],[-118.50315,33.42401],[-118.5032,33.4239],[-118.50307,33.4237],[-118.50271,33.42381],[-118.50254,33.42363],[-118.5025,33.42346],[-118.50228,33.42345],[-118.50218,33.42352],[-118.50211,33.42341],[-118.50162,33.42333],[-118.50149,33.42319],[-118.50156,33.42307],[-118.50148,33.42298],[-118.50118,33.42301],[-118.50113,33.42328],[-118.50084,33.42334],[-118.50075,33.4232],[-118.50064,33.42321],[-118.50047,33.42309],[-118.50045,33.42286],[-118.5,33.4228],[-118.49995,33.42269],[-118.4999,33.42274],[-118.4996,33.42258],[-118.49964,33.42248],[-118.49939,33.42239],[-118.49936,33.42227],[-118.49966,33.42217],[-118.4996,33.42203],[-118.49979,33.42188],[-118.49966,33.42181],[-118.49955,33.42192],[-118.4994,33.42185],[-118.49912,33.42193],[-118.49915,33.4218],[-118.4995,33.42172],[-118.49929,33.42157],[-118.49909,33.42158],[-118.4989,33.42175],[-118.49885,33.4216],[-118.49871,33.42155],[-118.49836,33.42165],[-118.49718,33.42153],[-118.49675,33.42161],[-118.49651,33.42183],[-118.49612,33.42191],[-118.49566,33.42183],[-118.4954,33.42161],[-118.49524,33.42169],[-118.49495,33.42167],[-118.49484,33.42155],[-118.49499,33.42143],[-118.49493,33.42134],[-118.49476,33.4214],[-118.49427,33.42133],[-118.49416,33.42139],[-118.49403,33.42131],[-118.49385,33.42135],[-118.49392,33.42143],[-118.49381,33.42146],[-118.49379,33.42158],[-118.49339,33.42173],[-118.49305,33.42174],[-118.49292,33.42169],[-118.49296,33.42156],[-118.49262,33.42148],[-118.49257,33.42139],[-118.4924,33.42147],[-118.49228,33.42143],[-118.49222,33.42129],[-118.49203,33.42127],[-118.49195,33.42137],[-118.49183,33.42134],[-118.49174,33.42111],[-118.49195,33.42097],[-118.49193,33.4209],[-118.49171,33.42091],[-118.49156,33.4211],[-118.49146,33.42103],[-118.49135,33.42106],[-118.49123,33.42081],[-118.49113,33.4208],[-118.49105,33.42068],[-118.49082,33.42065],[-118.49068,33.42046],[-118.49059,33.42048],[-118.49051,33.42029],[-118.49038,33.42027],[-118.49038,33.42022],[-118.49045,33.42023],[-118.49038,33.42017],[-118.49029,33.42013],[-118.49022,33.4202],[-118.48983,33.41999],[-118.4899,33.4199],[-118.48984,33.41983],[-118.48959,33.41985],[-118.48942,33.42002],[-118.4893,33.41991],[-118.48912,33.41992],[-118.48868,33.41973],[-118.48859,33.4196],[-118.48876,33.41941],[-118.48867,33.41924],[-118.48813,33.41927],[-118.48805,33.41875],[-118.48816,33.41838],[-118.48796,33.41812],[-118.48754,33.41801],[-118.48748,33.41782],[-118.48759,33.41766],[-118.48743,33.41763],[-118.4875,33.41742],[-118.4873,33.41723],[-118.48729,33.41692],[-118.48714,33.41666],[-118.48724,33.41653],[-118.48716,33.41649],[-118.48714,33.41595],[-118.48676,33.41568],[-118.48662,33.41517],[-118.48642,33.41488],[-118.48642,33.41458],[-118.4865,33.41449],[-118.48663,33.41456],[-118.48672,33.41436],[-118.48661,33.41423],[-118.48657,33.4139],[-118.48635,33.41384],[-118.48642,33.41408],[-118.48637,33.41415],[-118.48596,33.41395],[-118.48594,33.41375],[-118.48585,33.41362],[-118.4859,33.41351],[-118.48526,33.4134],[-118.4851,33.41297],[-118.48475,33.41247],[-118.48469,33.41172],[-118.48478,33.41132],[-118.48487,33.4112],[-118.48489,33.41096],[-118.48519,33.41061],[-118.48522,33.41033],[-118.4851,33.41008],[-118.4852,33.4099],[-118.48512,33.40975],[-118.48514,33.40937],[-118.48522,33.40936],[-118.48529,33.40906],[-118.48577,33.4089],[-118.48597,33.4087],[-118.48599,33.40854],[-118.48619,33.4085],[-118.48631,33.40834],[-118.48646,33.40828],[-118.48645,33.40814],[-118.48658,33.40796],[-118.48641,33.40787],[-118.48618,33.40803],[-118.48604,33.4079],[-118.4855,33.40789],[-118.48551,33.40779],[-118.48538,33.40779],[-118.48513,33.40761],[-118.48471,33.40767],[-118.48462,33.40755],[-118.48455,33.40768],[-118.4844,33.40768],[-118.48403,33.4073],[-118.48395,33.4071],[-118.48369,33.40703],[-118.4836,33.4066],[-118.48365,33.40622],[-118.48382,33.40613],[-118.48404,33.40619],[-118.48413,33.40597],[-118.4839,33.40557],[-118.48384,33.40532],[-118.48392,33.40513],[-118.48421,33.40478],[-118.48475,33.40468],[-118.48493,33.4043],[-118.48501,33.40437],[-118.48516,33.40428],[-118.48521,33.40397],[-118.48536,33.40382],[-118.48503,33.40351],[-118.48497,33.403],[-118.48485,33.40287],[-118.48487,33.40275],[-118.48466,33.40258],[-118.48466,33.40231],[-118.48495,33.40183],[-118.4852,33.40186],[-118.48543,33.40165],[-118.4858,33.40158],[-118.48569,33.40139],[-118.48575,33.40131],[-118.48562,33.40116],[-118.48577,33.40104],[-118.48559,33.401],[-118.48557,33.40087],[-118.48544,33.40094],[-118.48534,33.40087],[-118.48518,33.40095],[-118.48506,33.40091],[-118.485,33.4008],[-118.48474,33.40065],[-118.48474,33.40046],[-118.4845,33.40046],[-118.48457,33.4004],[-118.4845,33.40033],[-118.48435,33.40036],[-118.48413,33.40023],[-118.48421,33.39998],[-118.48394,33.39987],[-118.48383,33.39999],[-118.48376,33.39995],[-118.48368,33.39979],[-118.48373,33.39969],[-118.4836,33.39954],[-118.48344,33.39952],[-118.48353,33.39947],[-118.48346,33.39938],[-118.48359,33.39927],[-118.4837,33.39886],[-118.48359,33.39861],[-118.48338,33.39847],[-118.48328,33.39826],[-118.48329,33.39815],[-118.48337,33.39813],[-118.4833,33.39797],[-118.48351,33.39791],[-118.48353,33.39784],[-118.48335,33.39778],[-118.48302,33.39743],[-118.48292,33.39707],[-118.4827,33.39684],[-118.48251,33.39681],[-118.48225,33.39662],[-118.48219,33.39665],[-118.48227,33.39673],[-118.48205,33.39686],[-118.48179,33.39674],[-118.48176,33.39664],[-118.48169,33.39666],[-118.48148,33.39638],[-118.48142,33.39603],[-118.48118,33.39586],[-118.48127,33.39566],[-118.48119,33.39532],[-118.48135,33.39529],[-118.48141,33.3952],[-118.48133,33.39501],[-118.48113,33.39503],[-118.48105,33.39498],[-118.48102,33.39474],[-118.48085,33.39454],[-118.48088,33.3944],[-118.48078,33.39434],[-118.48091,33.39429],[-118.48085,33.39424],[-118.48092,33.39413],[-118.4808,33.3941],[-118.48082,33.39393],[-118.48074,33.39385],[-118.48088,33.39365],[-118.48055,33.39346],[-118.48055,33.39338],[-118.48076,33.39274],[-118.48065,33.39218],[-118.48074,33.39206],[-118.48056,33.39198],[-118.48057,33.39184],[-118.48048,33.39175],[-118.48056,33.39166],[-118.48078,33.39161],[-118.48111,33.39119],[-118.48095,33.39082],[-118.48045,33.39071],[-118.48064,33.39064],[-118.4803,33.39037],[-118.48039,33.38982],[-118.48017,33.38979],[-118.48013,33.38965],[-118.48004,33.38968],[-118.47999,33.38955],[-118.47983,33.38949],[-118.47988,33.38937],[-118.47979,33.38935],[-118.47982,33.38923],[-118.48018,33.38916],[-118.4801,33.38902],[-118.48014,33.38882],[-118.47977,33.38899],[-118.47971,33.38852],[-118.47929,33.38844],[-118.47923,33.38811],[-118.4791,33.38802],[-118.47904,33.3878],[-118.47882,33.38775],[-118.47886,33.38767],[-118.47877,33.38761],[-118.4785,33.38763],[-118.47863,33.38745],[-118.47836,33.38737],[-118.47833,33.3873],[-118.47857,33.38712],[-118.4786,33.38693],[-118.47846,33.38682],[-118.47864,33.38663],[-118.47863,33.38643],[-118.47814,33.38625],[-118.47806,33.38606],[-118.47789,33.38602],[-118.47788,33.38593],[-118.47751,33.38592],[-118.47747,33.3857],[-118.47727,33.38563],[-118.47716,33.38573],[-118.477,33.38569],[-118.47695,33.38582],[-118.47686,33.38574],[-118.47672,33.38576],[-118.47671,33.38618],[-118.47661,33.38622],[-118.47632,33.38616],[-118.47628,33.38624],[-118.47611,33.38627],[-118.476,33.3865],[-118.4758,33.38657],[-118.47574,33.38667],[-118.47558,33.38665],[-118.47552,33.38678],[-118.47485,33.38653],[-118.47424,33.38593],[-118.47413,33.38548],[-118.47431,33.38525],[-118.47503,33.3853],[-118.47517,33.38523],[-118.47532,33.38493],[-118.47524,33.3849],[-118.47504,33.38502],[-118.47497,33.38489],[-118.47485,33.38491],[-118.47502,33.38462],[-118.47489,33.38449],[-118.47471,33.38456],[-118.47457,33.38483],[-118.47428,33.38487],[-118.4741,33.38481],[-118.4738,33.38428],[-118.47365,33.38418],[-118.4737,33.38408],[-118.47362,33.38391],[-118.47344,33.3838],[-118.47357,33.38351],[-118.47347,33.3835],[-118.47338,33.38364],[-118.47325,33.38366],[-118.47314,33.38357],[-118.4731,33.38337],[-118.47315,33.38265],[-118.47344,33.38257],[-118.47354,33.38248],[-118.4736,33.38254],[-118.4737,33.3825],[-118.47379,33.38223],[-118.47399,33.38211],[-118.47403,33.38197],[-118.47421,33.38174],[-118.47438,33.38166],[-118.47443,33.38152],[-118.47496,33.38137],[-118.47514,33.38118],[-118.47548,33.38106],[-118.47574,33.38115],[-118.47586,33.3811],[-118.4759,33.38098],[-118.47605,33.38104],[-118.47638,33.38098],[-118.47672,33.38114],[-118.47664,33.38122],[-118.4767,33.38126],[-118.47708,33.38123],[-118.47721,33.38129],[-118.47742,33.38115],[-118.47738,33.381],[-118.47763,33.38085],[-118.47772,33.38094],[-118.4779,33.38082],[-118.47819,33.38089],[-118.47843,33.38083],[-118.47854,33.38099],[-118.47878,33.38082],[-118.47897,33.38089],[-118.47914,33.3808],[-118.4793,33.38087],[-118.4795,33.38081],[-118.47963,33.38088],[-118.47981,33.38062],[-118.48021,33.38049],[-118.48058,33.38045],[-118.48047,33.38007],[-118.48061,33.3799],[-118.48046,33.37987],[-118.4806,33.37962],[-118.48097,33.37973],[-118.48111,33.37967],[-118.48099,33.37962],[-118.48103,33.37947],[-118.48117,33.37937],[-118.48106,33.37927],[-118.48117,33.37918],[-118.48107,33.37895],[-118.48118,33.3789],[-118.48118,33.37879],[-118.48077,33.37872],[-118.48076,33.37857],[-118.48091,33.37842],[-118.48089,33.37835],[-118.48069,33.37825],[-118.48038,33.37792],[-118.4804,33.37778],[-118.4803,33.37777],[-118.48039,33.37767],[-118.48026,33.37754],[-118.48026,33.37738],[-118.48004,33.37735],[-118.47981,33.37701],[-118.4793,33.3767],[-118.47913,33.37623],[-118.47914,33.37604],[-118.47936,33.37585],[-118.47946,33.37585],[-118.47948,33.37569],[-118.47971,33.3755],[-118.47968,33.3754],[-118.47978,33.37529],[-118.47974,33.37519],[-118.48004,33.37488],[-118.48015,33.37466],[-118.48041,33.37459],[-118.48049,33.37473],[-118.48068,33.37474],[-118.48087,33.37454],[-118.481,33.37457],[-118.48102,33.37447],[-118.48137,33.37422],[-118.48163,33.37421],[-118.48166,33.37428],[-118.48178,33.37428],[-118.48208,33.37399],[-118.48228,33.37411],[-118.48257,33.37406],[-118.48273,33.37376],[-118.48267,33.37361],[-118.48273,33.37354],[-118.48293,33.37362],[-118.48326,33.37339],[-118.48361,33.37338],[-118.48371,33.37329],[-118.48462,33.37329],[-118.48476,33.37303],[-118.48466,33.37268],[-118.48491,33.37248],[-118.48472,33.37238],[-118.48455,33.37243],[-118.48434,33.37226],[-118.48428,33.37202],[-118.48416,33.37201],[-118.48417,33.37192],[-118.48392,33.37181],[-118.48393,33.37169],[-118.48383,33.3717],[-118.48378,33.3716],[-118.48363,33.37162],[-118.4835,33.37146],[-118.48353,33.37141],[-118.48359,33.37147],[-118.48351,33.37112],[-118.48342,33.37111],[-118.48337,33.37121],[-118.48324,33.3711],[-118.48305,33.37081],[-118.48308,33.37064],[-118.48283,33.3706],[-118.48263,33.37019],[-118.48243,33.37002],[-118.48234,33.37002],[-118.48241,33.37],[-118.48239,33.36991],[-118.48229,33.36989],[-118.48231,33.36996],[-118.48222,33.36997],[-118.48205,33.36984],[-118.48191,33.36948],[-118.48178,33.3694],[-118.48175,33.36947],[-118.48168,33.36943],[-118.48174,33.36908],[-118.48167,33.36864],[-118.48183,33.36811],[-118.4818,33.36775],[-118.48209,33.36704],[-118.48228,33.36697],[-118.48237,33.36712],[-118.4825,33.36712],[-118.48251,33.36697],[-118.48265,33.36699],[-118.48277,33.36685],[-118.48305,33.36683],[-118.48304,33.36662],[-118.4832,33.36671],[-118.48332,33.36667],[-118.48337,33.36659],[-118.4833,33.3665],[-118.48357,33.36643],[-118.48354,33.36633],[-118.48337,33.36631],[-118.48343,33.36623],[-118.48351,33.36629],[-118.48363,33.36622],[-118.48362,33.36614],[-118.48353,33.36615],[-118.48356,33.36606],[-118.48367,33.36613],[-118.48371,33.36603],[-118.48382,33.366],[-118.48391,33.36613],[-118.48399,33.36611],[-118.48405,33.36577],[-118.4842,33.36575],[-118.48419,33.36565],[-118.48439,33.36547],[-118.48438,33.36536],[-118.48462,33.36523],[-118.48453,33.36501],[-118.48483,33.36473],[-118.4849,33.36454],[-118.48503,33.36454],[-118.48517,33.36438],[-118.48551,33.3644],[-118.48557,33.36434],[-118.48558,33.36422],[-118.4854,33.36412],[-118.48556,33.36399],[-118.4857,33.36352],[-118.48557,33.3635],[-118.48545,33.36336],[-118.48528,33.3635],[-118.48512,33.36344],[-118.48489,33.36349],[-118.48455,33.3633],[-118.48428,33.3627],[-118.4844,33.36226],[-118.4848,33.36207],[-118.48497,33.36167],[-118.48537,33.36163],[-118.48551,33.36134],[-118.48573,33.36147],[-118.48573,33.36136],[-118.48609,33.36125],[-118.48625,33.36112],[-118.48642,33.36119],[-118.4864,33.36104],[-118.48654,33.36076],[-118.48668,33.36068],[-118.48683,33.36073],[-118.48677,33.36054],[-118.48693,33.35989],[-118.48683,33.35966],[-118.487,33.35951],[-118.48724,33.35949],[-118.48711,33.35932],[-118.48723,33.35903],[-118.4875,33.3591],[-118.48776,33.35901],[-118.48753,33.3588],[-118.48773,33.35857],[-118.48774,33.35829],[-118.48792,33.35805],[-118.48788,33.35787],[-118.488,33.35781],[-118.48804,33.35746],[-118.48829,33.35733],[-118.48846,33.35746],[-118.48884,33.3572],[-118.48862,33.35711],[-118.48868,33.35705],[-118.4886,33.35696],[-118.48834,33.35697],[-118.48825,33.35687],[-118.48829,33.35665],[-118.48861,33.35664],[-118.48869,33.35645],[-118.4885,33.35627],[-118.48821,33.35635],[-118.48787,33.35617],[-118.48777,33.35574],[-118.48786,33.35557],[-118.48798,33.35552],[-118.48789,33.35549],[-118.48792,33.3554],[-118.48764,33.35508],[-118.48778,33.35503],[-118.48776,33.35491],[-118.48784,33.35485],[-118.48767,33.35481],[-118.48753,33.35491],[-118.48732,33.3548],[-118.48727,33.35459],[-118.48709,33.35439],[-118.48709,33.35421],[-118.48695,33.35419],[-118.4869,33.35411],[-118.48691,33.35397],[-118.48703,33.35403],[-118.48714,33.35394],[-118.48704,33.35394],[-118.48685,33.35361],[-118.48656,33.35361],[-118.48651,33.35347],[-118.48659,33.3534],[-118.48651,33.35337],[-118.48652,33.35322],[-118.48671,33.35319],[-118.48662,33.35305],[-118.48671,33.35302],[-118.48669,33.35291],[-118.48681,33.35276],[-118.48662,33.35273],[-118.48661,33.35264],[-118.48649,33.35267],[-118.48639,33.35256],[-118.48616,33.35262],[-118.4859,33.35253],[-118.48587,33.35233],[-118.48617,33.35231],[-118.48624,33.35212],[-118.48611,33.35199],[-118.4859,33.35199],[-118.48602,33.35179],[-118.48564,33.35147],[-118.4857,33.35131],[-118.48562,33.35123],[-118.48576,33.3511],[-118.48554,33.35071],[-118.48555,33.35046],[-118.48542,33.35043],[-118.48535,33.35049],[-118.48534,33.35031],[-118.4852,33.3503],[-118.48498,33.35005],[-118.4845,33.34991],[-118.48442,33.34971],[-118.48422,33.34959],[-118.484,33.34889],[-118.48409,33.34831],[-118.48398,33.34817],[-118.48409,33.34799],[-118.48406,33.34762],[-118.48371,33.34736],[-118.48358,33.34736],[-118.48344,33.3472],[-118.48323,33.34717],[-118.48289,33.34679],[-118.48226,33.34546],[-118.48221,33.34529],[-118.48227,33.34522],[-118.48219,33.34517],[-118.48225,33.34507],[-118.4821,33.34504],[-118.48187,33.34475],[-118.48187,33.34463],[-118.48204,33.3446],[-118.48209,33.34451],[-118.48198,33.3444],[-118.48199,33.34424],[-118.48183,33.34417],[-118.48193,33.344],[-118.48173,33.34391],[-118.4818,33.3438],[-118.48177,33.34358],[-118.48163,33.34351],[-118.48133,33.34362],[-118.48126,33.34351],[-118.48133,33.34332],[-118.48123,33.34315],[-118.48111,33.34312],[-118.48093,33.34321],[-118.48067,33.34304],[-118.48015,33.34288],[-118.47999,33.34274],[-118.47984,33.34274],[-118.47932,33.34227],[-118.47909,33.34223],[-118.479,33.34194],[-118.47888,33.34193],[-118.47875,33.34203],[-118.47857,33.34187],[-118.47834,33.34187],[-118.47826,33.34196],[-118.47794,33.34178],[-118.47776,33.34155],[-118.47782,33.34142],[-118.47764,33.34132],[-118.47773,33.34123],[-118.47755,33.34109],[-118.47762,33.34106],[-118.47764,33.34084],[-118.47732,33.34033],[-118.47726,33.34007],[-118.47716,33.34001],[-118.4772,33.33992],[-118.47712,33.33973],[-118.47734,33.33963],[-118.47714,33.33943],[-118.4775,33.33928],[-118.47747,33.33909],[-118.47672,33.3388],[-118.47659,33.3389],[-118.47652,33.33919],[-118.47626,33.33917],[-118.47612,33.33931],[-118.47573,33.33906],[-118.47533,33.33912],[-118.47509,33.33887],[-118.47483,33.33833],[-118.47452,33.33807],[-118.47447,33.33793],[-118.474,33.33755],[-118.47388,33.33757],[-118.47382,33.33741],[-118.47352,33.33736],[-118.47329,33.33717],[-118.47277,33.33641],[-118.47279,33.3363],[-118.4725,33.33579],[-118.47246,33.33549],[-118.47271,33.33534],[-118.47263,33.33519],[-118.47277,33.3349],[-118.47273,33.33482],[-118.47284,33.33454],[-118.473,33.33444],[-118.47283,33.33422],[-118.47284,33.33399],[-118.47299,33.33385],[-118.47332,33.33389],[-118.47344,33.33382],[-118.47341,33.33371],[-118.47322,33.33357],[-118.47303,33.33363],[-118.47295,33.33346],[-118.47285,33.33365],[-118.47263,33.33359],[-118.47247,33.33366],[-118.47208,33.33347],[-118.47204,33.33336],[-118.47195,33.33343],[-118.47181,33.33339],[-118.47167,33.33324],[-118.47174,33.33315],[-118.4717,33.33302],[-118.47195,33.33287],[-118.47191,33.33274],[-118.47204,33.33284],[-118.47219,33.33272],[-118.47218,33.33261],[-118.47169,33.33246],[-118.4716,33.33222],[-118.47124,33.33229],[-118.47142,33.33215],[-118.47123,33.33193],[-118.47105,33.3319],[-118.47089,33.332],[-118.47071,33.33201],[-118.47042,33.33171],[-118.47009,33.33168],[-118.46964,33.33151],[-118.46953,33.33159],[-118.46917,33.33162],[-118.46888,33.33128],[-118.4685,33.3312],[-118.46783,33.3307],[-118.4674,33.33053],[-118.46715,33.33013],[-118.46695,33.3295],[-118.467,33.32934],[-118.46721,33.32916],[-118.4672,33.32906],[-118.4674,33.32898],[-118.46739,33.32867],[-118.46718,33.32863],[-118.46717,33.32853],[-118.46711,33.32855],[-118.46694,33.3284],[-118.46669,33.32851],[-118.46624,33.32841],[-118.466,33.32824],[-118.46595,33.32811],[-118.46565,33.328],[-118.46556,33.32785],[-118.46545,33.32792],[-118.46526,33.32774],[-118.46523,33.32743],[-118.46505,33.32709],[-118.46514,33.327],[-118.46513,33.3268],[-118.46534,33.32653],[-118.46534,33.32628],[-118.46501,33.3259],[-118.46478,33.32589],[-118.46461,33.32576],[-118.46459,33.32556],[-118.46444,33.32556],[-118.46441,33.32571],[-118.46391,33.3259],[-118.46349,33.32557],[-118.46331,33.32536],[-118.46332,33.32522],[-118.46301,33.32502],[-118.46258,33.32488],[-118.46231,33.32487],[-118.4616,33.32447],[-118.46114,33.32458],[-118.46058,33.32448],[-118.4603,33.32426],[-118.46024,33.32375],[-118.46008,33.32375],[-118.45998,33.32389],[-118.45974,33.324],[-118.45955,33.32389],[-118.45944,33.32392],[-118.4591,33.32357],[-118.45824,33.32302],[-118.4579,33.32267],[-118.45772,33.32263],[-118.45755,33.32239],[-118.45719,33.32228],[-118.45718,33.3222],[-118.45701,33.32212],[-118.45672,33.32221],[-118.45655,33.32205],[-118.45636,33.32214],[-118.45604,33.32187],[-118.45592,33.32189],[-118.45574,33.32177],[-118.45554,33.32182],[-118.4544,33.32161],[-118.45401,33.32144],[-118.45277,33.32133],[-118.45219,33.3211],[-118.45178,33.32109],[-118.45174,33.32115],[-118.4517,33.3211],[-118.45145,33.32116],[-118.45116,33.32105],[-118.45079,33.32073],[-118.4505,33.32064],[-118.44798,33.3203],[-118.44686,33.3204],[-118.44675,33.32048],[-118.44485,33.32086],[-118.44432,33.32079],[-118.4435,33.32043],[-118.44301,33.32004],[-118.44255,33.31982],[-118.44238,33.31953],[-118.44214,33.31941],[-118.44213,33.31921],[-118.44191,33.31924],[-118.44206,33.31898],[-118.44188,33.31912],[-118.44179,33.3191],[-118.44164,33.31888],[-118.44109,33.31854],[-118.44075,33.3185],[-118.44058,33.31857],[-118.43986,33.31847],[-118.43958,33.3186],[-118.43919,33.31852],[-118.4391,33.31859],[-118.43888,33.31857],[-118.43846,33.31871],[-118.43812,33.31872],[-118.43792,33.31883],[-118.43732,33.31886],[-118.4372,33.31895],[-118.43667,33.31899],[-118.43631,33.31912],[-118.43613,33.3191],[-118.43502,33.31941],[-118.4346,33.31948],[-118.43429,33.31943],[-118.4341,33.31954],[-118.43378,33.31956],[-118.43297,33.31945],[-118.43207,33.31902],[-118.43196,33.31904],[-118.43187,33.31889],[-118.43174,33.31893],[-118.43162,33.31883],[-118.43134,33.31883],[-118.43128,33.31875],[-118.43115,33.31881],[-118.43097,33.31874],[-118.43089,33.31881],[-118.43021,33.31883],[-118.4298,33.31899],[-118.42881,33.31883],[-118.42843,33.31883],[-118.42821,33.31896],[-118.42774,33.31891],[-118.42732,33.31872],[-118.42667,33.31819],[-118.42639,33.31811],[-118.42636,33.31801],[-118.42509,33.31812],[-118.42504,33.31806],[-118.42441,33.31795],[-118.42353,33.31753],[-118.42278,33.31692],[-118.4222,33.31685],[-118.42142,33.31708],[-118.421,33.31748],[-118.42067,33.31765],[-118.41977,33.31783],[-118.41862,33.31834],[-118.41728,33.31866],[-118.41656,33.3191],[-118.41638,33.31945],[-118.41595,33.3196],[-118.41541,33.3197],[-118.41457,33.31963],[-118.41396,33.31968],[-118.41348,33.31982],[-118.41314,33.32013],[-118.41264,33.32023],[-118.41153,33.32029],[-118.41135,33.32021],[-118.41093,33.32032],[-118.41087,33.32021],[-118.41076,33.32019],[-118.41068,33.32025],[-118.41075,33.32063],[-118.4106,33.32069],[-118.41014,33.32079],[-118.40973,33.32076],[-118.40869,33.32091],[-118.40756,33.32097],[-118.40709,33.32114],[-118.40571,33.32107],[-118.40501,33.32111],[-118.40438,33.32093],[-118.40381,33.32095],[-118.40301,33.32076],[-118.40057,33.32054],[-118.40022,33.32045],[-118.39993,33.3202],[-118.39978,33.32022],[-118.39971,33.32034],[-118.39953,33.3203],[-118.39945,33.32007],[-118.39909,33.32001],[-118.39892,33.31984],[-118.3987,33.31997],[-118.39799,33.3201],[-118.39766,33.31997],[-118.39737,33.31972],[-118.39711,33.31962],[-118.39692,33.31966],[-118.39679,33.31982],[-118.39654,33.31993],[-118.39643,33.32011],[-118.39618,33.32021],[-118.39565,33.32025],[-118.39555,33.32009],[-118.39536,33.32021],[-118.39502,33.32021],[-118.39423,33.31994],[-118.39381,33.31956],[-118.39359,33.31946],[-118.39317,33.31961],[-118.39269,33.31969],[-118.39209,33.32013],[-118.39198,33.32051],[-118.39133,33.32071],[-118.3892,33.3206],[-118.38909,33.32055],[-118.38903,33.3204],[-118.3888,33.32049],[-118.38885,33.32036],[-118.38878,33.32033],[-118.38857,33.32046],[-118.38806,33.32033],[-118.38757,33.32033],[-118.38667,33.3206],[-118.38597,33.32063],[-118.38569,33.32057],[-118.38573,33.32041],[-118.38565,33.32035],[-118.38543,33.32056],[-118.38545,33.32078],[-118.38509,33.32104],[-118.38498,33.321],[-118.38495,33.32085],[-118.38475,33.32099],[-118.38445,33.32093],[-118.38429,33.32106],[-118.38391,33.32102],[-118.3825,33.32057],[-118.38233,33.32059],[-118.38223,33.32069],[-118.38209,33.32066],[-118.3819,33.32087],[-118.38113,33.32078],[-118.38098,33.32073],[-118.38099,33.32064],[-118.38075,33.3206],[-118.38054,33.32064],[-118.38046,33.32082],[-118.38023,33.32085],[-118.37941,33.32066],[-118.37928,33.32058],[-118.37928,33.32048],[-118.37889,33.32069],[-118.37781,33.3204],[-118.37748,33.32042],[-118.3769,33.3203],[-118.37677,33.32024],[-118.37672,33.32011],[-118.37665,33.32023],[-118.37647,33.32025],[-118.37529,33.32007],[-118.37492,33.31993],[-118.37433,33.32],[-118.37268,33.31942],[-118.37107,33.3186],[-118.37064,33.31826],[-118.36997,33.31795],[-118.36885,33.31753],[-118.36814,33.31744],[-118.36764,33.31723],[-118.36739,33.31721],[-118.36647,33.31674],[-118.36571,33.31668],[-118.36486,33.31617],[-118.36413,33.31585],[-118.36324,33.31577],[-118.3629,33.31562],[-118.36242,33.31562],[-118.36134,33.3154],[-118.361,33.31542],[-118.36058,33.31559],[-118.36036,33.31558],[-118.35963,33.31532],[-118.35944,33.31532],[-118.35878,33.315],[-118.35793,33.31493],[-118.35723,33.31471],[-118.35694,33.31472],[-118.35605,33.31453],[-118.35493,33.31384],[-118.35377,33.31291],[-118.35364,33.31272],[-118.35343,33.31265],[-118.35315,33.31232],[-118.35297,33.31226],[-118.35224,33.31159],[-118.35174,33.31127],[-118.35163,33.31104],[-118.35051,33.30999],[-118.35012,33.30929],[-118.34975,33.30898],[-118.34949,33.30853],[-118.34911,33.30839],[-118.34806,33.30823],[-118.3475,33.30804],[-118.34704,33.30811],[-118.34672,33.30801],[-118.34608,33.30748],[-118.34565,33.30729],[-118.34492,33.30663],[-118.34474,33.30634],[-118.34425,33.306],[-118.34398,33.3057],[-118.3438,33.30565],[-118.34371,33.30551],[-118.3431,33.3052],[-118.34299,33.30506],[-118.34285,33.30504],[-118.34225,33.3046],[-118.34194,33.30426],[-118.34187,33.30401],[-118.34178,33.30403],[-118.34168,33.30391],[-118.34149,33.30384],[-118.34141,33.30368],[-118.34096,33.30359],[-118.34014,33.30359],[-118.33898,33.30313],[-118.33798,33.30283],[-118.33759,33.30287],[-118.33733,33.30281],[-118.33637,33.30235],[-118.33629,33.30236],[-118.33621,33.30226],[-118.33581,33.30216],[-118.33554,33.30197],[-118.33507,33.30179],[-118.33489,33.30178],[-118.33469,33.30165],[-118.33455,33.30171],[-118.33443,33.3016],[-118.33426,33.30165],[-118.33402,33.30152],[-118.33372,33.30159],[-118.33239,33.3015],[-118.3318,33.30126],[-118.33154,33.30112],[-118.33149,33.30102],[-118.33119,33.301],[-118.33075,33.30059],[-118.32993,33.3002],[-118.32988,33.3001],[-118.32968,33.30008],[-118.32942,33.29986],[-118.32936,33.29992],[-118.32916,33.29979],[-118.3289,33.29978],[-118.32881,33.29967],[-118.3286,33.29961],[-118.32854,33.29966],[-118.32824,33.29946],[-118.32808,33.29948],[-118.32774,33.29933],[-118.32724,33.29924],[-118.32713,33.29912],[-118.32674,33.29901],[-118.32664,33.29884],[-118.32646,33.29891],[-118.32626,33.29885],[-118.32585,33.29891],[-118.32573,33.29888],[-118.32565,33.29875],[-118.32545,33.29873],[-118.3254,33.29888],[-118.32526,33.29887],[-118.32536,33.29895],[-118.32524,33.29904],[-118.32526,33.29928],[-118.32504,33.29929],[-118.32478,33.2994],[-118.32459,33.29939],[-118.32451,33.2995],[-118.32443,33.29945],[-118.32433,33.29953],[-118.32403,33.29948],[-118.3236,33.29957],[-118.32332,33.29949],[-118.3232,33.29975],[-118.32284,33.2997],[-118.32248,33.29994],[-118.32212,33.29996],[-118.32201,33.30006],[-118.32176,33.30008],[-118.32164,33.3002],[-118.32104,33.30029],[-118.32101,33.30044],[-118.32065,33.3006],[-118.32058,33.30075],[-118.3204,33.30082],[-118.31786,33.30098],[-118.3175,33.3011],[-118.31744,33.30099],[-118.31721,33.30111],[-118.31676,33.30115],[-118.31635,33.30161],[-118.31605,33.30171],[-118.31557,33.30215],[-118.31446,33.30246],[-118.31358,33.30352],[-118.31324,33.30438],[-118.31246,33.30492],[-118.31228,33.30521],[-118.31186,33.30558],[-118.31027,33.30625],[-118.31013,33.30641],[-118.30923,33.30678],[-118.30914,33.30674],[-118.30881,33.30693],[-118.30816,33.30705],[-118.3076,33.30723],[-118.30738,33.30738],[-118.30725,33.30739],[-118.30717,33.30726],[-118.30712,33.30731],[-118.30702,33.30727],[-118.30703,33.3074],[-118.30682,33.3075],[-118.3068,33.30759],[-118.30661,33.30764],[-118.30662,33.3077],[-118.30635,33.30778],[-118.30627,33.30789],[-118.30559,33.30822],[-118.30542,33.30821],[-118.30519,33.30833],[-118.3052,33.30845],[-118.30505,33.30863],[-118.30491,33.30901],[-118.30484,33.30984],[-118.30477,33.30987],[-118.30483,33.30995],[-118.30468,33.31027],[-118.30464,33.31189],[-118.30438,33.31234],[-118.30446,33.31279],[-118.3044,33.31311],[-118.30426,33.31321],[-118.30433,33.31348],[-118.30426,33.314],[-118.30415,33.31415],[-118.30421,33.31473],[-118.30367,33.31712],[-118.30361,33.31768],[-118.30379,33.31781],[-118.30392,33.31834],[-118.30375,33.31879],[-118.30372,33.31918],[-118.30378,33.31932],[-118.3036,33.31982],[-118.30355,33.32031],[-118.30384,33.32086],[-118.30506,33.32188],[-118.30544,33.3224],[-118.30611,33.32306],[-118.30619,33.3233],[-118.30618,33.3239],[-118.3064,33.32499],[-118.30681,33.32566],[-118.30753,33.32814],[-118.30747,33.32956],[-118.30757,33.33014],[-118.30785,33.33066],[-118.30813,33.33081],[-118.30862,33.33158],[-118.30868,33.33209],[-118.30885,33.33224],[-118.30866,33.33248],[-118.3087,33.33272],[-118.30885,33.33272],[-118.30898,33.333],[-118.30912,33.333],[-118.30965,33.33345],[-118.31021,33.33432],[-118.31026,33.33477],[-118.31039,33.33502],[-118.31037,33.33544],[-118.31059,33.33582],[-118.31085,33.33668],[-118.3116,33.33709],[-118.31192,33.33731],[-118.31193,33.3374],[-118.31217,33.33745],[-118.31314,33.33828],[-118.31378,33.33913],[-118.31402,33.3397],[-118.31511,33.34129],[-118.3161,33.3424],[-118.31707,33.34323],[-118.31714,33.34341],[-118.31735,33.34348],[-118.31742,33.34366],[-118.31751,33.34351],[-118.318,33.34317],[-118.31815,33.34295],[-118.31858,33.34268],[-118.31898,33.34265],[-118.31974,33.34279],[-118.32028,33.34307],[-118.3206,33.34363],[-118.32095,33.34384],[-118.32095,33.344],[-118.32126,33.34408],[-118.32128,33.34414],[-118.32118,33.34418],[-118.32122,33.34428],[-118.32177,33.34514],[-118.32194,33.34512],[-118.32203,33.34519],[-118.3221,33.34514],[-118.32208,33.34501],[-118.32181,33.34452],[-118.32193,33.34425],[-118.32209,33.34414],[-118.32278,33.34398],[-118.32293,33.34379],[-118.32362,33.34333],[-118.32389,33.343],[-118.32423,33.343],[-118.32462,33.34313],[-118.32564,33.34383],[-118.32601,33.34421],[-118.326,33.34444],[-118.32622,33.34458],[-118.32671,33.34513],[-118.32727,33.34608],[-118.32744,33.34669],[-118.32733,33.34705],[-118.32733,33.34744],[-118.32693,33.34823],[-118.3264,33.34855],[-118.32616,33.3484],[-118.32576,33.34847],[-118.3259,33.34849],[-118.32588,33.34858],[-118.32562,33.34857],[-118.32467,33.34876],[-118.32428,33.34859],[-118.324,33.34833],[-118.32387,33.34832],[-118.3238,33.34839],[-118.32412,33.34864],[-118.32459,33.34879],[-118.3253,33.34925],[-118.32582,33.34941],[-118.32606,33.34931],[-118.32667,33.34931],[-118.32759,33.34988],[-118.32819,33.35049],[-118.32847,33.35094],[-118.32859,33.35137],[-118.32857,33.35163],[-118.32835,33.35194],[-118.3284,33.3524],[-118.32834,33.35267],[-118.32874,33.35291],[-118.32886,33.35314],[-118.32935,33.35339],[-118.32974,33.35369],[-118.32983,33.35381],[-118.32976,33.354],[-118.33,33.35398],[-118.33019,33.3541],[-118.33016,33.35437],[-118.33028,33.35446],[-118.3301,33.3545],[-118.32998,33.3547],[-118.33011,33.35473],[-118.33011,33.3548],[-118.33052,33.35509],[-118.33082,33.35577],[-118.33083,33.35617],[-118.33077,33.35627],[-118.33086,33.35648],[-118.33073,33.35681],[-118.33089,33.35707],[-118.33129,33.35736],[-118.3318,33.35823],[-118.33216,33.3586],[-118.33217,33.35882],[-118.33228,33.35896],[-118.33277,33.35936],[-118.33298,33.35937],[-118.33318,33.35958],[-118.33338,33.35966],[-118.33359,33.35993],[-118.33395,33.36005],[-118.3341,33.36037],[-118.33425,33.36043],[-118.33438,33.36059],[-118.33453,33.36061],[-118.33465,33.36071],[-118.33495,33.36074],[-118.33513,33.36088],[-118.3354,33.36094],[-118.33565,33.3611],[-118.33675,33.36152],[-118.337,33.3617],[-118.33716,33.36172],[-118.33746,33.36199],[-118.33794,33.36221],[-118.33797,33.36233],[-118.33861,33.36278],[-118.33918,33.36334],[-118.33953,33.36354],[-118.34004,33.36396],[-118.3414,33.36455],[-118.34249,33.36529],[-118.34325,33.36608],[-118.34347,33.36622],[-118.34344,33.36632],[-118.34413,33.36687],[-118.34474,33.3677],[-118.34568,33.36858],[-118.34604,33.36903],[-118.34618,33.36905],[-118.34641,33.36929],[-118.3467,33.36942],[-118.34704,33.3698],[-118.34719,33.36983],[-118.34722,33.36999],[-118.34709,33.37015],[-118.34724,33.37048],[-118.34735,33.37041],[-118.34734,33.37014],[-118.34758,33.36999],[-118.34776,33.36998],[-118.34845,33.37019],[-118.3492,33.37065],[-118.34978,33.37129],[-118.34983,33.37205],[-118.35002,33.37252],[-118.35073,33.37321],[-118.3509,33.37352],[-118.35123,33.37382],[-118.35131,33.37403],[-118.35142,33.37405],[-118.35151,33.37381],[-118.35169,33.37378],[-118.35253,33.37409],[-118.35463,33.37565],[-118.35471,33.37578],[-118.35469,33.37613],[-118.35503,33.37657],[-118.3549,33.37691],[-118.35497,33.37695],[-118.35499,33.37688],[-118.3551,33.37694],[-118.35524,33.37727],[-118.35573,33.37716],[-118.35606,33.37734],[-118.35625,33.37759],[-118.35639,33.37802],[-118.35617,33.37845],[-118.35647,33.37858],[-118.35661,33.37877],[-118.35658,33.37889],[-118.35667,33.37906],[-118.35686,33.37904],[-118.35725,33.37944],[-118.35775,33.3803],[-118.35783,33.38057],[-118.35773,33.38064],[-118.35779,33.3808],[-118.35796,33.38089],[-118.3581,33.38082],[-118.35823,33.38091],[-118.3587,33.3818],[-118.35881,33.38186],[-118.35881,33.38203],[-118.35896,33.38199],[-118.35923,33.38226],[-118.35937,33.38262],[-118.35943,33.38259],[-118.35942,33.38245],[-118.35965,33.38261],[-118.35981,33.38288],[-118.35979,33.38308],[-118.35985,33.3831],[-118.35991,33.38298],[-118.36013,33.38304],[-118.36097,33.38387],[-118.3619,33.3846],[-118.36235,33.38515],[-118.36233,33.38537],[-118.3626,33.38555],[-118.36269,33.38555],[-118.36271,33.38572],[-118.36314,33.38597],[-118.36349,33.38629],[-118.36418,33.3872],[-118.36442,33.38766],[-118.3648,33.38792],[-118.36485,33.38811],[-118.36526,33.38816],[-118.36555,33.38797],[-118.36587,33.38816],[-118.36601,33.38834],[-118.36602,33.3882],[-118.36624,33.38815],[-118.36635,33.38824],[-118.36647,33.38805],[-118.36667,33.38805],[-118.36751,33.3885],[-118.3681,33.38902],[-118.36825,33.38928],[-118.36796,33.38944],[-118.36826,33.38954],[-118.36834,33.38964],[-118.3683,33.38978],[-118.36849,33.38975],[-118.36859,33.38984],[-118.36831,33.39021],[-118.36837,33.39091],[-118.36854,33.39109],[-118.36863,33.39104],[-118.36879,33.39108],[-118.36913,33.39077],[-118.36936,33.3909],[-118.36972,33.39164],[-118.37006,33.39327],[-118.37004,33.39453],[-118.36985,33.3947],[-118.36954,33.39467],[-118.36931,33.39452],[-118.36912,33.39456],[-118.36917,33.39468],[-118.3695,33.39476],[-118.36939,33.39508],[-118.36915,33.39523],[-118.36932,33.39514],[-118.3695,33.39516],[-118.36966,33.39505],[-118.3699,33.39512],[-118.37004,33.39551],[-118.36989,33.39562],[-118.36989,33.39573],[-118.36998,33.39581],[-118.37007,33.39572],[-118.37024,33.39574],[-118.3703,33.39601],[-118.37019,33.39646],[-118.36971,33.39698],[-118.36971,33.39711],[-118.36988,33.39722],[-118.36976,33.39762],[-118.3696,33.39776],[-118.36921,33.39763],[-118.36918,33.3978],[-118.36899,33.39784],[-118.36908,33.39792],[-118.36896,33.39806],[-118.36912,33.39822],[-118.36907,33.39833],[-118.36877,33.39848],[-118.36862,33.39846],[-118.36859,33.39833],[-118.36849,33.39832],[-118.36841,33.39843],[-118.36845,33.39852],[-118.36834,33.39855],[-118.36837,33.39872],[-118.36829,33.3988],[-118.36819,33.39875],[-118.36809,33.39899],[-118.36789,33.39902],[-118.36779,33.39912],[-118.36758,33.39909],[-118.36757,33.39919],[-118.36768,33.39929],[-118.36738,33.39961],[-118.36748,33.39971],[-118.36744,33.39985],[-118.36757,33.40012],[-118.36737,33.40038],[-118.36727,33.40045],[-118.36712,33.40042],[-118.36704,33.40058],[-118.36707,33.40071],[-118.36736,33.40098],[-118.36761,33.40147],[-118.36755,33.40158],[-118.36768,33.40186],[-118.36759,33.402],[-118.36771,33.40219],[-118.36768,33.4024],[-118.36787,33.40265],[-118.36783,33.40273],[-118.36813,33.40291],[-118.36818,33.40316],[-118.36863,33.40375],[-118.36901,33.40389],[-118.36909,33.40437],[-118.36891,33.40525],[-118.36875,33.40545],[-118.36836,33.40537],[-118.36822,33.40545],[-118.36809,33.40538],[-118.36799,33.40542],[-118.36805,33.4055],[-118.36792,33.40561],[-118.36784,33.40556],[-118.36775,33.40562],[-118.36759,33.4056],[-118.36749,33.40569],[-118.36722,33.40561],[-118.36722,33.40576],[-118.36708,33.40586],[-118.36717,33.40603],[-118.36704,33.40603],[-118.36706,33.40615],[-118.36692,33.40616],[-118.3669,33.40626],[-118.36669,33.40637],[-118.36656,33.4062],[-118.36627,33.40621],[-118.36638,33.40645],[-118.36646,33.4065],[-118.36656,33.40646],[-118.36667,33.40659],[-118.36672,33.40655],[-118.36702,33.4067],[-118.36708,33.40653],[-118.36735,33.40667],[-118.36761,33.40654],[-118.3679,33.40691],[-118.36808,33.40689],[-118.3681,33.40683],[-118.36832,33.40684],[-118.36904,33.40718],[-118.36954,33.40767],[-118.36969,33.40842],[-118.36961,33.40856],[-118.36983,33.4087],[-118.37019,33.40875],[-118.37012,33.40891],[-118.37047,33.40908],[-118.37049,33.40923],[-118.37068,33.4092],[-118.37097,33.40944],[-118.37115,33.40943],[-118.37113,33.40954],[-118.37122,33.40947],[-118.37143,33.40957],[-118.37142,33.40963],[-118.37151,33.40959],[-118.37152,33.40966],[-118.37164,33.40961],[-118.37189,33.40965],[-118.37203,33.40983],[-118.37231,33.40988],[-118.37248,33.41001],[-118.37265,33.40998],[-118.37322,33.41013],[-118.37332,33.41004],[-118.37345,33.41011],[-118.37489,33.4101],[-118.37579,33.41037],[-118.37654,33.4102],[-118.37677,33.41003],[-118.37752,33.4098],[-118.37816,33.4097],[-118.37842,33.40973],[-118.37854,33.40966],[-118.37881,33.4097],[-118.37917,33.40963],[-118.37926,33.4097],[-118.37934,33.40959],[-118.3795,33.40962],[-118.37957,33.40956],[-118.3798,33.40961],[-118.3803,33.40957],[-118.38033,33.40963],[-118.38037,33.40957],[-118.3804,33.40963],[-118.38044,33.40957],[-118.3806,33.40963],[-118.38082,33.40955],[-118.38096,33.40968],[-118.38107,33.40962],[-118.38153,33.40966],[-118.38216,33.40985],[-118.38261,33.41022],[-118.38304,33.41038],[-118.38308,33.41049],[-118.38325,33.41056],[-118.38325,33.41093],[-118.38332,33.41105],[-118.38346,33.41108],[-118.38347,33.41122],[-118.3836,33.41127],[-118.38375,33.41148],[-118.38384,33.41184],[-118.38408,33.41212],[-118.38421,33.4125],[-118.38438,33.41266],[-118.38475,33.41276],[-118.38568,33.41336],[-118.38666,33.41442],[-118.38713,33.41515],[-118.3874,33.41536],[-118.38744,33.41556],[-118.38795,33.41594],[-118.3882,33.41628],[-118.3884,33.41638],[-118.38841,33.41661],[-118.3886,33.41663],[-118.38872,33.41673],[-118.38878,33.41688],[-118.38869,33.41703],[-118.38858,33.41706],[-118.38855,33.41723],[-118.38871,33.41718],[-118.38885,33.41722],[-118.38903,33.41739],[-118.38913,33.41765],[-118.38924,33.41763],[-118.38928,33.41752],[-118.38946,33.4176],[-118.38971,33.41758],[-118.38986,33.41746],[-118.39016,33.41756],[-118.39033,33.41737],[-118.39047,33.41739],[-118.3906,33.41729],[-118.39065,33.41737],[-118.3908,33.41735],[-118.39093,33.41724],[-118.39123,33.41728],[-118.39159,33.41719],[-118.39178,33.41742],[-118.39175,33.41721],[-118.39195,33.41722],[-118.39199,33.41709],[-118.39211,33.41713],[-118.39219,33.41703],[-118.39251,33.41713],[-118.39291,33.41698],[-118.39305,33.41711],[-118.39317,33.41698],[-118.39334,33.417],[-118.39347,33.41689],[-118.39409,33.41684],[-118.39422,33.41665],[-118.39421,33.41638],[-118.39495,33.41606],[-118.39561,33.41591],[-118.39619,33.41595],[-118.39624,33.41603],[-118.39637,33.41601],[-118.39641,33.41624],[-118.39659,33.4163],[-118.39664,33.41618],[-118.39681,33.41619],[-118.39736,33.41645],[-118.39737,33.41681],[-118.39753,33.41697],[-118.39749,33.4171],[-118.3976,33.41727],[-118.39776,33.4173],[-118.39786,33.41741],[-118.39796,33.41734],[-118.39806,33.41736],[-118.39805,33.41747],[-118.39816,33.41743],[-118.39839,33.41776],[-118.3984,33.41781],[-118.39833,33.41781],[-118.3984,33.41799],[-118.39834,33.41808],[-118.39843,33.41816],[-118.39838,33.41834],[-118.39866,33.41823],[-118.39895,33.4183],[-118.39909,33.41817],[-118.3992,33.41839],[-118.39944,33.4185],[-118.39969,33.41851],[-118.39996,33.4184],[-118.4003,33.41863],[-118.40061,33.41858],[-118.40071,33.41864],[-118.40096,33.41862],[-118.4011,33.41869],[-118.40112,33.41884],[-118.40129,33.4189],[-118.40157,33.4188],[-118.40171,33.41882],[-118.4019,33.41871],[-118.40219,33.4187],[-118.40238,33.41886],[-118.40262,33.41892],[-118.40262,33.41898],[-118.40278,33.41898],[-118.40285,33.41907],[-118.4028,33.41914],[-118.4031,33.41924],[-118.40311,33.41933],[-118.40315,33.41926],[-118.4033,33.41926],[-118.40343,33.41934],[-118.4037,33.41932],[-118.40467,33.41976],[-118.4049,33.41996],[-118.40498,33.42014],[-118.40545,33.42045],[-118.40534,33.42053],[-118.40529,33.42075],[-118.40539,33.42122],[-118.40525,33.42152],[-118.40541,33.42168],[-118.40537,33.42178],[-118.40546,33.42185],[-118.40575,33.42177],[-118.40597,33.42182],[-118.40608,33.42173],[-118.40593,33.42165],[-118.40623,33.42163],[-118.40641,33.42144],[-118.40811,33.42103],[-118.40851,33.42117],[-118.40869,33.42135],[-118.4091,33.4214],[-118.40931,33.42154],[-118.40952,33.42147],[-118.41025,33.42153],[-118.41072,33.42183],[-118.41133,33.42199],[-118.41146,33.42221],[-118.4116,33.42229],[-118.41238,33.42223],[-118.4127,33.42239],[-118.4135,33.42259],[-118.41365,33.42271],[-118.41363,33.42282],[-118.4137,33.4228],[-118.41388,33.42304],[-118.41402,33.42309],[-118.41405,33.42332],[-118.41437,33.42316],[-118.41457,33.42328],[-118.41498,33.42318],[-118.41511,33.42319],[-118.41513,33.42327],[-118.41521,33.42319],[-118.4154,33.42319],[-118.41554,33.42334],[-118.41556,33.42374],[-118.4157,33.42384],[-118.41574,33.42407],[-118.41583,33.42406],[-118.41583,33.42398],[-118.41627,33.42387],[-118.41654,33.42399],[-118.41654,33.42414],[-118.41664,33.42423],[-118.41658,33.42429],[-118.41678,33.42418],[-118.41699,33.42429],[-118.41702,33.42447],[-118.41689,33.42481],[-118.41704,33.42478],[-118.41705,33.42499],[-118.41717,33.42487],[-118.41745,33.42532],[-118.41753,33.42527],[-118.41764,33.42533],[-118.41784,33.42523],[-118.41799,33.42533],[-118.418,33.42547],[-118.41813,33.42551],[-118.41822,33.42568],[-118.41852,33.42579],[-118.41882,33.42581],[-118.41908,33.42594],[-118.41959,33.42596],[-118.41974,33.4262],[-118.42007,33.42637],[-118.42043,33.42641],[-118.42056,33.42652],[-118.42076,33.4265],[-118.42085,33.42666],[-118.42079,33.42693],[-118.42088,33.42685],[-118.42098,33.42696],[-118.42115,33.42677],[-118.42139,33.42675],[-118.42176,33.42692],[-118.42238,33.42687],[-118.42252,33.42697],[-118.42271,33.42688],[-118.42315,33.42711],[-118.4235,33.42711],[-118.42382,33.42724],[-118.42419,33.42722],[-118.42424,33.42728],[-118.4245,33.42721],[-118.4245,33.42705],[-118.42462,33.42695],[-118.42577,33.42667],[-118.42608,33.42682],[-118.42629,33.42683],[-118.42629,33.42699],[-118.42651,33.42703],[-118.42666,33.42725],[-118.42712,33.42737],[-118.42746,33.42762],[-118.42761,33.4276],[-118.42777,33.42742],[-118.42798,33.42744],[-118.42839,33.42794],[-118.42877,33.42799],[-118.42926,33.42787],[-118.42932,33.42793],[-118.42945,33.42791],[-118.4301,33.42757],[-118.43032,33.42763],[-118.43081,33.42756],[-118.43081,33.42749],[-118.43098,33.42746],[-118.43096,33.42738],[-118.43104,33.42731],[-118.43162,33.42704],[-118.43182,33.42682],[-118.43189,33.42683],[-118.43199,33.42663],[-118.43226,33.42659],[-118.43236,33.42646],[-118.43256,33.42638],[-118.43302,33.4263],[-118.43345,33.42637],[-118.43385,33.42628],[-118.43473,33.42652],[-118.43484,33.42666],[-118.43495,33.42715],[-118.43519,33.42739],[-118.43535,33.42778],[-118.43575,33.42788],[-118.43612,33.42827],[-118.43656,33.42847],[-118.43657,33.42856],[-118.43744,33.42859],[-118.43793,33.42873],[-118.43808,33.4289],[-118.43825,33.42874],[-118.43854,33.42882],[-118.43866,33.42879],[-118.43871,33.42867],[-118.43889,33.42873],[-118.43914,33.42862],[-118.43953,33.4286],[-118.44007,33.42843],[-118.4404,33.42848],[-118.4403,33.42872],[-118.44035,33.42878],[-118.44045,33.42851],[-118.44077,33.42837],[-118.44282,33.42798],[-118.44359,33.4281],[-118.44426,33.4284],[-118.44505,33.42856],[-118.44572,33.42893],[-118.44597,33.42897],[-118.44605,33.42914],[-118.44644,33.42934],[-118.44658,33.42953],[-118.44725,33.42997],[-118.44764,33.43009],[-118.4477,33.43022],[-118.44815,33.43056],[-118.44822,33.43077],[-118.44868,33.43132],[-118.44874,33.43163],[-118.44901,33.43209],[-118.44939,33.43258],[-118.44977,33.4327],[-118.45014,33.43265],[-118.4512,33.43281],[-118.45138,33.43279],[-118.4518,33.43292],[-118.45201,33.43287],[-118.45215,33.43297],[-118.45271,33.43306],[-118.45345,33.43333],[-118.45393,33.43332],[-118.45433,33.43345],[-118.45442,33.43362],[-118.45459,33.4336],[-118.45473,33.43368],[-118.4552,33.4342],[-118.4554,33.43454],[-118.45534,33.43478],[-118.45548,33.43472],[-118.45559,33.43484],[-118.45576,33.4348],[-118.45619,33.435],[-118.45654,33.43525],[-118.45657,33.43541],[-118.45674,33.4355],[-118.45683,33.43547],[-118.45728,33.43583],[-118.45796,33.43657],[-118.45814,33.43664],[-118.45832,33.43657],[-118.45862,33.43661],[-118.45887,33.43677],[-118.45915,33.43678],[-118.45971,33.43701],[-118.46017,33.43706],[-118.4606,33.43728],[-118.46127,33.43782],[-118.46156,33.43837],[-118.46172,33.43892],[-118.46185,33.43899],[-118.46206,33.43961],[-118.46247,33.44007],[-118.4625,33.44019],[-118.46281,33.44044],[-118.46315,33.44049],[-118.46419,33.4404],[-118.46479,33.44053],[-118.46497,33.44049],[-118.46524,33.44071],[-118.46535,33.44067],[-118.46588,33.4409],[-118.46639,33.44142],[-118.46653,33.44141],[-118.46678,33.44154],[-118.46688,33.4417],[-118.46724,33.44172],[-118.46761,33.44197],[-118.46783,33.44195],[-118.46808,33.44223],[-118.46843,33.44213],[-118.46893,33.44231],[-118.46898,33.44239],[-118.46918,33.4424],[-118.46933,33.44255],[-118.46961,33.44244],[-118.46993,33.44247],[-118.47044,33.44218],[-118.47085,33.44208],[-118.47122,33.44209],[-118.47156,33.44199],[-118.47155,33.4422],[-118.47163,33.44223],[-118.47169,33.44215],[-118.47176,33.4422],[-118.47178,33.44199],[-118.47205,33.44194],[-118.47294,33.44224],[-118.47301,33.44231],[-118.47296,33.44246],[-118.47315,33.4427],[-118.47354,33.44278],[-118.47383,33.44314],[-118.47406,33.44326],[-118.47404,33.44335],[-118.47415,33.44337],[-118.47429,33.44361],[-118.4742,33.44364],[-118.47428,33.44368],[-118.47424,33.44375],[-118.47446,33.44384],[-118.47447,33.44407],[-118.475,33.4444],[-118.47544,33.44441],[-118.47564,33.44463],[-118.47589,33.44469],[-118.47582,33.44505],[-118.47584,33.44528],[-118.47594,33.44543],[-118.47591,33.44567],[-118.476,33.44576],[-118.47623,33.44581],[-118.47619,33.44626],[-118.47652,33.44622],[-118.47656,33.44656],[-118.4767,33.44664],[-118.47663,33.44688],[-118.47648,33.447],[-118.47647,33.44745],[-118.47659,33.44766],[-118.47706,33.44774],[-118.47715,33.44792],[-118.47709,33.44812],[-118.47728,33.44811],[-118.47738,33.44832],[-118.47762,33.44836],[-118.47809,33.44829],[-118.4793,33.44768],[-118.47944,33.44779],[-118.47952,33.44769],[-118.47987,33.44768],[-118.47993,33.448],[-118.48023,33.44804],[-118.48048,33.44799],[-118.48069,33.44784],[-118.48096,33.4479],[-118.48129,33.4478],[-118.48135,33.44786],[-118.48152,33.44784],[-118.48177,33.44772],[-118.48211,33.44774],[-118.48293,33.4475],[-118.483,33.44736],[-118.48319,33.44726],[-118.48347,33.4473],[-118.48366,33.44722],[-118.48379,33.44733],[-118.48394,33.44722],[-118.48407,33.44723],[-118.4841,33.44718],[-118.48393,33.44714],[-118.48395,33.44705],[-118.48418,33.44695],[-118.4845,33.44696],[-118.48467,33.44671],[-118.48483,33.44662],[-118.48494,33.44667],[-118.48517,33.44662],[-118.48519,33.44645],[-118.48522,33.4465],[-118.48533,33.44647],[-118.48544,33.44625],[-118.48533,33.44621],[-118.48516,33.44593],[-118.48483,33.44566],[-118.48476,33.44545],[-118.48407,33.44526],[-118.48379,33.44527],[-118.48339,33.44506],[-118.48345,33.44496],[-118.48358,33.44492],[-118.48395,33.44502],[-118.48414,33.44498],[-118.48409,33.44485],[-118.48377,33.44472],[-118.48376,33.44457],[-118.48423,33.444],[-118.48463,33.44371],[-118.48494,33.44377],[-118.48516,33.44351],[-118.48555,33.44367],[-118.48589,33.44348],[-118.48584,33.44387],[-118.4862,33.44394],[-118.48624,33.44406],[-118.4863,33.44398],[-118.48641,33.44398],[-118.48681,33.44433],[-118.48718,33.4443],[-118.48733,33.44439],[-118.48754,33.44431],[-118.48775,33.44461],[-118.48807,33.44469],[-118.48822,33.44464],[-118.4883,33.44446],[-118.48811,33.44415],[-118.48816,33.44403],[-118.4885,33.44394],[-118.48873,33.44414],[-118.48922,33.44411],[-118.48952,33.44431],[-118.48989,33.44397],[-118.49006,33.4437],[-118.49025,33.44362],[-118.49035,33.44331],[-118.49052,33.44329],[-118.4907,33.44345],[-118.491,33.44347],[-118.49132,33.44291],[-118.49084,33.44237],[-118.49088,33.44223],[-118.49176,33.44185],[-118.4925,33.44186],[-118.49261,33.44171],[-118.49299,33.44151],[-118.49318,33.44126],[-118.49403,33.44108],[-118.49491,33.44106],[-118.49533,33.44122],[-118.49571,33.4412],[-118.49577,33.44129],[-118.49586,33.44114],[-118.49607,33.4412],[-118.49625,33.44113],[-118.49725,33.44135],[-118.49772,33.44152],[-118.49883,33.44215],[-118.49926,33.44274],[-118.49939,33.4428],[-118.49976,33.44326],[-118.49984,33.44346],[-118.49976,33.44369],[-118.49933,33.44414],[-118.49919,33.44415],[-118.49916,33.44422],[-118.49863,33.44452],[-118.49867,33.44479],[-118.49837,33.44503],[-118.49824,33.44525],[-118.49828,33.4457],[-118.49821,33.44591],[-118.49846,33.44589],[-118.49862,33.4461],[-118.4987,33.44607],[-118.4988,33.4462],[-118.49889,33.44612],[-118.49896,33.44621],[-118.49911,33.44624],[-118.49918,33.44635],[-118.49944,33.44645],[-118.49946,33.44657],[-118.49963,33.44672],[-118.4997,33.44658],[-118.49992,33.44681],[-118.50011,33.44689],[-118.50113,33.44682],[-118.50131,33.44692],[-118.50138,33.4471],[-118.50137,33.44741],[-118.50115,33.44766],[-118.50101,33.44769],[-118.50091,33.44762],[-118.50072,33.44779],[-118.50051,33.44773],[-118.50043,33.44787],[-118.50031,33.4478],[-118.50028,33.44794],[-118.50011,33.44794],[-118.49989,33.44805],[-118.49969,33.44794],[-118.49958,33.44796],[-118.49977,33.44817],[-118.49971,33.44839],[-118.49984,33.44849],[-118.49978,33.44875],[-118.49956,33.44908],[-118.49993,33.44945],[-118.49996,33.44965],[-118.50027,33.44962],[-118.50037,33.44946],[-118.50058,33.44941],[-118.5007,33.44946],[-118.50081,33.44934],[-118.50108,33.44943],[-118.50125,33.44939],[-118.50152,33.44958],[-118.50185,33.44958],[-118.50213,33.44979],[-118.5024,33.44986],[-118.50245,33.44994],[-118.50236,33.45012],[-118.50246,33.45008],[-118.50256,33.45018],[-118.50281,33.45015],[-118.50272,33.45036],[-118.5028,33.45028],[-118.50296,33.45035],[-118.50346,33.45031],[-118.50361,33.45059],[-118.50364,33.45109],[-118.50336,33.45116],[-118.50311,33.45139],[-118.50301,33.45135],[-118.50301,33.4515],[-118.50314,33.45152],[-118.50319,33.45163],[-118.503,33.452],[-118.50224,33.45243],[-118.50204,33.45247],[-118.50186,33.45239],[-118.50166,33.4525],[-118.50159,33.45267],[-118.50146,33.45268],[-118.50139,33.45278],[-118.50146,33.45306],[-118.50178,33.45323],[-118.50188,33.45316],[-118.50198,33.4532],[-118.50209,33.45299],[-118.50228,33.45297],[-118.50243,33.45305],[-118.50257,33.45327],[-118.50274,33.45334],[-118.50322,33.45323],[-118.50341,33.45303],[-118.50358,33.45297],[-118.50385,33.45296],[-118.5044,33.45318],[-118.50458,33.4531],[-118.50474,33.45321],[-118.5049,33.45319],[-118.50498,33.45328],[-118.50531,33.45334],[-118.50552,33.45355],[-118.50541,33.45379],[-118.50557,33.45391],[-118.506,33.45392],[-118.50604,33.45407],[-118.50615,33.45411],[-118.50649,33.45398],[-118.50702,33.45423],[-118.50721,33.45441],[-118.50733,33.45437],[-118.50736,33.45424],[-118.50751,33.45421],[-118.50779,33.45431],[-118.50788,33.45448],[-118.5082,33.45449],[-118.50864,33.4547],[-118.50874,33.455],[-118.50868,33.45509],[-118.50882,33.45523],[-118.50865,33.45526],[-118.50876,33.45528],[-118.50877,33.45557],[-118.50884,33.45561],[-118.50894,33.45551],[-118.509,33.45559],[-118.50911,33.45557],[-118.50904,33.45537],[-118.50926,33.45522],[-118.50946,33.4552],[-118.50971,33.45531],[-118.50984,33.45522],[-118.50983,33.45514],[-118.50988,33.45523],[-118.50998,33.45523],[-118.51012,33.45509],[-118.5103,33.45524],[-118.51031,33.45539],[-118.51048,33.45544],[-118.51046,33.4556],[-118.51068,33.45552],[-118.51083,33.45562],[-118.51091,33.45559],[-118.51091,33.45569],[-118.51102,33.45574],[-118.51116,33.45567],[-118.51137,33.45575],[-118.51174,33.45562],[-118.51191,33.45546],[-118.51203,33.45559],[-118.51221,33.45554],[-118.51243,33.45584],[-118.51241,33.45592],[-118.51261,33.45606],[-118.51265,33.45639],[-118.5129,33.45637],[-118.51289,33.45648],[-118.51309,33.45645],[-118.51321,33.45654],[-118.5133,33.45644],[-118.51345,33.45661],[-118.51362,33.45657],[-118.51381,33.45668],[-118.51393,33.45665],[-118.51422,33.4568],[-118.51444,33.45701],[-118.51479,33.45694],[-118.51485,33.45705],[-118.51498,33.45708],[-118.51506,33.45733],[-118.51518,33.45717],[-118.51536,33.45716],[-118.51544,33.45705],[-118.51569,33.45695],[-118.51584,33.45698],[-118.51598,33.45732],[-118.51587,33.45765],[-118.51575,33.45772],[-118.51642,33.45828],[-118.51663,33.45882],[-118.51735,33.45892],[-118.51766,33.45875],[-118.51783,33.45875],[-118.5182,33.45892],[-118.51847,33.45918],[-118.51849,33.45979],[-118.5184,33.45992],[-118.51836,33.46019],[-118.51826,33.46029],[-118.51828,33.46046],[-118.51845,33.46048],[-118.51897,33.46087],[-118.51918,33.46091],[-118.51919,33.46102],[-118.51932,33.46111],[-118.51938,33.46099],[-118.51965,33.46098],[-118.5198,33.46119],[-118.52006,33.46121],[-118.52024,33.46132],[-118.5203,33.46129],[-118.52038,33.46137],[-118.52081,33.46132],[-118.52105,33.46138],[-118.52146,33.46121],[-118.52163,33.46124],[-118.52199,33.46144],[-118.52258,33.46203],[-118.52317,33.46305],[-118.52319,33.46348],[-118.52295,33.46352],[-118.52291,33.46367],[-118.52273,33.46376],[-118.52263,33.46402],[-118.52229,33.46415],[-118.52222,33.46427],[-118.52209,33.46427],[-118.52214,33.46441],[-118.52206,33.4645],[-118.52219,33.46453],[-118.52212,33.46464],[-118.52222,33.46478],[-118.52212,33.46491],[-118.52214,33.46534],[-118.52203,33.46536],[-118.52205,33.46541],[-118.52226,33.46547],[-118.52232,33.46559],[-118.52265,33.46559],[-118.52265,33.46573],[-118.52294,33.4658],[-118.52313,33.46571],[-118.52333,33.46572],[-118.52342,33.46561],[-118.52383,33.4657],[-118.52408,33.46551],[-118.52452,33.46535],[-118.52461,33.4654],[-118.52483,33.46532],[-118.52512,33.46541],[-118.52519,33.4653],[-118.52533,33.4653],[-118.52573,33.46543],[-118.52576,33.46578],[-118.52599,33.46571],[-118.5263,33.466],[-118.52678,33.46622],[-118.52811,33.46644],[-118.52859,33.46674],[-118.52895,33.46682],[-118.52938,33.46708],[-118.52937,33.46722],[-118.52954,33.46729],[-118.52956,33.46738],[-118.53009,33.46749],[-118.5304,33.46768],[-118.53098,33.46833],[-118.53107,33.46907],[-118.5309,33.4695],[-118.53076,33.46961],[-118.53066,33.4696],[-118.53053,33.46946],[-118.53028,33.46941],[-118.53009,33.46952],[-118.53034,33.46957],[-118.53037,33.46995],[-118.53073,33.46997],[-118.53063,33.47008],[-118.5308,33.4702],[-118.53081,33.47032],[-118.53102,33.47031],[-118.53105,33.4701],[-118.53123,33.47009],[-118.53149,33.47019],[-118.53149,33.47036],[-118.53159,33.47031],[-118.53169,33.47037],[-118.53167,33.47061],[-118.53191,33.47081],[-118.5318,33.47099],[-118.532,33.47103],[-118.5321,33.47131],[-118.53176,33.47179],[-118.53213,33.47193],[-118.5322,33.47238],[-118.53263,33.47257],[-118.53271,33.47288],[-118.53283,33.47292],[-118.53301,33.47336],[-118.53317,33.47335],[-118.53343,33.47358],[-118.53357,33.47361],[-118.53382,33.47391],[-118.53405,33.47391],[-118.5341,33.47384],[-118.53428,33.47389],[-118.53435,33.47406],[-118.53456,33.47413],[-118.53508,33.47407],[-118.53531,33.47413],[-118.53538,33.47443],[-118.53558,33.47456],[-118.53592,33.47536],[-118.53609,33.47539],[-118.53611,33.47552],[-118.53632,33.47562],[-118.5363,33.4758],[-118.53648,33.47592],[-118.53656,33.4761],[-118.53675,33.47617],[-118.53703,33.47642],[-118.5372,33.47647],[-118.53721,33.47658],[-118.53755,33.47668],[-118.53763,33.4768],[-118.53794,33.47691],[-118.53826,33.47742],[-118.53848,33.47758],[-118.53858,33.47753],[-118.53852,33.47733],[-118.53863,33.47733],[-118.53868,33.47715],[-118.53859,33.4769],[-118.53866,33.47672],[-118.53856,33.47652],[-118.5386,33.47641],[-118.53843,33.47635],[-118.53832,33.47597],[-118.5384,33.47593],[-118.53853,33.47601],[-118.53875,33.47599],[-118.5388,33.47592],[-118.539,33.47592],[-118.53903,33.47579],[-118.53934,33.4758],[-118.53946,33.47547],[-118.53963,33.47543],[-118.53953,33.47531],[-118.53961,33.47525],[-118.53978,33.47535],[-118.53984,33.47522],[-118.53997,33.47531],[-118.54062,33.47527],[-118.54123,33.47552],[-118.54135,33.47546],[-118.54132,33.47533],[-118.54142,33.47531],[-118.54175,33.47548],[-118.54181,33.47534],[-118.54206,33.47519],[-118.54215,33.47493],[-118.54225,33.47489],[-118.54238,33.47497],[-118.54245,33.47481],[-118.54265,33.47472],[-118.54273,33.47449],[-118.54284,33.47449],[-118.54303,33.47465],[-118.54327,33.4747],[-118.54335,33.47464],[-118.54344,33.47474],[-118.54354,33.47471],[-118.54361,33.47456],[-118.54353,33.47445],[-118.54371,33.47428],[-118.54376,33.47405],[-118.54392,33.47428],[-118.54424,33.47419],[-118.54493,33.47421],[-118.54523,33.47438],[-118.54526,33.4746],[-118.54551,33.47467],[-118.5456,33.47479],[-118.54587,33.47483],[-118.54605,33.47474],[-118.54613,33.47479],[-118.54606,33.47489],[-118.54614,33.47493],[-118.5463,33.47477],[-118.54632,33.47485],[-118.54639,33.47482],[-118.54652,33.47495],[-118.54665,33.47477],[-118.54661,33.47473],[-118.54645,33.47477],[-118.54636,33.47441],[-118.54661,33.47403],[-118.54697,33.4741],[-118.54717,33.47426],[-118.54738,33.47425],[-118.54757,33.47437],[-118.54779,33.47439],[-118.54798,33.47409],[-118.54795,33.47379],[-118.54804,33.4737],[-118.54866,33.47363],[-118.54882,33.47355],[-118.54886,33.47364],[-118.54897,33.4736],[-118.54923,33.47366],[-118.54941,33.47348],[-118.55026,33.47325],[-118.55056,33.47305],[-118.5509,33.473],[-118.55185,33.47312],[-118.55202,33.4733],[-118.552,33.47341],[-118.55231,33.47357],[-118.55264,33.47355],[-118.55297,33.47337],[-118.55307,33.47339],[-118.55308,33.47353],[-118.55318,33.47361],[-118.55315,33.47377],[-118.55326,33.47382],[-118.55321,33.47423],[-118.55328,33.47431],[-118.55342,33.47427],[-118.55347,33.47416],[-118.55365,33.47415],[-118.55377,33.47422],[-118.55387,33.47418],[-118.55401,33.47436],[-118.55422,33.47416],[-118.55443,33.47421],[-118.55455,33.47414],[-118.55464,33.4743],[-118.55483,33.47427],[-118.55511,33.47444],[-118.55524,33.47444],[-118.55532,33.47436],[-118.55559,33.4744],[-118.55565,33.47446],[-118.55562,33.47457],[-118.55575,33.47452],[-118.55582,33.47467],[-118.55609,33.47473],[-118.55623,33.47463],[-118.55617,33.47451],[-118.55606,33.47442],[-118.55586,33.47443],[-118.55583,33.47416],[-118.55597,33.47398],[-118.55613,33.47389],[-118.55657,33.47386],[-118.55668,33.47389],[-118.5567,33.47397],[-118.55693,33.47395],[-118.55701,33.4739],[-118.55696,33.47384],[-118.55708,33.47384],[-118.55713,33.47376],[-118.55703,33.47369],[-118.55712,33.4736],[-118.55743,33.47371],[-118.55732,33.47343],[-118.55754,33.47338],[-118.5575,33.47332],[-118.5576,33.47329],[-118.5579,33.47327],[-118.55797,33.47333],[-118.55802,33.47328],[-118.55807,33.47335],[-118.55836,33.47339],[-118.55832,33.47349],[-118.55849,33.47344],[-118.55875,33.47356],[-118.5588,33.47369],[-118.55903,33.47373],[-118.55908,33.47387],[-118.55932,33.47392],[-118.55935,33.47399],[-118.5596,33.47377],[-118.55995,33.47385],[-118.56028,33.47378],[-118.56055,33.47399],[-118.56081,33.47398],[-118.56088,33.47403],[-118.56112,33.47395],[-118.56132,33.47398],[-118.56145,33.47417],[-118.56151,33.47413],[-118.56162,33.47417],[-118.56204,33.47399],[-118.5623,33.474],[-118.56259,33.47383],[-118.56271,33.4739],[-118.56307,33.47379],[-118.5632,33.47386],[-118.56339,33.47375],[-118.56348,33.47393],[-118.56362,33.47377],[-118.56394,33.47386],[-118.56393,33.474],[-118.56404,33.47407],[-118.56449,33.47382],[-118.56475,33.47387],[-118.56483,33.47399],[-118.56504,33.47391],[-118.56523,33.47373],[-118.5662,33.4736],[-118.56632,33.47372],[-118.56648,33.47368],[-118.56653,33.47396],[-118.56664,33.47402],[-118.56666,33.47413],[-118.56681,33.47413],[-118.56686,33.4742],[-118.56695,33.47415],[-118.56693,33.47399],[-118.56711,33.47406],[-118.56735,33.47393],[-118.56787,33.4742],[-118.56821,33.47457],[-118.56826,33.47481],[-118.56866,33.47483],[-118.56875,33.47505],[-118.56908,33.47522],[-118.56937,33.47555],[-118.56926,33.47565],[-118.56934,33.47584],[-118.56962,33.47588],[-118.56982,33.4757],[-118.56982,33.47536],[-118.56997,33.47536],[-118.57008,33.47523],[-118.571,33.47506],[-118.57175,33.47455],[-118.57185,33.47457],[-118.57187,33.47466],[-118.57197,33.47464],[-118.5721,33.47444],[-118.57263,33.47444],[-118.57272,33.47453],[-118.57308,33.47454],[-118.57317,33.47462],[-118.5734,33.47463],[-118.57351,33.47475],[-118.5735,33.47486],[-118.57377,33.4749],[-118.57389,33.47488],[-118.57388,33.4748],[-118.57413,33.4746],[-118.57449,33.47454],[-118.57455,33.47463],[-118.57469,33.47463],[-118.57473,33.47451],[-118.57486,33.4745],[-118.57494,33.47455],[-118.57493,33.47481],[-118.57509,33.4748],[-118.57508,33.47491],[-118.57517,33.47496],[-118.57541,33.47465],[-118.57549,33.47461],[-118.57554,33.47473],[-118.57564,33.47454],[-118.57591,33.47445],[-118.57608,33.47431],[-118.5763,33.47428],[-118.57643,33.47435],[-118.57664,33.47428],[-118.57683,33.47434],[-118.57713,33.47462],[-118.57758,33.47473],[-118.57798,33.47495],[-118.57846,33.47531],[-118.57869,33.47538],[-118.5795,33.47544],[-118.58005,33.47511],[-118.58016,33.47511],[-118.58021,33.47502],[-118.58044,33.47499],[-118.58066,33.47475],[-118.5815,33.47443],[-118.58176,33.47446],[-118.58207,33.47431],[-118.58234,33.47427],[-118.58291,33.47461],[-118.58354,33.47425],[-118.58377,33.47429],[-118.58383,33.47438],[-118.58381,33.47424],[-118.58428,33.47397],[-118.58475,33.47416],[-118.585,33.47409],[-118.58501,33.47396],[-118.5852,33.47388],[-118.58547,33.47383],[-118.5856,33.4739],[-118.58611,33.4738],[-118.58627,33.47385],[-118.58635,33.47399],[-118.58629,33.47428],[-118.58638,33.47437],[-118.5866,33.47445],[-118.58658,33.47427],[-118.58671,33.47422],[-118.58727,33.47436],[-118.58743,33.47449],[-118.58748,33.47475],[-118.58764,33.47481],[-118.58782,33.47506],[-118.58805,33.47506],[-118.58834,33.4752],[-118.58886,33.47522],[-118.5892,33.47509],[-118.58987,33.47507],[-118.59002,33.47521],[-118.59031,33.47526],[-118.59055,33.47525],[-118.5906,33.47517],[-118.59071,33.47523],[-118.59134,33.47513],[-118.59149,33.47521],[-118.59146,33.47532],[-118.59155,33.47537],[-118.59171,33.4754],[-118.59217,33.4753],[-118.59241,33.47547],[-118.59318,33.47528],[-118.59341,33.47533],[-118.59374,33.4756],[-118.59383,33.47576],[-118.59434,33.47586],[-118.59433,33.47607],[-118.5947,33.47641],[-118.59467,33.47647],[-118.59486,33.47658],[-118.59512,33.47659],[-118.59558,33.47685],[-118.59591,33.47694],[-118.59609,33.47691],[-118.59615,33.477],[-118.5963,33.477],[-118.59632,33.4771],[-118.59644,33.47705],[-118.59654,33.47714],[-118.59723,33.47732],[-118.59725,33.47745],[-118.59738,33.4775],[-118.59807,33.47751],[-118.59826,33.47782],[-118.59837,33.47782],[-118.59841,33.47797],[-118.59853,33.47791],[-118.59878,33.47795],[-118.59889,33.47768],[-118.59904,33.47773],[-118.59903,33.47787],[-118.59927,33.47804],[-118.59934,33.47799],[-118.5993,33.47772],[-118.59956,33.47782],[-118.59967,33.47754],[-118.59976,33.47757],[-118.59979,33.47768],[-118.59993,33.47768],[-118.60025,33.47746],[-118.60045,33.47744],[-118.60055,33.47752],[-118.60051,33.47736],[-118.60081,33.47716],[-118.60091,33.47721],[-118.60092,33.47711],[-118.60124,33.4772],[-118.6014,33.47717],[-118.60192,33.4774],[-118.60198,33.47758],[-118.60187,33.47774],[-118.60205,33.4779],[-118.60238,33.47794],[-118.60275,33.47787],[-118.60294,33.47792],[-118.60329,33.47785],[-118.60363,33.47791],[-118.6037,33.47785],[-118.60409,33.47801],[-118.60419,33.47809],[-118.60411,33.47813],[-118.60415,33.47825],[-118.60432,33.47832],[-118.60427,33.47842],[-118.60447,33.47865],[-118.60456,33.4787],[-118.60462,33.47863],[-118.60471,33.47878],[-118.60488,33.47878],[-118.60485,33.47886],[-118.6047,33.47891],[-118.60492,33.47895]]]]},"properties":{"DISTRICT":"4"}}
]}