{"type":"FeatureCollection", "features": [
{"type":"Feature","geometry":{"type":"Polygon","coordinates":[[[-118.13192,34.17653],[-118.1319,34.17694],[-118.13383,34.17782],[-118.13448,34.17811],[-118.1345,34.17812],[-118.13513,34.17841],[-118.13682,34.17916],[-118.13714,34.1793],[-118.13814,34.17976],[-118.13946,34.18035],[-118.14032,34.18074],[-118.14165,34.18134],[-118.14166,34.18135],[-118.14213,34.18156],[-118.14404,34.18156],[-118.14572,34.18155],[-118.14628,34.18155],[-118.14778,34.18153],[-118.1479,34.18154],[-118.14846,34.18153],[-118.14906,34.18153],[-118.1492,34.18153],[-118.14939,34.18153],[-118.14981,34.18152],[-118.14998,34.18152],[-118.15001,34.18152],[-118.15014,34.18152],[-118.15021,34.18152],[-118.1506,34.18152],[-118.1508,34.18151],[-118.151,34.18151],[-118.15153,34.18151],[-118.1521,34.1815],[-118.153,34.1815],[-118.15439,34.1815],[-118.15522,34.18149],[-118.15535,34.18149],[-118.15577,34.18149],[-118.15594,34.18149],[-118.15612,34.18149],[-118.15629,34.18149],[-118.15647,34.18149],[-118.15664,34.18148],[-118.15682,34.18148],[-118.15699,34.18148],[-118.15717,34.18148],[-118.15734,34.18148],[-118.15968,34.18147],[-118.16042,34.18147],[-118.16336,34.18145],[-118.16409,34.18145],[-118.16409,34.18146],[-118.1641,34.18157],[-118.1641,34.1816],[-118.1641,34.1817],[-118.1641,34.18174],[-118.16413,34.18311],[-118.16639,34.18309],[-118.16668,34.18309],[-118.16716,34.18308],[-118.1674,34.18309],[-118.16741,34.18293],[-118.16742,34.18272],[-118.16742,34.18261],[-118.16741,34.18251],[-118.16738,34.18213],[-118.16737,34.18198],[-118.16735,34.1818],[-118.16733,34.1817],[-118.16731,34.18162],[-118.1673,34.18156],[-118.16729,34.18151],[-118.16727,34.18146],[-118.16726,34.18142],[-118.16898,34.18141],[-118.16896,34.18151],[-118.1693,34.18149],[-118.16974,34.18213],[-118.17006,34.18259],[-118.17023,34.1831],[-118.17023,34.18312],[-118.17031,34.18336],[-118.17035,34.18349],[-118.17037,34.18356],[-118.17037,34.18358],[-118.17038,34.1836],[-118.17038,34.18364],[-118.17038,34.18367],[-118.17037,34.18369],[-118.17035,34.18375],[-118.1703,34.18382],[-118.17029,34.18386],[-118.17015,34.18402],[-118.17025,34.18409],[-118.17042,34.18418],[-118.17058,34.18427],[-118.17068,34.18432],[-118.17075,34.18436],[-118.17088,34.18441],[-118.17094,34.18443],[-118.17082,34.18476],[-118.17078,34.18488],[-118.17061,34.18541],[-118.17053,34.18565],[-118.17043,34.18592],[-118.17039,34.18601],[-118.17037,34.18609],[-118.1703,34.18602],[-118.1702,34.1859],[-118.17012,34.18581],[-118.17008,34.18577],[-118.17004,34.18572],[-118.16998,34.18567],[-118.16991,34.18562],[-118.16985,34.18558],[-118.16979,34.18555],[-118.16974,34.18552],[-118.16967,34.1855],[-118.16964,34.18549],[-118.16956,34.18546],[-118.16883,34.18546],[-118.16872,34.18545],[-118.16862,34.18546],[-118.16863,34.18629],[-118.16863,34.18712],[-118.16864,34.18747],[-118.16864,34.18795],[-118.16864,34.18836],[-118.16864,34.18839],[-118.16864,34.1885],[-118.16864,34.18881],[-118.16865,34.18917],[-118.16876,34.18917],[-118.16876,34.1892],[-118.16887,34.18919],[-118.16901,34.18919],[-118.16905,34.18919],[-118.16921,34.18919],[-118.16925,34.18919],[-118.16937,34.18919],[-118.16949,34.18919],[-118.16954,34.18919],[-118.1697,34.18919],[-118.16973,34.18919],[-118.16978,34.18919],[-118.16987,34.18919],[-118.16997,34.18919],[-118.17003,34.18919],[-118.1702,34.18918],[-118.17036,34.18918],[-118.17044,34.18918],[-118.17053,34.18918],[-118.17071,34.18918],[-118.1707,34.18923],[-118.17089,34.18925],[-118.171,34.18925],[-118.17119,34.18926],[-118.17167,34.18929],[-118.17173,34.18929],[-118.17158,34.18951],[-118.17151,34.18958],[-118.17138,34.18966],[-118.1713,34.18972],[-118.17121,34.18977],[-118.17104,34.18987],[-118.17071,34.19008],[-118.17062,34.19013],[-118.17062,34.19017],[-118.17058,34.19058],[-118.17057,34.19075],[-118.17053,34.19112],[-118.17053,34.19114],[-118.17051,34.19116],[-118.17012,34.19157],[-118.17004,34.19166],[-118.16996,34.19174],[-118.16982,34.19189],[-118.16956,34.19216],[-118.1694,34.19233],[-118.16932,34.19242],[-118.16929,34.19236],[-118.16923,34.19222],[-118.16915,34.19202],[-118.16904,34.19175],[-118.16899,34.19165],[-118.16873,34.191],[-118.16866,34.19073],[-118.16857,34.19067],[-118.16857,34.18881],[-118.16846,34.18881],[-118.16826,34.18881],[-118.16821,34.18881],[-118.16818,34.18881],[-118.16806,34.18881],[-118.16794,34.18881],[-118.16791,34.18881],[-118.1678,34.18881],[-118.1677,34.18881],[-118.1675,34.18881],[-118.1674,34.18881],[-118.16741,34.18885],[-118.16741,34.18899],[-118.16741,34.18901],[-118.16741,34.18913],[-118.16741,34.18921],[-118.16741,34.18927],[-118.16741,34.18937],[-118.16741,34.1894],[-118.16741,34.18954],[-118.16741,34.18962],[-118.16741,34.1897],[-118.16741,34.18982],[-118.16741,34.18986],[-118.16741,34.18996],[-118.16742,34.19003],[-118.16742,34.1901],[-118.16742,34.19019],[-118.16742,34.19023],[-118.16742,34.19044],[-118.16742,34.19048],[-118.16742,34.19051],[-118.16699,34.19037],[-118.16689,34.19034],[-118.1668,34.19031],[-118.16672,34.19052],[-118.16648,34.1912],[-118.16663,34.19125],[-118.16679,34.1913],[-118.16694,34.19135],[-118.16721,34.19144],[-118.16736,34.19149],[-118.1673,34.19169],[-118.16745,34.19174],[-118.1676,34.19179],[-118.16776,34.19184],[-118.1679,34.19189],[-118.16806,34.19194],[-118.1682,34.19199],[-118.16836,34.19204],[-118.16844,34.19207],[-118.16862,34.19212],[-118.16862,34.19215],[-118.1686,34.19232],[-118.1686,34.19237],[-118.16858,34.19259],[-118.16856,34.19279],[-118.16856,34.19284],[-118.16856,34.19287],[-118.16856,34.19291],[-118.16856,34.19294],[-118.16855,34.19298],[-118.16855,34.19301],[-118.16855,34.19305],[-118.16854,34.19308],[-118.16854,34.19312],[-118.16853,34.19315],[-118.16853,34.19319],[-118.16852,34.19322],[-118.16851,34.19326],[-118.1685,34.19329],[-118.16849,34.19333],[-118.16848,34.19336],[-118.16847,34.1934],[-118.16846,34.19343],[-118.16845,34.19347],[-118.16843,34.1935],[-118.16842,34.19353],[-118.16841,34.19357],[-118.1684,34.19358],[-118.16839,34.1936],[-118.16837,34.19363],[-118.16825,34.19389],[-118.16817,34.19407],[-118.16803,34.19402],[-118.16798,34.1941],[-118.16795,34.19416],[-118.1679,34.19426],[-118.1679,34.19436],[-118.1679,34.19438],[-118.16784,34.19448],[-118.16777,34.19462],[-118.1677,34.19476],[-118.16763,34.1949],[-118.16757,34.19504],[-118.16754,34.19511],[-118.1675,34.19518],[-118.16747,34.19524],[-118.16743,34.19531],[-118.16742,34.19532],[-118.1674,34.19537],[-118.16736,34.19543],[-118.16735,34.19545],[-118.16732,34.1955],[-118.16728,34.19556],[-118.16726,34.19559],[-118.16724,34.19562],[-118.16719,34.19568],[-118.16717,34.19572],[-118.16715,34.19574],[-118.1671,34.1958],[-118.16707,34.19584],[-118.16705,34.19586],[-118.16701,34.19592],[-118.16696,34.19598],[-118.16643,34.1969],[-118.16634,34.19707],[-118.16624,34.19723],[-118.16582,34.19798],[-118.16578,34.19805],[-118.16575,34.19813],[-118.16552,34.19869],[-118.16541,34.19896],[-118.16531,34.19921],[-118.1652,34.19947],[-118.16507,34.19979],[-118.16495,34.20009],[-118.16492,34.20016],[-118.1649,34.20019],[-118.16486,34.20024],[-118.16457,34.20066],[-118.16448,34.20078],[-118.16445,34.20083],[-118.1644,34.2009],[-118.16433,34.20099],[-118.16432,34.20101],[-118.16424,34.20112],[-118.16422,34.20116],[-118.16416,34.20124],[-118.1641,34.20133],[-118.16407,34.20137],[-118.16403,34.20143],[-118.16399,34.20149],[-118.16359,34.20152],[-118.16336,34.20153],[-118.16315,34.20155],[-118.16273,34.20158],[-118.16263,34.20159],[-118.16269,34.20147],[-118.16274,34.20136],[-118.16275,34.20134],[-118.16279,34.20125],[-118.16285,34.20112],[-118.16291,34.20098],[-118.16292,34.20097],[-118.16298,34.20084],[-118.16298,34.20083],[-118.16304,34.2007],[-118.16311,34.20056],[-118.16311,34.20055],[-118.16317,34.20042],[-118.16318,34.20041],[-118.16324,34.20028],[-118.1633,34.20014],[-118.16331,34.20012],[-118.16337,34.19998],[-118.16338,34.19997],[-118.16349,34.19972],[-118.16307,34.19959],[-118.16186,34.1992],[-118.16039,34.19874],[-118.16018,34.19867],[-118.15988,34.19933],[-118.15963,34.19986],[-118.15956,34.20002],[-118.15971,34.20017],[-118.15985,34.20031],[-118.16036,34.20082],[-118.16062,34.20108],[-118.16074,34.2012],[-118.16082,34.20128],[-118.16086,34.20132],[-118.16067,34.20174],[-118.16087,34.20172],[-118.16109,34.20171],[-118.16134,34.20169],[-118.16152,34.20167],[-118.16152,34.20174],[-118.16152,34.20177],[-118.16152,34.20185],[-118.16153,34.20191],[-118.16153,34.20198],[-118.16164,34.20212],[-118.16166,34.20215],[-118.16167,34.20216],[-118.16181,34.20233],[-118.16186,34.20239],[-118.16196,34.20251],[-118.16205,34.20262],[-118.1621,34.20268],[-118.16224,34.20286],[-118.16237,34.20302],[-118.16241,34.20308],[-118.16248,34.20318],[-118.1626,34.20333],[-118.1627,34.20348],[-118.16271,34.20367],[-118.16272,34.2038],[-118.16272,34.2039],[-118.16271,34.20398],[-118.16273,34.20459],[-118.16293,34.20464],[-118.16397,34.2049],[-118.16404,34.20509],[-118.16416,34.20543],[-118.16434,34.20533],[-118.1645,34.20577],[-118.16461,34.20608],[-118.16464,34.20616],[-118.16483,34.20637],[-118.16491,34.20645],[-118.16517,34.20672],[-118.16535,34.20691],[-118.1655,34.20707],[-118.16557,34.20714],[-118.16564,34.20721],[-118.16567,34.20725],[-118.16566,34.20735],[-118.16565,34.20738],[-118.16563,34.20756],[-118.16561,34.20775],[-118.16557,34.20807],[-118.16561,34.20807],[-118.16565,34.20807],[-118.16579,34.20808],[-118.1659,34.20808],[-118.16605,34.20808],[-118.16605,34.20828],[-118.16605,34.20861],[-118.16605,34.2087],[-118.16605,34.20876],[-118.16605,34.20888],[-118.16605,34.20914],[-118.16605,34.20937],[-118.16605,34.20953],[-118.16606,34.2097],[-118.16606,34.20986],[-118.16606,34.20991],[-118.16606,34.21002],[-118.16621,34.2102],[-118.16642,34.21044],[-118.16647,34.2105],[-118.1665,34.21053],[-118.16669,34.21075],[-118.16692,34.21101],[-118.16716,34.21119],[-118.16726,34.21176],[-118.16701,34.21182],[-118.16663,34.21182],[-118.16663,34.21178],[-118.16605,34.21178],[-118.16596,34.21177],[-118.16581,34.21194],[-118.16575,34.212],[-118.1657,34.21205],[-118.16558,34.21217],[-118.16547,34.21229],[-118.16546,34.21231],[-118.16543,34.21235],[-118.16536,34.21241],[-118.16503,34.2122],[-118.16501,34.21223],[-118.16498,34.21226],[-118.16531,34.21247],[-118.1653,34.21248],[-118.16525,34.21253],[-118.1652,34.21259],[-118.16509,34.21271],[-118.16498,34.21283],[-118.16487,34.21295],[-118.16478,34.21304],[-118.16482,34.2131],[-118.16483,34.21311],[-118.16486,34.21315],[-118.16495,34.21328],[-118.16491,34.21336],[-118.1649,34.2134],[-118.16474,34.2138],[-118.16471,34.21385],[-118.1646,34.21401],[-118.16423,34.21454],[-118.16409,34.21466],[-118.16395,34.21478],[-118.16381,34.2149],[-118.16368,34.21502],[-118.16363,34.21507],[-118.16354,34.21514],[-118.16344,34.21523],[-118.16369,34.21524],[-118.16433,34.21526],[-118.1644,34.21526],[-118.16538,34.21529],[-118.16574,34.2153],[-118.16603,34.21531],[-118.16653,34.21533],[-118.16786,34.21537],[-118.17026,34.21544],[-118.17042,34.21543],[-118.17437,34.2154],[-118.1744,34.2154],[-118.17457,34.2154],[-118.17798,34.21537],[-118.178,34.21947],[-118.178,34.21992],[-118.17801,34.22257],[-118.17804,34.22257],[-118.17911,34.22258],[-118.18107,34.2226],[-118.18264,34.22261],[-118.18264,34.22263],[-118.18263,34.22318],[-118.18379,34.22318],[-118.18697,34.22325],[-118.18687,34.22714],[-118.18665,34.23597],[-118.18664,34.23637],[-118.18663,34.23677],[-118.18662,34.23702],[-118.18661,34.23734],[-118.18661,34.23742],[-118.18661,34.23751],[-118.18662,34.23782],[-118.18691,34.25096],[-118.18691,34.25136],[-118.1874,34.25137],[-118.19499,34.25149],[-118.1953,34.2515],[-118.19543,34.24292],[-118.19548,34.23976],[-118.19551,34.23735],[-118.19553,34.2366],[-118.19822,34.2368],[-118.19824,34.23619],[-118.19824,34.23605],[-118.19753,34.23522],[-118.19742,34.23514],[-118.19728,34.23505],[-118.19684,34.2349],[-118.19615,34.23366],[-118.19596,34.23332],[-118.19518,34.23336],[-118.19478,34.23338],[-118.19459,34.23333],[-118.1943,34.23327],[-118.19407,34.23314],[-118.19391,34.23294],[-118.19362,34.23284],[-118.19306,34.23271],[-118.19229,34.2322],[-118.19185,34.23195],[-118.19067,34.23155],[-118.19054,34.23146],[-118.19003,34.23112],[-118.19024,34.23064],[-118.19035,34.22997],[-118.19051,34.22947],[-118.19053,34.2294],[-118.19069,34.22897],[-118.19071,34.2287],[-118.19046,34.22795],[-118.19071,34.22772],[-118.19088,34.22756],[-118.19124,34.22698],[-118.19129,34.22689],[-118.19131,34.22686],[-118.19144,34.22656],[-118.19129,34.22636],[-118.19125,34.22631],[-118.19103,34.2258],[-118.1909,34.22523],[-118.19021,34.22457],[-118.19011,34.22408],[-118.18986,34.22364],[-118.18974,34.22361],[-118.18957,34.22357],[-118.18939,34.22352],[-118.18908,34.22348],[-118.18896,34.22333],[-118.18897,34.2231],[-118.18897,34.22305],[-118.18898,34.2228],[-118.18888,34.22266],[-118.18849,34.22266],[-118.187,34.22264],[-118.18687,34.22264],[-118.18481,34.22263],[-118.18483,34.22101],[-118.18187,34.22019],[-118.18124,34.21936],[-118.1812,34.21891],[-118.18117,34.21863],[-118.18115,34.21842],[-118.18112,34.21818],[-118.18152,34.21832],[-118.18156,34.21834],[-118.18191,34.21851],[-118.18215,34.21863],[-118.18227,34.2187],[-118.18237,34.21875],[-118.18261,34.21888],[-118.1827,34.21887],[-118.1832,34.21882],[-118.18325,34.21881],[-118.18339,34.21864],[-118.18349,34.21851],[-118.18352,34.2185],[-118.18374,34.21842],[-118.18376,34.21833],[-118.18389,34.2173],[-118.18391,34.21715],[-118.18391,34.21711],[-118.1839,34.21711],[-118.18387,34.21711],[-118.18396,34.21612],[-118.18396,34.21611],[-118.18395,34.2161],[-118.18394,34.21609],[-118.18393,34.21609],[-118.18261,34.2158],[-118.18258,34.2158],[-118.18256,34.21579],[-118.18254,34.21579],[-118.18251,34.21578],[-118.18249,34.21578],[-118.18247,34.21577],[-118.18245,34.21576],[-118.18243,34.21576],[-118.18241,34.21575],[-118.18232,34.21575],[-118.18143,34.21535],[-118.18109,34.21537],[-118.18019,34.21543],[-118.18012,34.21544],[-118.17992,34.21536],[-118.17985,34.21533],[-118.17983,34.2149],[-118.17921,34.21461],[-118.17839,34.21445],[-118.17798,34.21429],[-118.17782,34.21422],[-118.17769,34.21417],[-118.17782,34.21382],[-118.17776,34.21373],[-118.17792,34.21369],[-118.17793,34.2137],[-118.17812,34.2138],[-118.17829,34.21379],[-118.178,34.2134],[-118.17794,34.21332],[-118.1777,34.21292],[-118.17799,34.21278],[-118.17775,34.21243],[-118.17761,34.21208],[-118.177,34.21202],[-118.17698,34.21212],[-118.17676,34.2121],[-118.17673,34.21209],[-118.17668,34.21203],[-118.17668,34.21197],[-118.17668,34.21184],[-118.17668,34.21179],[-118.17665,34.21177],[-118.17643,34.21162],[-118.17607,34.21137],[-118.17598,34.21139],[-118.17595,34.21177],[-118.17594,34.21194],[-118.17575,34.21208],[-118.17571,34.21208],[-118.17567,34.212],[-118.17566,34.21199],[-118.17544,34.21175],[-118.17541,34.21173],[-118.17507,34.21151],[-118.17487,34.21138],[-118.17476,34.21132],[-118.17465,34.21127],[-118.17462,34.21124],[-118.17461,34.21122],[-118.17483,34.2112],[-118.17493,34.21119],[-118.17495,34.21109],[-118.17498,34.21095],[-118.17508,34.21053],[-118.17511,34.21038],[-118.17513,34.21027],[-118.17534,34.21038],[-118.17542,34.21071],[-118.17564,34.21081],[-118.17573,34.21085],[-118.17585,34.21086],[-118.17603,34.21088],[-118.17611,34.21088],[-118.17614,34.21084],[-118.17617,34.2108],[-118.1762,34.21077],[-118.1765,34.21038],[-118.17652,34.21035],[-118.17649,34.20933],[-118.17621,34.20877],[-118.17592,34.20837],[-118.1758,34.20822],[-118.17581,34.20814],[-118.17582,34.2079],[-118.17575,34.20776],[-118.17541,34.20779],[-118.17521,34.20809],[-118.1751,34.20808],[-118.17511,34.20806],[-118.17514,34.20793],[-118.17499,34.20758],[-118.17496,34.20753],[-118.17478,34.20761],[-118.17488,34.20748],[-118.17492,34.20743],[-118.17494,34.20725],[-118.17495,34.20714],[-118.17497,34.20696],[-118.17498,34.20687],[-118.17492,34.20678],[-118.17475,34.20653],[-118.17457,34.20667],[-118.1744,34.20681],[-118.17424,34.20694],[-118.1742,34.20691],[-118.17412,34.20685],[-118.17402,34.20678],[-118.17399,34.20676],[-118.17396,34.20673],[-118.17391,34.2067],[-118.17387,34.20672],[-118.17345,34.20694],[-118.17336,34.2069],[-118.17364,34.20663],[-118.17375,34.20652],[-118.17373,34.20641],[-118.17372,34.20634],[-118.1737,34.20627],[-118.17368,34.20616],[-118.17354,34.20606],[-118.17289,34.20617],[-118.17241,34.20611],[-118.17238,34.20589],[-118.17238,34.20588],[-118.17236,34.20573],[-118.17233,34.20572],[-118.172,34.2056],[-118.1717,34.20549],[-118.17148,34.20544],[-118.1712,34.20528],[-118.17098,34.20534],[-118.17078,34.20529],[-118.17027,34.20535],[-118.17026,34.20449],[-118.16825,34.20444],[-118.16788,34.20443],[-118.16785,34.20443],[-118.16769,34.20442],[-118.16752,34.20298],[-118.16751,34.20295],[-118.16751,34.20292],[-118.16743,34.20228],[-118.16748,34.20218],[-118.16788,34.20144],[-118.16806,34.20112],[-118.16821,34.201],[-118.16835,34.2009],[-118.1685,34.20079],[-118.16898,34.20043],[-118.17023,34.19951],[-118.17037,34.1994],[-118.17057,34.19925],[-118.17106,34.19854],[-118.17111,34.19846],[-118.17144,34.19798],[-118.1721,34.19702],[-118.17369,34.19702],[-118.17361,34.19724],[-118.17313,34.19845],[-118.17337,34.19845],[-118.17339,34.19845],[-118.17413,34.19845],[-118.17436,34.19845],[-118.17505,34.19845],[-118.17506,34.19842],[-118.17507,34.19817],[-118.17508,34.19815],[-118.17508,34.19814],[-118.17508,34.19813],[-118.17508,34.19812],[-118.17508,34.1981],[-118.17508,34.19809],[-118.17509,34.19808],[-118.17509,34.19807],[-118.17509,34.19806],[-118.1751,34.19805],[-118.1751,34.19803],[-118.1751,34.19802],[-118.17511,34.19801],[-118.17511,34.198],[-118.17512,34.19799],[-118.17512,34.19798],[-118.17512,34.19797],[-118.17513,34.19795],[-118.17514,34.19794],[-118.17514,34.19793],[-118.17515,34.19792],[-118.17515,34.19791],[-118.17516,34.1979],[-118.17517,34.19789],[-118.17517,34.19788],[-118.17518,34.19787],[-118.17519,34.19786],[-118.17519,34.19785],[-118.1752,34.19784],[-118.17521,34.19783],[-118.17566,34.19728],[-118.17576,34.19715],[-118.17577,34.19714],[-118.17578,34.19713],[-118.17579,34.19711],[-118.1758,34.1971],[-118.17581,34.19709],[-118.17581,34.19707],[-118.17582,34.19706],[-118.17583,34.19704],[-118.17583,34.19703],[-118.17584,34.19701],[-118.17584,34.197],[-118.17585,34.19698],[-118.17585,34.19697],[-118.17585,34.19695],[-118.17585,34.19694],[-118.17585,34.19692],[-118.17585,34.1969],[-118.17585,34.19689],[-118.17585,34.19687],[-118.17585,34.19686],[-118.17585,34.19685],[-118.17585,34.19684],[-118.17585,34.19683],[-118.17585,34.19682],[-118.17585,34.19681],[-118.17585,34.1968],[-118.17585,34.19679],[-118.17585,34.19678],[-118.17585,34.19677],[-118.17585,34.19676],[-118.17585,34.19675],[-118.17585,34.19674],[-118.17585,34.19673],[-118.17586,34.19672],[-118.17586,34.19671],[-118.17586,34.1967],[-118.17586,34.19669],[-118.17587,34.19668],[-118.17587,34.19667],[-118.17587,34.19666],[-118.17588,34.19665],[-118.17588,34.19664],[-118.17588,34.19663],[-118.17589,34.19663],[-118.17589,34.19662],[-118.1759,34.19661],[-118.1759,34.1966],[-118.1759,34.19659],[-118.17591,34.19659],[-118.17591,34.19658],[-118.17592,34.19657],[-118.17592,34.19656],[-118.17593,34.19656],[-118.17593,34.19655],[-118.17594,34.19654],[-118.17594,34.19653],[-118.17595,34.19653],[-118.17596,34.19652],[-118.17596,34.19651],[-118.17597,34.19651],[-118.17597,34.1965],[-118.17598,34.19649],[-118.17599,34.19648],[-118.176,34.19647],[-118.17601,34.19647],[-118.17602,34.19646],[-118.17602,34.19645],[-118.17603,34.19645],[-118.17604,34.19644],[-118.17605,34.19643],[-118.17606,34.19642],[-118.17607,34.19642],[-118.17608,34.19641],[-118.17609,34.19641],[-118.17609,34.1964],[-118.1761,34.1964],[-118.17611,34.19639],[-118.17612,34.19639],[-118.17613,34.19638],[-118.17614,34.19638],[-118.17615,34.19637],[-118.17617,34.19636],[-118.17619,34.19635],[-118.1762,34.19634],[-118.17622,34.19633],[-118.17624,34.19631],[-118.17625,34.1963],[-118.17627,34.19629],[-118.17639,34.19619],[-118.1764,34.19618],[-118.17641,34.19617],[-118.17642,34.19616],[-118.17643,34.19616],[-118.17644,34.19615],[-118.17645,34.19614],[-118.17646,34.19614],[-118.17647,34.19613],[-118.17648,34.19612],[-118.17649,34.19612],[-118.1765,34.19611],[-118.17651,34.1961],[-118.17653,34.1961],[-118.17654,34.19609],[-118.17655,34.19608],[-118.17656,34.19607],[-118.17657,34.19606],[-118.17658,34.19605],[-118.17659,34.19604],[-118.1766,34.19603],[-118.17661,34.19602],[-118.17662,34.19601],[-118.17663,34.196],[-118.17663,34.19599],[-118.17664,34.19598],[-118.17665,34.19597],[-118.17665,34.19596],[-118.17666,34.19594],[-118.17666,34.19593],[-118.17671,34.19583],[-118.17672,34.19582],[-118.17672,34.1958],[-118.17673,34.19579],[-118.17674,34.19578],[-118.17674,34.19576],[-118.17675,34.19575],[-118.17676,34.19574],[-118.17676,34.19573],[-118.17677,34.19571],[-118.17678,34.1957],[-118.17679,34.19569],[-118.17679,34.19568],[-118.1768,34.19567],[-118.17681,34.19566],[-118.17682,34.19565],[-118.17683,34.19563],[-118.17684,34.19562],[-118.17684,34.19561],[-118.17685,34.1956],[-118.17686,34.19559],[-118.17687,34.19558],[-118.17687,34.19557],[-118.17688,34.19556],[-118.17688,34.19554],[-118.17689,34.19553],[-118.1769,34.19552],[-118.1769,34.19551],[-118.17691,34.1955],[-118.17691,34.19548],[-118.17692,34.19547],[-118.17692,34.19546],[-118.17693,34.19545],[-118.17693,34.19543],[-118.17693,34.19542],[-118.17694,34.19541],[-118.17694,34.1954],[-118.17694,34.19538],[-118.17695,34.19537],[-118.17695,34.19536],[-118.17695,34.19535],[-118.17695,34.19533],[-118.17696,34.19532],[-118.17697,34.19521],[-118.17697,34.1952],[-118.17697,34.19519],[-118.17698,34.19518],[-118.17698,34.19517],[-118.17698,34.19516],[-118.17699,34.19515],[-118.17699,34.19513],[-118.177,34.19512],[-118.177,34.19511],[-118.17701,34.1951],[-118.17701,34.19509],[-118.17702,34.19508],[-118.17703,34.19507],[-118.17703,34.19506],[-118.17704,34.19505],[-118.17705,34.19504],[-118.17706,34.19504],[-118.17707,34.19503],[-118.17708,34.19502],[-118.17709,34.19501],[-118.1771,34.195],[-118.17711,34.195],[-118.17712,34.19499],[-118.17713,34.19498],[-118.17714,34.19497],[-118.17715,34.19497],[-118.17716,34.19496],[-118.17717,34.19495],[-118.17718,34.19494],[-118.17719,34.19493],[-118.1772,34.19492],[-118.17721,34.19491],[-118.17722,34.1949],[-118.17723,34.19489],[-118.17723,34.19488],[-118.17724,34.19487],[-118.17725,34.19486],[-118.17726,34.19484],[-118.17727,34.19483],[-118.17728,34.19482],[-118.17729,34.19481],[-118.1773,34.1948],[-118.17731,34.19479],[-118.17733,34.19477],[-118.17734,34.19476],[-118.17735,34.19475],[-118.17736,34.19475],[-118.17738,34.19474],[-118.17739,34.19473],[-118.1774,34.19472],[-118.17741,34.19471],[-118.17742,34.19469],[-118.17743,34.19468],[-118.17744,34.19467],[-118.17745,34.19466],[-118.17746,34.19465],[-118.17747,34.19464],[-118.17748,34.19462],[-118.17748,34.19461],[-118.17749,34.1946],[-118.1775,34.19458],[-118.1775,34.19457],[-118.17751,34.19456],[-118.17751,34.19454],[-118.17752,34.19453],[-118.17752,34.19452],[-118.17758,34.19424],[-118.1776,34.19408],[-118.17781,34.19417],[-118.17791,34.19421],[-118.17817,34.19433],[-118.17835,34.19442],[-118.17835,34.19428],[-118.17835,34.19416],[-118.17835,34.1939],[-118.17836,34.19319],[-118.17845,34.18939],[-118.17845,34.18921],[-118.17841,34.18921],[-118.17842,34.18918],[-118.17846,34.18909],[-118.17854,34.18892],[-118.17861,34.18875],[-118.17866,34.18865],[-118.17872,34.18854],[-118.17878,34.18842],[-118.17882,34.1883],[-118.17885,34.18821],[-118.17886,34.18816],[-118.17888,34.18801],[-118.17889,34.18783],[-118.17889,34.18773],[-118.17889,34.18763],[-118.17888,34.18756],[-118.17887,34.18749],[-118.17886,34.18742],[-118.17883,34.18732],[-118.1788,34.18724],[-118.17876,34.18715],[-118.17871,34.18705],[-118.17902,34.18687],[-118.17914,34.18705],[-118.1793,34.18727],[-118.17937,34.18737],[-118.17945,34.18749],[-118.1795,34.18757],[-118.17961,34.18777],[-118.1799,34.18758],[-118.18022,34.18736],[-118.18035,34.18727],[-118.18059,34.18711],[-118.1808,34.18697],[-118.18089,34.18692],[-118.18114,34.18675],[-118.18123,34.18669],[-118.18121,34.18668],[-118.18115,34.18667],[-118.18095,34.18663],[-118.18089,34.18661],[-118.18085,34.1866],[-118.18076,34.18656],[-118.18068,34.18651],[-118.18057,34.18645],[-118.18053,34.18643],[-118.1805,34.18642],[-118.18046,34.18639],[-118.18042,34.18638],[-118.18041,34.18638],[-118.18035,34.18635],[-118.1803,34.18631],[-118.18025,34.18627],[-118.18009,34.18615],[-118.18003,34.1861],[-118.17995,34.18605],[-118.17988,34.18602],[-118.17978,34.18597],[-118.17966,34.18593],[-118.17921,34.18578],[-118.17868,34.18558],[-118.17858,34.18554],[-118.17844,34.18548],[-118.17837,34.18545],[-118.17828,34.1854],[-118.17819,34.18535],[-118.1781,34.18529],[-118.17795,34.18519],[-118.17792,34.18516],[-118.17788,34.18517],[-118.17721,34.1853],[-118.17593,34.18556],[-118.17586,34.18546],[-118.17568,34.18514],[-118.17554,34.1851],[-118.1751,34.18504],[-118.17497,34.18502],[-118.17487,34.18477],[-118.1748,34.18447],[-118.17447,34.18431],[-118.174,34.18421],[-118.17372,34.18402],[-118.17352,34.18373],[-118.17351,34.18372],[-118.17341,34.18343],[-118.1734,34.18337],[-118.17334,34.18309],[-118.17328,34.18279],[-118.17322,34.18248],[-118.17311,34.18215],[-118.17296,34.18187],[-118.17285,34.18158],[-118.17286,34.18126],[-118.17277,34.1808],[-118.17262,34.18013],[-118.17253,34.17973],[-118.17243,34.17934],[-118.17231,34.17894],[-118.17218,34.17855],[-118.17202,34.17815],[-118.17182,34.17771],[-118.17151,34.17713],[-118.17137,34.17684],[-118.17119,34.17642],[-118.17107,34.17614],[-118.17096,34.17582],[-118.17084,34.17545],[-118.17073,34.17504],[-118.17064,34.17463],[-118.17063,34.17454],[-118.17059,34.1743],[-118.17049,34.17347],[-118.17047,34.17256],[-118.17046,34.17204],[-118.17045,34.17072],[-118.17045,34.17061],[-118.17046,34.16954],[-118.17046,34.16932],[-118.17045,34.16916],[-118.17045,34.16588],[-118.17045,34.16557],[-118.17045,34.16531],[-118.17044,34.16489],[-118.17044,34.16478],[-118.17043,34.16442],[-118.17042,34.16431],[-118.17042,34.1643],[-118.1704,34.16413],[-118.17035,34.16367],[-118.17032,34.16343],[-118.17029,34.16324],[-118.17024,34.16301],[-118.1702,34.16282],[-118.17015,34.16264],[-118.17009,34.16242],[-118.17,34.1621],[-118.16991,34.16184],[-118.16919,34.15966],[-118.16817,34.15655],[-118.16802,34.15611],[-118.16797,34.15596],[-118.1679,34.15575],[-118.16741,34.15428],[-118.16724,34.1538],[-118.16709,34.15332],[-118.16694,34.15294],[-118.16672,34.15244],[-118.16656,34.15211],[-118.16639,34.15179],[-118.1661,34.1513],[-118.16597,34.151],[-118.16584,34.15063],[-118.16572,34.15023],[-118.16563,34.14983],[-118.1656,34.14946],[-118.1656,34.14944],[-118.1656,34.14913],[-118.16561,34.14886],[-118.16561,34.14883],[-118.16575,34.14767],[-118.1657,34.14738],[-118.16557,34.14726],[-118.16538,34.14709],[-118.16514,34.14683],[-118.165,34.14643],[-118.16495,34.1461],[-118.16499,34.14577],[-118.16502,34.14568],[-118.1644,34.14583],[-118.16396,34.14593],[-118.16389,34.14594],[-118.16337,34.14587],[-118.16305,34.14586],[-118.16282,34.14585],[-118.16261,34.14583],[-118.1624,34.1458],[-118.16223,34.14577],[-118.16215,34.14576],[-118.16212,34.14576],[-118.16207,34.14575],[-118.16195,34.14574],[-118.16187,34.14574],[-118.16146,34.14571],[-118.16141,34.14571],[-118.16125,34.1457],[-118.16107,34.1457],[-118.16093,34.14571],[-118.1607,34.14574],[-118.15934,34.14574],[-118.15766,34.14575],[-118.15598,34.14575],[-118.15585,34.14576],[-118.15553,34.14575],[-118.15527,34.14575],[-118.15519,34.14575],[-118.15519,34.14608],[-118.15518,34.14627],[-118.15521,34.14659],[-118.15521,34.14668],[-118.15522,34.1467],[-118.15524,34.14687],[-118.15527,34.14709],[-118.15535,34.14776],[-118.15538,34.14809],[-118.15542,34.14841],[-118.15542,34.14844],[-118.15545,34.14861],[-118.15557,34.14916],[-118.15558,34.14924],[-118.15563,34.14946],[-118.15564,34.1495],[-118.15568,34.14965],[-118.15568,34.1497],[-118.1557,34.14976],[-118.15573,34.14988],[-118.15576,34.15001],[-118.1558,34.15019],[-118.15584,34.15033],[-118.15599,34.1509],[-118.15603,34.15103],[-118.15612,34.15137],[-118.15619,34.15159],[-118.1563,34.15192],[-118.15632,34.15197],[-118.15639,34.15217],[-118.15643,34.15229],[-118.15652,34.15251],[-118.15665,34.15283],[-118.15671,34.15297],[-118.15698,34.15363],[-118.15717,34.15406],[-118.15753,34.15485],[-118.15777,34.15539],[-118.1579,34.15568],[-118.15831,34.15665],[-118.15832,34.15667],[-118.15843,34.15698],[-118.15846,34.15705],[-118.1585,34.15719],[-118.15855,34.15735],[-118.15861,34.15758],[-118.15865,34.15775],[-118.15868,34.15787],[-118.15871,34.15809],[-118.15873,34.15827],[-118.15875,34.15834],[-118.15878,34.15857],[-118.15881,34.159],[-118.1588,34.15949],[-118.15876,34.15976],[-118.15876,34.15995],[-118.15875,34.16003],[-118.15872,34.16017],[-118.15869,34.16051],[-118.15867,34.16087],[-118.15858,34.16195],[-118.15856,34.16216],[-118.15854,34.16238],[-118.15845,34.1637],[-118.15828,34.16568],[-118.15827,34.16578],[-118.15825,34.16597],[-118.15825,34.16598],[-118.15823,34.16616],[-118.15819,34.16665],[-118.15815,34.16708],[-118.15815,34.1671],[-118.15798,34.16914],[-118.15795,34.16939],[-118.15794,34.16958],[-118.15769,34.16954],[-118.15731,34.16949],[-118.15727,34.16948],[-118.15707,34.16946],[-118.15704,34.16945],[-118.15697,34.16944],[-118.15679,34.16941],[-118.15667,34.16937],[-118.1566,34.16935],[-118.15653,34.16932],[-118.1564,34.16926],[-118.15615,34.16916],[-118.15611,34.16914],[-118.15593,34.16906],[-118.15577,34.169],[-118.15555,34.16893],[-118.1554,34.1689],[-118.15527,34.16888],[-118.15513,34.16886],[-118.15493,34.16884],[-118.15478,34.16883],[-118.15477,34.16883],[-118.15462,34.16882],[-118.15447,34.16882],[-118.15404,34.16883],[-118.15372,34.16883],[-118.15296,34.16883],[-118.15218,34.16884],[-118.15097,34.16885],[-118.15068,34.16885],[-118.1491,34.16885],[-118.14851,34.16886],[-118.14767,34.16886],[-118.14733,34.16886],[-118.14682,34.16886],[-118.14616,34.16887],[-118.14388,34.16889],[-118.14292,34.16889],[-118.1428,34.1689],[-118.14163,34.16891],[-118.14163,34.16912],[-118.14164,34.17035],[-118.14164,34.17064],[-118.14163,34.17123],[-118.13719,34.17128],[-118.1372,34.17143],[-118.1372,34.17222],[-118.13703,34.17222],[-118.13514,34.17225],[-118.13212,34.17226],[-118.13207,34.17331],[-118.13207,34.17332],[-118.13206,34.17358],[-118.13201,34.17458],[-118.13195,34.17587],[-118.13192,34.17653]]]},"properties":{"DIV_CITY":1}},
{"type":"Feature","geometry":{"type":"Polygon","coordinates":[[[-118.10274,34.16758],[-118.10467,34.16758],[-118.10568,34.16758],[-118.10939,34.16759],[-118.10938,34.16795],[-118.10938,34.168],[-118.10938,34.16817],[-118.10937,34.1686],[-118.10954,34.1686],[-118.10961,34.1686],[-118.1097,34.1686],[-118.10989,34.1686],[-118.11007,34.1686],[-118.11023,34.1686],[-118.1104,34.1686],[-118.11056,34.1686],[-118.11073,34.1686],[-118.1109,34.1686],[-118.11106,34.1686],[-118.11123,34.1686],[-118.11128,34.1686],[-118.11139,34.1686],[-118.11155,34.1686],[-118.11156,34.16864],[-118.11155,34.16871],[-118.11155,34.16874],[-118.11155,34.16907],[-118.11127,34.16907],[-118.11126,34.16914],[-118.11125,34.16914],[-118.11123,34.16994],[-118.11123,34.16996],[-118.11122,34.17],[-118.11122,34.17007],[-118.11122,34.17011],[-118.11123,34.17014],[-118.11125,34.17018],[-118.11128,34.17022],[-118.11137,34.17033],[-118.1114,34.17036],[-118.11142,34.17038],[-118.11144,34.1704],[-118.11231,34.1704],[-118.11302,34.1704],[-118.11303,34.16958],[-118.11317,34.16959],[-118.11368,34.16958],[-118.11419,34.16958],[-118.11435,34.16963],[-118.11452,34.16963],[-118.11468,34.16963],[-118.11475,34.16963],[-118.11485,34.16963],[-118.11502,34.16962],[-118.11505,34.16962],[-118.11518,34.16962],[-118.11533,34.16962],[-118.11544,34.16962],[-118.11554,34.16962],[-118.11571,34.16962],[-118.11587,34.16962],[-118.11595,34.16962],[-118.11603,34.16962],[-118.11619,34.16961],[-118.11636,34.16961],[-118.11644,34.16961],[-118.11652,34.16961],[-118.11668,34.16961],[-118.11682,34.16961],[-118.11697,34.16961],[-118.11698,34.16969],[-118.11698,34.16974],[-118.11698,34.16983],[-118.11698,34.16988],[-118.11698,34.16996],[-118.11698,34.17002],[-118.11698,34.1701],[-118.11698,34.17016],[-118.11698,34.17024],[-118.11698,34.17029],[-118.11698,34.17038],[-118.11698,34.17043],[-118.11698,34.17051],[-118.11698,34.17057],[-118.11698,34.17065],[-118.11698,34.17071],[-118.11698,34.17079],[-118.11698,34.17084],[-118.11699,34.17092],[-118.11699,34.17097],[-118.11699,34.17106],[-118.11699,34.17109],[-118.11698,34.17121],[-118.11699,34.17134],[-118.11699,34.17139],[-118.11699,34.17147],[-118.11699,34.1715],[-118.11699,34.17161],[-118.11699,34.17175],[-118.11699,34.17189],[-118.117,34.17202],[-118.117,34.17216],[-118.117,34.1723],[-118.117,34.17244],[-118.117,34.17257],[-118.117,34.17271],[-118.117,34.17285],[-118.117,34.17299],[-118.11701,34.17312],[-118.11701,34.17326],[-118.11701,34.1734],[-118.11701,34.17354],[-118.11701,34.17369],[-118.11691,34.17369],[-118.11691,34.17375],[-118.11663,34.17375],[-118.11665,34.175],[-118.11665,34.17531],[-118.11709,34.17531],[-118.11735,34.17531],[-118.11735,34.17549],[-118.11735,34.17576],[-118.11736,34.17584],[-118.11736,34.17592],[-118.11811,34.17591],[-118.11836,34.17591],[-118.11835,34.17584],[-118.11835,34.17547],[-118.11852,34.17547],[-118.11851,34.1753],[-118.11862,34.1753],[-118.11868,34.1753],[-118.11874,34.1753],[-118.11885,34.1753],[-118.11891,34.1753],[-118.11901,34.1753],[-118.11907,34.1753],[-118.11918,34.1753],[-118.11924,34.1753],[-118.11934,34.1753],[-118.1194,34.1753],[-118.11951,34.1753],[-118.11957,34.17529],[-118.11967,34.17529],[-118.11973,34.17529],[-118.11984,34.17529],[-118.1199,34.17529],[-118.12,34.17529],[-118.12007,34.17529],[-118.12017,34.17529],[-118.12023,34.17529],[-118.12033,34.17529],[-118.1204,34.17529],[-118.1205,34.17529],[-118.12058,34.17529],[-118.12066,34.17529],[-118.12077,34.17528],[-118.12083,34.17528],[-118.12093,34.17528],[-118.12159,34.17528],[-118.1216,34.17553],[-118.12171,34.17553],[-118.12213,34.17553],[-118.1223,34.17553],[-118.12243,34.17553],[-118.12243,34.17541],[-118.12243,34.17527],[-118.12254,34.17527],[-118.12256,34.17527],[-118.12273,34.17527],[-118.12289,34.17527],[-118.12306,34.17527],[-118.12309,34.17527],[-118.12316,34.17527],[-118.12316,34.17511],[-118.12325,34.17511],[-118.12345,34.17511],[-118.12362,34.17511],[-118.12378,34.17511],[-118.12395,34.17511],[-118.12411,34.1751],[-118.12428,34.1751],[-118.12444,34.1751],[-118.12461,34.1751],[-118.12477,34.1751],[-118.12494,34.1751],[-118.12513,34.1751],[-118.12522,34.1751],[-118.12533,34.17509],[-118.12552,34.17509],[-118.12571,34.17509],[-118.12589,34.17509],[-118.12608,34.17509],[-118.12626,34.17509],[-118.12626,34.17515],[-118.12626,34.17526],[-118.12635,34.17526],[-118.12645,34.17526],[-118.12649,34.17526],[-118.12676,34.17526],[-118.1272,34.17525],[-118.12728,34.17525],[-118.12739,34.17525],[-118.1277,34.17525],[-118.12774,34.17525],[-118.1279,34.17525],[-118.12796,34.17525],[-118.12801,34.17525],[-118.12812,34.17525],[-118.1282,34.17525],[-118.12826,34.17524],[-118.12832,34.17524],[-118.1284,34.17524],[-118.12863,34.17524],[-118.12863,34.1758],[-118.12863,34.17582],[-118.12864,34.17597],[-118.12864,34.17652],[-118.12965,34.17652],[-118.13192,34.17653],[-118.13195,34.17587],[-118.13201,34.17458],[-118.13206,34.17358],[-118.13207,34.17332],[-118.13207,34.17331],[-118.13212,34.17226],[-118.13213,34.17203],[-118.13215,34.17147],[-118.13219,34.17065],[-118.13219,34.17063],[-118.13226,34.1691],[-118.13227,34.169],[-118.13227,34.16898],[-118.13236,34.16693],[-118.13238,34.16665],[-118.13249,34.16418],[-118.13253,34.16336],[-118.1325,34.16337],[-118.13102,34.16338],[-118.13103,34.1616],[-118.13103,34.16158],[-118.131,34.16158],[-118.12959,34.1616],[-118.12953,34.16161],[-118.12953,34.1616],[-118.12938,34.16161],[-118.12823,34.16162],[-118.12687,34.16164],[-118.12684,34.16164],[-118.12558,34.16165],[-118.12554,34.15778],[-118.12501,34.15779],[-118.12437,34.1578],[-118.12435,34.15486],[-118.12434,34.15434],[-118.12432,34.15262],[-118.12432,34.1526],[-118.12432,34.15232],[-118.12433,34.15155],[-118.1243,34.15016],[-118.12429,34.14961],[-118.12425,34.14805],[-118.12424,34.14714],[-118.12428,34.14596],[-118.12289,34.14596],[-118.12132,34.14597],[-118.11987,34.14598],[-118.11842,34.14599],[-118.11724,34.146],[-118.11708,34.146],[-118.11707,34.146],[-118.11575,34.14601],[-118.11446,34.14602],[-118.11317,34.14603],[-118.11251,34.14603],[-118.11185,34.14603],[-118.11067,34.14604],[-118.10971,34.14605],[-118.10953,34.14605],[-118.10879,34.14605],[-118.10835,34.14605],[-118.10761,34.14606],[-118.10726,34.14606],[-118.10621,34.14607],[-118.1049,34.14607],[-118.10331,34.14608],[-118.10253,34.14609],[-118.10165,34.14609],[-118.10165,34.14668],[-118.10162,34.14685],[-118.10155,34.14726],[-118.10153,34.1474],[-118.1015,34.14754],[-118.10146,34.14767],[-118.10143,34.14778],[-118.10133,34.14803],[-118.10129,34.14814],[-118.10126,34.14822],[-118.1012,34.14836],[-118.1013,34.14836],[-118.10136,34.14837],[-118.10155,34.1484],[-118.1016,34.14841],[-118.10167,34.14843],[-118.10169,34.14844],[-118.10172,34.14845],[-118.10175,34.14847],[-118.10176,34.14849],[-118.10178,34.14852],[-118.10181,34.14862],[-118.10182,34.14865],[-118.10184,34.14963],[-118.10185,34.15069],[-118.10186,34.15116],[-118.10186,34.15123],[-118.10186,34.15182],[-118.10186,34.1525],[-118.10186,34.15314],[-118.10187,34.15438],[-118.10187,34.15441],[-118.10313,34.1544],[-118.10441,34.1544],[-118.10627,34.15439],[-118.10768,34.15439],[-118.10885,34.15438],[-118.10958,34.15438],[-118.11056,34.15437],[-118.11055,34.15492],[-118.11055,34.15548],[-118.11054,34.15602],[-118.11054,34.15658],[-118.11053,34.15713],[-118.11052,34.15793],[-118.11051,34.1586],[-118.11051,34.15922],[-118.1105,34.15985],[-118.10631,34.15988],[-118.10631,34.16051],[-118.10632,34.16149],[-118.10632,34.16249],[-118.10633,34.16338],[-118.10634,34.16427],[-118.10317,34.16426],[-118.10317,34.16435],[-118.10317,34.16439],[-118.10315,34.16443],[-118.10309,34.16456],[-118.10301,34.1647],[-118.10295,34.16481],[-118.10289,34.16491],[-118.10286,34.16498],[-118.10286,34.165],[-118.10285,34.16507],[-118.10284,34.16512],[-118.10284,34.16515],[-118.10282,34.1653],[-118.10281,34.16553],[-118.1028,34.16595],[-118.1028,34.16598],[-118.1028,34.16602],[-118.10278,34.16643],[-118.10277,34.16665],[-118.10275,34.16707],[-118.10275,34.16716],[-118.10274,34.16758]]]},"properties":{"DIV_CITY":2}},
{"type":"Feature","geometry":{"type":"Polygon","coordinates":[[[-118.13234,34.1459],[-118.13234,34.14638],[-118.13234,34.14653],[-118.13234,34.14723],[-118.13235,34.14776],[-118.13235,34.14779],[-118.13236,34.14959],[-118.13236,34.1496],[-118.13393,34.14959],[-118.13466,34.14958],[-118.13465,34.1505],[-118.13465,34.15072],[-118.13465,34.15126],[-118.13467,34.15126],[-118.13483,34.15126],[-118.13691,34.15125],[-118.13691,34.15133],[-118.13692,34.15143],[-118.13692,34.15165],[-118.13692,34.15183],[-118.13692,34.15201],[-118.13692,34.15205],[-118.13693,34.15234],[-118.13694,34.15302],[-118.13695,34.15352],[-118.13696,34.15425],[-118.13698,34.15555],[-118.137,34.15673],[-118.137,34.15707],[-118.13701,34.1578],[-118.13774,34.15779],[-118.13847,34.15778],[-118.13888,34.15778],[-118.13976,34.15777],[-118.14003,34.15776],[-118.1402,34.15776],[-118.14105,34.15777],[-118.14124,34.15778],[-118.14141,34.1578],[-118.14151,34.15781],[-118.14154,34.15782],[-118.14152,34.15676],[-118.14151,34.15583],[-118.14151,34.15557],[-118.14151,34.1554],[-118.1415,34.15475],[-118.1415,34.15421],[-118.14146,34.15239],[-118.14146,34.1523],[-118.14146,34.15219],[-118.14146,34.15202],[-118.14145,34.15184],[-118.14145,34.15164],[-118.14298,34.15164],[-118.14313,34.15163],[-118.14451,34.15164],[-118.14536,34.15165],[-118.14539,34.15165],[-118.146,34.15167],[-118.14744,34.15171],[-118.14761,34.15171],[-118.14779,34.15171],[-118.1482,34.15173],[-118.14844,34.15173],[-118.14863,34.15173],[-118.1489,34.15172],[-118.14892,34.15172],[-118.14913,34.15172],[-118.14936,34.1517],[-118.14962,34.15168],[-118.14982,34.15167],[-118.15003,34.15164],[-118.15052,34.15157],[-118.15051,34.15179],[-118.1505,34.15197],[-118.1505,34.15217],[-118.15049,34.15239],[-118.1505,34.15249],[-118.15052,34.15306],[-118.15053,34.15347],[-118.15055,34.15411],[-118.15056,34.15449],[-118.15057,34.15528],[-118.15057,34.15551],[-118.15057,34.15616],[-118.15057,34.1564],[-118.15058,34.15666],[-118.15059,34.15778],[-118.15026,34.15779],[-118.14985,34.1578],[-118.14977,34.1578],[-118.149,34.15781],[-118.14855,34.15783],[-118.14841,34.15782],[-118.14783,34.15782],[-118.14756,34.15783],[-118.14709,34.15783],[-118.14702,34.15784],[-118.14693,34.15784],[-118.14606,34.15784],[-118.14606,34.15785],[-118.14608,34.1597],[-118.14609,34.16149],[-118.14609,34.1615],[-118.14608,34.16151],[-118.14554,34.16151],[-118.14498,34.16151],[-118.14382,34.16152],[-118.14274,34.16153],[-118.14156,34.16154],[-118.14157,34.16252],[-118.14158,34.16362],[-118.1416,34.16376],[-118.14035,34.16378],[-118.13856,34.1638],[-118.13706,34.16381],[-118.13706,34.16416],[-118.13706,34.16491],[-118.13707,34.1658],[-118.13708,34.16655],[-118.13708,34.16665],[-118.13708,34.16689],[-118.13708,34.16756],[-118.13708,34.16768],[-118.13709,34.16809],[-118.1371,34.16895],[-118.1371,34.16899],[-118.13711,34.16911],[-118.13715,34.16961],[-118.13719,34.17006],[-118.13721,34.17034],[-118.13721,34.17036],[-118.13721,34.17045],[-118.13721,34.17063],[-118.13719,34.17128],[-118.14163,34.17123],[-118.14164,34.17064],[-118.14164,34.17035],[-118.14163,34.16912],[-118.14163,34.16891],[-118.1428,34.1689],[-118.14292,34.16889],[-118.14388,34.16889],[-118.14616,34.16887],[-118.14682,34.16886],[-118.14733,34.16886],[-118.14767,34.16886],[-118.14851,34.16886],[-118.1491,34.16885],[-118.15068,34.16885],[-118.15097,34.16885],[-118.15218,34.16884],[-118.15296,34.16883],[-118.15372,34.16883],[-118.15404,34.16883],[-118.15447,34.16882],[-118.15462,34.16882],[-118.15477,34.16883],[-118.15478,34.16883],[-118.15493,34.16884],[-118.15513,34.16886],[-118.15527,34.16888],[-118.1554,34.1689],[-118.15555,34.16893],[-118.15577,34.169],[-118.15593,34.16906],[-118.15611,34.16914],[-118.15615,34.16916],[-118.1564,34.16926],[-118.15653,34.16932],[-118.1566,34.16935],[-118.15667,34.16937],[-118.15679,34.16941],[-118.15697,34.16944],[-118.15704,34.16945],[-118.15707,34.16946],[-118.15727,34.16948],[-118.15731,34.16949],[-118.15769,34.16954],[-118.15794,34.16958],[-118.15795,34.16939],[-118.15798,34.16914],[-118.15815,34.1671],[-118.15815,34.16708],[-118.15819,34.16665],[-118.15823,34.16616],[-118.15825,34.16598],[-118.15825,34.16597],[-118.15827,34.16578],[-118.15828,34.16568],[-118.15845,34.1637],[-118.15854,34.16238],[-118.15856,34.16216],[-118.15858,34.16195],[-118.15867,34.16087],[-118.15869,34.16051],[-118.15872,34.16017],[-118.15875,34.16003],[-118.15876,34.15995],[-118.15876,34.15976],[-118.1588,34.15949],[-118.15881,34.159],[-118.15878,34.15857],[-118.15875,34.15834],[-118.15873,34.15827],[-118.15871,34.15809],[-118.15868,34.15787],[-118.15865,34.15775],[-118.15861,34.15758],[-118.15855,34.15735],[-118.1585,34.15719],[-118.15846,34.15705],[-118.15843,34.15698],[-118.15832,34.15667],[-118.15831,34.15665],[-118.1579,34.15568],[-118.15777,34.15539],[-118.15753,34.15485],[-118.15717,34.15406],[-118.15698,34.15363],[-118.15671,34.15297],[-118.15665,34.15283],[-118.15652,34.15251],[-118.15643,34.15229],[-118.15639,34.15217],[-118.15632,34.15197],[-118.1563,34.15192],[-118.15619,34.15159],[-118.15612,34.15137],[-118.15603,34.15103],[-118.15599,34.1509],[-118.15584,34.15033],[-118.1558,34.15019],[-118.15576,34.15001],[-118.15573,34.14988],[-118.1557,34.14976],[-118.15568,34.1497],[-118.15568,34.14965],[-118.15564,34.1495],[-118.15563,34.14946],[-118.15558,34.14924],[-118.15557,34.14916],[-118.15545,34.14861],[-118.15542,34.14844],[-118.15542,34.14841],[-118.15538,34.14809],[-118.15535,34.14776],[-118.15527,34.14709],[-118.15524,34.14687],[-118.15522,34.1467],[-118.15521,34.14668],[-118.15521,34.14659],[-118.15518,34.14627],[-118.15519,34.14608],[-118.15519,34.14575],[-118.15497,34.14575],[-118.15493,34.14575],[-118.15454,34.14575],[-118.15423,34.14575],[-118.15415,34.14576],[-118.15224,34.14577],[-118.15173,34.14577],[-118.15117,34.14578],[-118.15108,34.14578],[-118.151,34.14578],[-118.15047,34.14578],[-118.14889,34.1458],[-118.14823,34.1458],[-118.14754,34.14581],[-118.14721,34.14581],[-118.1467,34.14582],[-118.14601,34.14582],[-118.14483,34.14583],[-118.14424,34.14583],[-118.14292,34.14584],[-118.14145,34.14585],[-118.13975,34.14586],[-118.13839,34.14587],[-118.1369,34.14587],[-118.13523,34.1459],[-118.13522,34.1459],[-118.13388,34.1459],[-118.13234,34.1459]]]},"properties":{"DIV_CITY":3}},
{"type":"Feature","geometry":{"type":"Polygon","coordinates":[[[-118.10163,34.14139],[-118.10142,34.1414],[-118.10077,34.1414],[-118.10068,34.1414],[-118.10053,34.1414],[-118.10053,34.14133],[-118.10052,34.14077],[-118.09979,34.14078],[-118.0998,34.14133],[-118.0998,34.1414],[-118.0992,34.14141],[-118.09908,34.14141],[-118.09872,34.14141],[-118.09871,34.14161],[-118.09871,34.14162],[-118.09807,34.14162],[-118.09753,34.14163],[-118.09733,34.14163],[-118.09732,34.14163],[-118.09681,34.14163],[-118.09629,34.14163],[-118.09617,34.14164],[-118.09609,34.14164],[-118.09576,34.14164],[-118.09569,34.14164],[-118.09553,34.14164],[-118.09549,34.14164],[-118.09549,34.1415],[-118.0955,34.14144],[-118.0955,34.14136],[-118.0955,34.14125],[-118.0955,34.14123],[-118.0955,34.1411],[-118.0955,34.14106],[-118.0955,34.14098],[-118.0955,34.14086],[-118.0955,34.14084],[-118.0955,34.1407],[-118.0955,34.14067],[-118.0955,34.14057],[-118.09551,34.14048],[-118.09551,34.14043],[-118.09551,34.14021],[-118.09539,34.14021],[-118.09527,34.14021],[-118.09528,34.13996],[-118.09528,34.1398],[-118.09528,34.13964],[-118.09529,34.13949],[-118.09529,34.13947],[-118.09529,34.13931],[-118.09529,34.13915],[-118.09529,34.13908],[-118.09529,34.13901],[-118.09528,34.13873],[-118.09528,34.13857],[-118.09527,34.13841],[-118.09527,34.13825],[-118.09526,34.13809],[-118.09526,34.13787],[-118.09519,34.13705],[-118.09518,34.13693],[-118.09452,34.13693],[-118.09451,34.13685],[-118.09448,34.13672],[-118.09448,34.13671],[-118.09438,34.1359],[-118.09436,34.13575],[-118.09431,34.13536],[-118.09429,34.13525],[-118.09382,34.13525],[-118.09349,34.13525],[-118.09299,34.13526],[-118.09249,34.13526],[-118.092,34.13526],[-118.09151,34.13527],[-118.09105,34.13527],[-118.09101,34.13527],[-118.09018,34.13528],[-118.08952,34.13528],[-118.08952,34.13522],[-118.08951,34.13472],[-118.08951,34.13459],[-118.0895,34.13375],[-118.08918,34.13376],[-118.08884,34.13376],[-118.08871,34.13376],[-118.08859,34.13376],[-118.08838,34.13376],[-118.08808,34.13377],[-118.08788,34.13377],[-118.08762,34.13377],[-118.08734,34.13377],[-118.08734,34.13308],[-118.08733,34.13259],[-118.08733,34.13242],[-118.08733,34.13238],[-118.08732,34.13194],[-118.08732,34.1319],[-118.08732,34.13139],[-118.08731,34.13131],[-118.08731,34.1313],[-118.08728,34.13131],[-118.087,34.13135],[-118.08669,34.13138],[-118.08644,34.1314],[-118.08619,34.13142],[-118.0861,34.13142],[-118.08603,34.13142],[-118.08599,34.13142],[-118.086,34.13165],[-118.08601,34.13251],[-118.08603,34.13304],[-118.08568,34.13304],[-118.08558,34.13304],[-118.08548,34.13304],[-118.08528,34.13305],[-118.08525,34.13305],[-118.08509,34.13305],[-118.08497,34.13305],[-118.08492,34.13305],[-118.08489,34.13305],[-118.08469,34.13305],[-118.08459,34.13305],[-118.08449,34.13305],[-118.08429,34.13305],[-118.08426,34.13306],[-118.08411,34.13306],[-118.08409,34.13306],[-118.08401,34.13306],[-118.08401,34.13309],[-118.08389,34.13309],[-118.08389,34.13317],[-118.08389,34.13363],[-118.08386,34.1338],[-118.08385,34.13385],[-118.08386,34.13471],[-118.08387,34.13569],[-118.08387,34.13572],[-118.08387,34.13581],[-118.08387,34.13604],[-118.08388,34.13694],[-118.08388,34.13725],[-118.08389,34.13782],[-118.08389,34.13791],[-118.08389,34.13804],[-118.08389,34.13851],[-118.0839,34.13871],[-118.0839,34.13891],[-118.0839,34.13916],[-118.0839,34.1392],[-118.08385,34.13958],[-118.08383,34.13976],[-118.08377,34.14029],[-118.08375,34.14047],[-118.08308,34.14047],[-118.08153,34.14047],[-118.08152,34.13959],[-118.07893,34.13961],[-118.07894,34.14049],[-118.07895,34.14137],[-118.07896,34.14224],[-118.08032,34.14224],[-118.08156,34.14222],[-118.08193,34.14222],[-118.083,34.14221],[-118.08335,34.14221],[-118.08352,34.14221],[-118.08345,34.14276],[-118.0834,34.14319],[-118.08338,34.14333],[-118.08334,34.14374],[-118.08329,34.14413],[-118.08327,34.14429],[-118.08324,34.14457],[-118.08336,34.14457],[-118.08347,34.14457],[-118.08351,34.14457],[-118.08365,34.14457],[-118.08369,34.14457],[-118.08379,34.14457],[-118.08385,34.14457],[-118.08393,34.14457],[-118.08402,34.14457],[-118.08411,34.14457],[-118.08418,34.14457],[-118.08431,34.14457],[-118.08441,34.14457],[-118.08451,34.14457],[-118.08471,34.14456],[-118.08477,34.14456],[-118.08493,34.14456],[-118.08506,34.14456],[-118.08509,34.14456],[-118.08526,34.14456],[-118.08542,34.14456],[-118.08559,34.14456],[-118.08575,34.14456],[-118.08608,34.14456],[-118.08615,34.14464],[-118.08621,34.14472],[-118.08654,34.14513],[-118.08659,34.1452],[-118.08612,34.1452],[-118.08612,34.14528],[-118.08612,34.14568],[-118.08612,34.14569],[-118.08596,34.14569],[-118.08579,34.14569],[-118.08579,34.14575],[-118.08562,34.14575],[-118.08546,34.14575],[-118.08535,34.14575],[-118.08529,34.14575],[-118.08513,34.14575],[-118.08496,34.14575],[-118.08461,34.14575],[-118.08461,34.14622],[-118.08452,34.14622],[-118.08239,34.14623],[-118.08238,34.14609],[-118.08238,34.14573],[-118.08228,34.14573],[-118.08224,34.14573],[-118.08211,34.14573],[-118.08198,34.14573],[-118.08195,34.14573],[-118.08185,34.14573],[-118.08172,34.14573],[-118.0816,34.14573],[-118.08152,34.14573],[-118.08139,34.14573],[-118.08129,34.14574],[-118.08126,34.14574],[-118.08112,34.14574],[-118.08099,34.14574],[-118.08096,34.14574],[-118.08086,34.14574],[-118.08079,34.14574],[-118.08073,34.14574],[-118.08063,34.14574],[-118.0806,34.14574],[-118.08046,34.14574],[-118.08046,34.14531],[-118.07996,34.14531],[-118.07995,34.14466],[-118.0798,34.14466],[-118.07966,34.14466],[-118.07951,34.14466],[-118.07937,34.14466],[-118.07939,34.14611],[-118.07939,34.14625],[-118.07803,34.14626],[-118.07803,34.14638],[-118.07803,34.1464],[-118.07803,34.14673],[-118.07795,34.14673],[-118.07795,34.14687],[-118.07796,34.147],[-118.07796,34.14714],[-118.07796,34.14728],[-118.07796,34.14731],[-118.0776,34.14733],[-118.07739,34.14735],[-118.07701,34.14739],[-118.07697,34.14739],[-118.07664,34.14743],[-118.07648,34.14744],[-118.07636,34.14745],[-118.07626,34.14747],[-118.07616,34.14748],[-118.07599,34.1475],[-118.07564,34.14754],[-118.07532,34.14758],[-118.07501,34.14762],[-118.07482,34.14764],[-118.07471,34.14766],[-118.07445,34.14769],[-118.07407,34.14774],[-118.07338,34.14782],[-118.07338,34.14794],[-118.07338,34.14819],[-118.07338,34.14832],[-118.07338,34.14835],[-118.07338,34.14856],[-118.07338,34.14876],[-118.07338,34.14883],[-118.07338,34.14884],[-118.07338,34.14939],[-118.07339,34.14949],[-118.07338,34.14984],[-118.07338,34.15002],[-118.07338,34.15022],[-118.07188,34.15024],[-118.07169,34.15024],[-118.07048,34.15025],[-118.07042,34.15025],[-118.06974,34.15027],[-118.06853,34.15031],[-118.06782,34.15032],[-118.06786,34.15118],[-118.06788,34.15198],[-118.06789,34.15252],[-118.0679,34.1534],[-118.0679,34.15345],[-118.06795,34.15588],[-118.06796,34.15683],[-118.06798,34.158],[-118.06799,34.15898],[-118.06799,34.15923],[-118.068,34.1599],[-118.068,34.16044],[-118.06802,34.16181],[-118.06804,34.16313],[-118.06806,34.16417],[-118.06806,34.16424],[-118.06806,34.16461],[-118.06808,34.16554],[-118.06809,34.16665],[-118.06809,34.16667],[-118.06811,34.1677],[-118.06813,34.16872],[-118.06813,34.16898],[-118.06814,34.16982],[-118.06816,34.17121],[-118.06817,34.17153],[-118.06818,34.17199],[-118.06819,34.17254],[-118.06818,34.17278],[-118.06685,34.17237],[-118.06556,34.17238],[-118.06563,34.17239],[-118.06564,34.17274],[-118.06564,34.17306],[-118.06564,34.17322],[-118.06564,34.17334],[-118.06564,34.17361],[-118.06564,34.17389],[-118.06564,34.17416],[-118.06564,34.17443],[-118.06564,34.17455],[-118.06564,34.17465],[-118.06565,34.17496],[-118.06617,34.17504],[-118.06621,34.17505],[-118.06643,34.17508],[-118.06675,34.17513],[-118.06682,34.17514],[-118.06682,34.17541],[-118.06682,34.17558],[-118.06683,34.17574],[-118.06692,34.17574],[-118.06749,34.17572],[-118.06748,34.17618],[-118.06898,34.17618],[-118.06956,34.17618],[-118.06972,34.17618],[-118.06998,34.17618],[-118.07111,34.17618],[-118.07209,34.17618],[-118.07189,34.17671],[-118.07189,34.17675],[-118.07189,34.17727],[-118.07189,34.17753],[-118.07225,34.17786],[-118.07292,34.17786],[-118.07292,34.17703],[-118.07292,34.17662],[-118.0728,34.17662],[-118.07275,34.17662],[-118.07275,34.17635],[-118.07275,34.17618],[-118.07297,34.17618],[-118.07307,34.17606],[-118.07308,34.17607],[-118.07308,34.17608],[-118.07309,34.17609],[-118.07309,34.1761],[-118.0731,34.17611],[-118.0731,34.17612],[-118.07311,34.17613],[-118.07312,34.17614],[-118.07312,34.17615],[-118.07313,34.17616],[-118.07314,34.17617],[-118.07316,34.17619],[-118.07317,34.1762],[-118.07317,34.17621],[-118.07318,34.17622],[-118.07319,34.17622],[-118.0732,34.17623],[-118.07321,34.17624],[-118.07322,34.17625],[-118.07323,34.17626],[-118.07324,34.17627],[-118.07325,34.17628],[-118.07326,34.17629],[-118.07327,34.1763],[-118.07328,34.1763],[-118.07329,34.17631],[-118.0733,34.17632],[-118.07332,34.17632],[-118.07333,34.17633],[-118.07334,34.17634],[-118.07335,34.17634],[-118.07336,34.17635],[-118.07337,34.17636],[-118.07338,34.17636],[-118.07339,34.17637],[-118.0734,34.17637],[-118.07342,34.17638],[-118.07343,34.17638],[-118.07344,34.17639],[-118.07345,34.17639],[-118.07346,34.1764],[-118.07348,34.1764],[-118.07349,34.17641],[-118.0735,34.17641],[-118.07351,34.17642],[-118.07353,34.17642],[-118.07354,34.17642],[-118.07355,34.17643],[-118.07356,34.17643],[-118.07358,34.17643],[-118.07359,34.17644],[-118.0736,34.17644],[-118.07362,34.17644],[-118.07363,34.17644],[-118.07364,34.17645],[-118.07366,34.17645],[-118.07367,34.17645],[-118.07368,34.17645],[-118.0737,34.17645],[-118.07371,34.17645],[-118.07372,34.17645],[-118.07374,34.17646],[-118.07375,34.17646],[-118.07376,34.17646],[-118.07378,34.17646],[-118.07379,34.17646],[-118.0738,34.17646],[-118.07382,34.17646],[-118.07383,34.17646],[-118.07435,34.17643],[-118.07441,34.17642],[-118.07448,34.17642],[-118.07448,34.17644],[-118.07448,34.17645],[-118.07448,34.17646],[-118.07448,34.17647],[-118.07448,34.17648],[-118.07448,34.17649],[-118.07448,34.1765],[-118.07448,34.17651],[-118.07449,34.17652],[-118.07449,34.17653],[-118.07449,34.17654],[-118.07449,34.17655],[-118.07449,34.17656],[-118.0745,34.17656],[-118.0745,34.17657],[-118.0745,34.17659],[-118.07451,34.1766],[-118.07451,34.17661],[-118.07452,34.17662],[-118.07452,34.17663],[-118.07453,34.17664],[-118.07454,34.17665],[-118.07455,34.17666],[-118.07457,34.17668],[-118.07457,34.17669],[-118.07458,34.17669],[-118.07459,34.1767],[-118.07461,34.17671],[-118.07462,34.17671],[-118.07463,34.17672],[-118.07464,34.17672],[-118.07465,34.17673],[-118.07466,34.17673],[-118.07468,34.17673],[-118.07469,34.17673],[-118.0747,34.17674],[-118.07477,34.17675],[-118.07529,34.17682],[-118.07536,34.17683],[-118.07538,34.17683],[-118.07539,34.17683],[-118.0754,34.17683],[-118.0754,34.17684],[-118.07541,34.17684],[-118.07542,34.17684],[-118.07543,34.17684],[-118.07544,34.17685],[-118.07545,34.17685],[-118.07546,34.17685],[-118.07547,34.17685],[-118.07548,34.17686],[-118.07549,34.17686],[-118.0755,34.17686],[-118.07551,34.17687],[-118.07552,34.17687],[-118.07553,34.17687],[-118.07554,34.17688],[-118.07555,34.17689],[-118.07557,34.17689],[-118.07558,34.1769],[-118.07559,34.17691],[-118.07561,34.17692],[-118.07562,34.17693],[-118.07563,34.17693],[-118.07564,34.17694],[-118.07566,34.17695],[-118.07567,34.17696],[-118.07568,34.17697],[-118.07569,34.17698],[-118.0757,34.17699],[-118.07571,34.177],[-118.07572,34.17702],[-118.07572,34.17703],[-118.07573,34.17704],[-118.07574,34.17705],[-118.07575,34.17706],[-118.07575,34.17708],[-118.07576,34.17709],[-118.07576,34.1771],[-118.07577,34.17711],[-118.07577,34.17713],[-118.07579,34.17718],[-118.07579,34.17719],[-118.0758,34.1772],[-118.0758,34.17721],[-118.07581,34.17722],[-118.07581,34.17723],[-118.07582,34.17723],[-118.07583,34.17724],[-118.07583,34.17725],[-118.07584,34.17726],[-118.07585,34.17726],[-118.07586,34.17727],[-118.07587,34.17727],[-118.07588,34.17728],[-118.07589,34.17728],[-118.0759,34.17729],[-118.07591,34.17729],[-118.07592,34.1773],[-118.07593,34.1773],[-118.07594,34.1773],[-118.07595,34.1773],[-118.07596,34.17731],[-118.07597,34.17731],[-118.07598,34.17731],[-118.07599,34.17731],[-118.076,34.17731],[-118.07602,34.17731],[-118.07603,34.17731],[-118.07604,34.1773],[-118.07605,34.1773],[-118.07606,34.1773],[-118.07607,34.1773],[-118.07608,34.17729],[-118.07609,34.17729],[-118.0761,34.17728],[-118.07611,34.17728],[-118.07612,34.17727],[-118.07613,34.17727],[-118.07623,34.1772],[-118.07627,34.17717],[-118.07628,34.17717],[-118.07629,34.17716],[-118.0763,34.17716],[-118.07632,34.17715],[-118.07633,34.17715],[-118.07634,34.17714],[-118.07635,34.17714],[-118.07636,34.17714],[-118.07638,34.17713],[-118.07639,34.17713],[-118.0764,34.17713],[-118.07642,34.17713],[-118.07643,34.17713],[-118.07644,34.17713],[-118.07645,34.17713],[-118.07647,34.17713],[-118.07648,34.17714],[-118.07649,34.17714],[-118.0765,34.17714],[-118.07652,34.17715],[-118.07653,34.17715],[-118.07654,34.17716],[-118.07655,34.17716],[-118.07656,34.17717],[-118.07657,34.17717],[-118.07658,34.17718],[-118.07659,34.17719],[-118.0766,34.1772],[-118.07661,34.1772],[-118.07662,34.17721],[-118.07663,34.17722],[-118.07663,34.17723],[-118.07664,34.17724],[-118.07665,34.17725],[-118.07665,34.17726],[-118.07666,34.17727],[-118.07666,34.17728],[-118.07666,34.17729],[-118.07667,34.1773],[-118.07667,34.17731],[-118.07667,34.17732],[-118.07667,34.17733],[-118.07667,34.17734],[-118.07667,34.17735],[-118.07668,34.17736],[-118.07668,34.17737],[-118.07669,34.17738],[-118.07669,34.17739],[-118.0767,34.1774],[-118.0767,34.17741],[-118.07671,34.17742],[-118.07672,34.17743],[-118.07673,34.17744],[-118.07674,34.17745],[-118.07675,34.17746],[-118.07676,34.17747],[-118.07677,34.17748],[-118.07679,34.17748],[-118.0768,34.17749],[-118.07681,34.17749],[-118.07682,34.1775],[-118.07683,34.1775],[-118.07684,34.1775],[-118.07686,34.17751],[-118.07687,34.17751],[-118.07688,34.17751],[-118.0769,34.17751],[-118.07691,34.17751],[-118.07692,34.17751],[-118.07693,34.17751],[-118.07695,34.17751],[-118.07704,34.1775],[-118.07711,34.17749],[-118.07713,34.17749],[-118.07715,34.17749],[-118.07717,34.17749],[-118.07718,34.17749],[-118.0772,34.17749],[-118.07721,34.17749],[-118.07723,34.1775],[-118.07725,34.1775],[-118.07726,34.1775],[-118.07728,34.1775],[-118.07729,34.17751],[-118.07723,34.17714],[-118.07724,34.17714],[-118.07725,34.17714],[-118.07726,34.17714],[-118.07727,34.17713],[-118.07728,34.17713],[-118.07729,34.17713],[-118.0773,34.17713],[-118.07731,34.17712],[-118.07744,34.17728],[-118.07745,34.1776],[-118.07746,34.17765],[-118.07753,34.17758],[-118.07766,34.17747],[-118.07772,34.17742],[-118.07787,34.17728],[-118.07803,34.17704],[-118.07811,34.17703],[-118.0781,34.17685],[-118.0781,34.17682],[-118.07809,34.17678],[-118.07807,34.1767],[-118.07807,34.17667],[-118.07805,34.17658],[-118.07803,34.17647],[-118.078,34.17639],[-118.07794,34.17622],[-118.07794,34.1762],[-118.07792,34.17612],[-118.0779,34.17605],[-118.07786,34.17589],[-118.07785,34.17584],[-118.07783,34.17578],[-118.0777,34.17557],[-118.0776,34.17541],[-118.07756,34.17534],[-118.07744,34.17515],[-118.07778,34.17512],[-118.07791,34.17511],[-118.07791,34.17506],[-118.07791,34.17497],[-118.07791,34.17494],[-118.07793,34.17484],[-118.07792,34.17481],[-118.07791,34.17477],[-118.07787,34.17458],[-118.07785,34.1745],[-118.07785,34.17448],[-118.07785,34.17441],[-118.07784,34.17433],[-118.07784,34.17425],[-118.07784,34.17417],[-118.07783,34.17408],[-118.07778,34.17396],[-118.07773,34.17384],[-118.07768,34.17384],[-118.07765,34.17384],[-118.0771,34.17389],[-118.07695,34.1739],[-118.07736,34.17286],[-118.07785,34.17162],[-118.07648,34.17173],[-118.07623,34.17173],[-118.07716,34.17056],[-118.0784,34.169],[-118.07854,34.16883],[-118.07852,34.16882],[-118.07851,34.16881],[-118.07849,34.1688],[-118.07848,34.16879],[-118.07846,34.16878],[-118.07845,34.16877],[-118.07844,34.16877],[-118.07842,34.16876],[-118.07841,34.16875],[-118.0784,34.16874],[-118.07839,34.16873],[-118.07837,34.16872],[-118.07836,34.16871],[-118.07835,34.1687],[-118.07834,34.16868],[-118.07833,34.16867],[-118.07832,34.16866],[-118.07831,34.16865],[-118.0783,34.16864],[-118.07829,34.16863],[-118.07828,34.16862],[-118.07827,34.1686],[-118.07826,34.16859],[-118.07825,34.16858],[-118.07824,34.16857],[-118.07823,34.16856],[-118.07822,34.16854],[-118.07821,34.16853],[-118.0782,34.16852],[-118.0782,34.16851],[-118.07819,34.16849],[-118.07818,34.16848],[-118.07817,34.16847],[-118.07817,34.16845],[-118.07816,34.16844],[-118.07816,34.16843],[-118.07815,34.16841],[-118.07814,34.1684],[-118.07814,34.16839],[-118.07813,34.16837],[-118.07813,34.16836],[-118.07812,34.16834],[-118.07812,34.16833],[-118.07812,34.16832],[-118.07811,34.1683],[-118.0781,34.16825],[-118.0781,34.16821],[-118.0781,34.16818],[-118.07809,34.16815],[-118.07809,34.16812],[-118.07809,34.16809],[-118.07809,34.16805],[-118.07809,34.16802],[-118.07809,34.16799],[-118.07809,34.16798],[-118.07809,34.16797],[-118.07809,34.16796],[-118.07809,34.16795],[-118.07809,34.16794],[-118.07808,34.16793],[-118.07808,34.16792],[-118.07808,34.16791],[-118.07808,34.1679],[-118.07808,34.16789],[-118.07807,34.16788],[-118.07807,34.16787],[-118.07806,34.16786],[-118.07806,34.16785],[-118.07806,34.16784],[-118.07805,34.16783],[-118.07805,34.16782],[-118.07804,34.16781],[-118.07804,34.1678],[-118.07804,34.16779],[-118.07803,34.16779],[-118.07803,34.16778],[-118.07802,34.16777],[-118.07802,34.16776],[-118.07801,34.16775],[-118.078,34.16774],[-118.078,34.16773],[-118.07799,34.16773],[-118.07799,34.16772],[-118.07798,34.16771],[-118.07797,34.1677],[-118.07797,34.16769],[-118.07796,34.16769],[-118.07795,34.16768],[-118.07794,34.16766],[-118.07793,34.16766],[-118.07792,34.16765],[-118.07791,34.16764],[-118.07791,34.16763],[-118.0779,34.16763],[-118.07789,34.16762],[-118.07788,34.16761],[-118.07787,34.16761],[-118.07786,34.1676],[-118.07786,34.16759],[-118.07785,34.16759],[-118.07784,34.16758],[-118.07783,34.16758],[-118.07782,34.16757],[-118.07781,34.16757],[-118.0778,34.16756],[-118.07779,34.16755],[-118.07778,34.16755],[-118.07777,34.16754],[-118.07776,34.16754],[-118.07775,34.16753],[-118.07774,34.16753],[-118.07773,34.16753],[-118.07772,34.16752],[-118.07771,34.16752],[-118.0777,34.16751],[-118.07768,34.16751],[-118.07772,34.16743],[-118.07781,34.16724],[-118.07786,34.16714],[-118.07795,34.16696],[-118.07802,34.16681],[-118.07815,34.16654],[-118.07823,34.16627],[-118.0783,34.166],[-118.07838,34.16573],[-118.07842,34.16559],[-118.07845,34.16547],[-118.07853,34.1652],[-118.07858,34.1649],[-118.07864,34.16461],[-118.07868,34.16439],[-118.07867,34.16438],[-118.07857,34.16432],[-118.07829,34.16413],[-118.07835,34.16386],[-118.07823,34.16376],[-118.07818,34.16372],[-118.07808,34.16364],[-118.07787,34.16347],[-118.07795,34.16325],[-118.07802,34.16304],[-118.07808,34.16282],[-118.07813,34.16268],[-118.07833,34.16205],[-118.07834,34.16204],[-118.07834,34.16202],[-118.07835,34.16201],[-118.07841,34.16181],[-118.07898,34.16181],[-118.07917,34.16151],[-118.08077,34.16148],[-118.08082,34.1618],[-118.08119,34.16181],[-118.08096,34.16286],[-118.08095,34.16289],[-118.08094,34.16298],[-118.08093,34.16315],[-118.08092,34.16321],[-118.08087,34.16369],[-118.08077,34.16455],[-118.08076,34.16461],[-118.08073,34.16485],[-118.08072,34.16503],[-118.08068,34.16535],[-118.08062,34.16573],[-118.08058,34.16606],[-118.08056,34.16635],[-118.08055,34.16648],[-118.08056,34.16653],[-118.08056,34.16658],[-118.08057,34.16665],[-118.08057,34.16671],[-118.08057,34.16674],[-118.08006,34.16901],[-118.08003,34.16901],[-118.07999,34.16919],[-118.07992,34.16948],[-118.07989,34.16958],[-118.07989,34.16959],[-118.07989,34.1696],[-118.07974,34.17022],[-118.07961,34.17075],[-118.07958,34.17084],[-118.07954,34.17102],[-118.07952,34.17099],[-118.07942,34.17083],[-118.07916,34.17081],[-118.07912,34.1709],[-118.07904,34.17105],[-118.079,34.17112],[-118.07899,34.1714],[-118.07899,34.17143],[-118.07898,34.17162],[-118.07897,34.17184],[-118.07886,34.17207],[-118.07885,34.17209],[-118.07884,34.17211],[-118.07875,34.17231],[-118.07874,34.17232],[-118.07867,34.17239],[-118.07856,34.17249],[-118.07831,34.17271],[-118.07826,34.17276],[-118.07869,34.17288],[-118.07902,34.17298],[-118.079,34.17311],[-118.07898,34.17324],[-118.07889,34.17368],[-118.07888,34.17374],[-118.0812,34.17357],[-118.08124,34.17357],[-118.08185,34.17351],[-118.08245,34.17233],[-118.08192,34.17217],[-118.08221,34.17156],[-118.08228,34.17141],[-118.08231,34.17135],[-118.08274,34.17148],[-118.08286,34.17111],[-118.08316,34.17088],[-118.08322,34.17083],[-118.08344,34.17067],[-118.08349,34.17063],[-118.0833,34.17012],[-118.08325,34.16999],[-118.08314,34.16971],[-118.08317,34.16971],[-118.08308,34.16955],[-118.08308,34.16954],[-118.08307,34.16953],[-118.08307,34.16952],[-118.08306,34.16951],[-118.08305,34.16951],[-118.08305,34.1695],[-118.08304,34.16949],[-118.08304,34.16948],[-118.08303,34.16947],[-118.08302,34.16946],[-118.08301,34.16945],[-118.08299,34.16943],[-118.08298,34.16941],[-118.08296,34.16939],[-118.08294,34.16937],[-118.08292,34.16935],[-118.0829,34.16933],[-118.08288,34.16931],[-118.08287,34.1693],[-118.083,34.16922],[-118.08333,34.16901],[-118.08338,34.16898],[-118.08348,34.16888],[-118.08349,34.16887],[-118.0836,34.16877],[-118.08361,34.16876],[-118.08378,34.16859],[-118.084,34.16853],[-118.0841,34.1685],[-118.08429,34.16845],[-118.08485,34.16829],[-118.08493,34.16824],[-118.08594,34.1676],[-118.08608,34.16751],[-118.08592,34.16743],[-118.08521,34.16707],[-118.08487,34.1669],[-118.08426,34.16683],[-118.08404,34.16662],[-118.08376,34.16636],[-118.0841,34.16593],[-118.08413,34.16564],[-118.08413,34.16562],[-118.08415,34.16536],[-118.08418,34.16513],[-118.08458,34.16545],[-118.08484,34.16566],[-118.08494,34.16574],[-118.08546,34.16617],[-118.08565,34.16633],[-118.08601,34.16663],[-118.08605,34.16665],[-118.08628,34.16683],[-118.08677,34.1672],[-118.08695,34.16734],[-118.08703,34.16741],[-118.08742,34.16772],[-118.08765,34.16792],[-118.0878,34.16806],[-118.08786,34.16813],[-118.08794,34.16821],[-118.08804,34.16834],[-118.08812,34.16846],[-118.08818,34.16854],[-118.08827,34.16869],[-118.08839,34.16891],[-118.08846,34.16902],[-118.08851,34.1691],[-118.08863,34.16932],[-118.08874,34.16951],[-118.08876,34.16955],[-118.0888,34.16963],[-118.08887,34.16976],[-118.08892,34.16985],[-118.08894,34.16988],[-118.08902,34.17],[-118.08909,34.17011],[-118.0891,34.17013],[-118.08915,34.17018],[-118.08915,34.17019],[-118.08925,34.17032],[-118.08931,34.17039],[-118.08939,34.17049],[-118.08949,34.17061],[-118.08959,34.17073],[-118.08975,34.17089],[-118.08986,34.17099],[-118.08998,34.1711],[-118.09009,34.1712],[-118.09011,34.17122],[-118.09024,34.17131],[-118.09042,34.17144],[-118.09058,34.17154],[-118.09074,34.17164],[-118.09087,34.17172],[-118.09105,34.17181],[-118.09108,34.17183],[-118.09122,34.1719],[-118.09134,34.17196],[-118.09141,34.17199],[-118.09154,34.17204],[-118.09172,34.17211],[-118.09212,34.17226],[-118.09212,34.17229],[-118.09208,34.1724],[-118.09207,34.17244],[-118.09207,34.17248],[-118.09209,34.17253],[-118.09212,34.17257],[-118.09215,34.17262],[-118.09219,34.17268],[-118.0923,34.17281],[-118.09233,34.17286],[-118.09235,34.17288],[-118.09237,34.17292],[-118.0924,34.17298],[-118.09243,34.17308],[-118.09247,34.17318],[-118.09253,34.17338],[-118.09257,34.1735],[-118.0926,34.17357],[-118.09264,34.17367],[-118.09274,34.17388],[-118.0928,34.174],[-118.09282,34.17403],[-118.09286,34.1741],[-118.09287,34.17411],[-118.09286,34.17427],[-118.09286,34.17428],[-118.09286,34.1743],[-118.09285,34.17438],[-118.09284,34.17453],[-118.09279,34.17524],[-118.09276,34.17555],[-118.09276,34.17557],[-118.09276,34.17564],[-118.09194,34.17564],[-118.09178,34.17565],[-118.09169,34.17586],[-118.09181,34.1759],[-118.09193,34.17594],[-118.09193,34.17657],[-118.09193,34.17678],[-118.09179,34.17693],[-118.09151,34.17726],[-118.09126,34.17756],[-118.09117,34.17766],[-118.09108,34.17781],[-118.09104,34.17788],[-118.09101,34.17791],[-118.09076,34.17834],[-118.09075,34.17835],[-118.09065,34.17852],[-118.09045,34.17884],[-118.09092,34.17884],[-118.09099,34.17884],[-118.09105,34.17884],[-118.09117,34.17884],[-118.09191,34.17884],[-118.09217,34.17884],[-118.09254,34.17883],[-118.09263,34.17883],[-118.09336,34.17883],[-118.09423,34.17882],[-118.09427,34.17882],[-118.09502,34.17883],[-118.09503,34.17883],[-118.096,34.17884],[-118.09812,34.17887],[-118.09824,34.17887],[-118.09825,34.17892],[-118.09825,34.17894],[-118.09823,34.17903],[-118.0982,34.17922],[-118.09819,34.17926],[-118.0982,34.17941],[-118.09818,34.1796],[-118.09814,34.17978],[-118.09812,34.17978],[-118.09807,34.17985],[-118.0979,34.17994],[-118.09778,34.18009],[-118.09774,34.18013],[-118.09768,34.1802],[-118.09747,34.18041],[-118.09741,34.18048],[-118.09729,34.18054],[-118.09717,34.18061],[-118.09697,34.18069],[-118.09696,34.18078],[-118.09696,34.18098],[-118.09701,34.18108],[-118.09712,34.18106],[-118.09822,34.18264],[-118.09829,34.18274],[-118.0987,34.18332],[-118.10038,34.18575],[-118.10039,34.18579],[-118.10039,34.18582],[-118.10039,34.18596],[-118.10042,34.18951],[-118.10042,34.1896],[-118.10043,34.18998],[-118.10043,34.19054],[-118.10044,34.19143],[-118.10045,34.19247],[-118.10046,34.19325],[-118.10046,34.19347],[-118.10049,34.19686],[-118.10473,34.19691],[-118.10482,34.19691],[-118.10482,34.19518],[-118.10482,34.19507],[-118.10482,34.19416],[-118.10482,34.19378],[-118.10482,34.19341],[-118.10482,34.19338],[-118.10482,34.1933],[-118.10532,34.1933],[-118.10605,34.19331],[-118.10612,34.19331],[-118.10685,34.19332],[-118.1064,34.19283],[-118.10629,34.19271],[-118.10599,34.19238],[-118.1059,34.19228],[-118.10559,34.19192],[-118.10551,34.19183],[-118.10535,34.19162],[-118.10518,34.19141],[-118.10492,34.1911],[-118.10493,34.19088],[-118.10483,34.19088],[-118.1048,34.19088],[-118.10475,34.19088],[-118.1046,34.19071],[-118.10479,34.19044],[-118.10483,34.19038],[-118.10493,34.19033],[-118.10494,34.19024],[-118.10494,34.19017],[-118.10495,34.18974],[-118.10489,34.18937],[-118.10489,34.18933],[-118.10487,34.18921],[-118.10485,34.18918],[-118.10446,34.18859],[-118.10442,34.18852],[-118.10414,34.18823],[-118.10398,34.1882],[-118.10386,34.18793],[-118.10373,34.18768],[-118.10377,34.18739],[-118.10379,34.18719],[-118.10382,34.18698],[-118.10369,34.18677],[-118.10363,34.18666],[-118.1036,34.18659],[-118.10327,34.18664],[-118.10315,34.18665],[-118.10294,34.18667],[-118.10322,34.18648],[-118.10305,34.18624],[-118.10282,34.18591],[-118.10253,34.18568],[-118.10243,34.18575],[-118.10232,34.18554],[-118.10215,34.18519],[-118.10234,34.18502],[-118.10246,34.18492],[-118.10229,34.1848],[-118.10217,34.18471],[-118.10206,34.18462],[-118.1018,34.18437],[-118.10172,34.1843],[-118.10165,34.18425],[-118.10154,34.18418],[-118.10147,34.18415],[-118.10143,34.18413],[-118.10135,34.1841],[-118.10107,34.18398],[-118.10095,34.18393],[-118.10089,34.18389],[-118.10073,34.18378],[-118.10064,34.18371],[-118.10056,34.18364],[-118.10052,34.1836],[-118.10048,34.18354],[-118.10043,34.18346],[-118.10041,34.18339],[-118.10038,34.18327],[-118.10037,34.18322],[-118.10035,34.1831],[-118.10035,34.18298],[-118.10034,34.18267],[-118.10033,34.18226],[-118.10035,34.1813],[-118.10035,34.18082],[-118.10035,34.18072],[-118.10034,34.18066],[-118.1003,34.18044],[-118.10029,34.18033],[-118.10012,34.17991],[-118.10002,34.17964],[-118.09991,34.17939],[-118.09978,34.1791],[-118.09945,34.17836],[-118.09938,34.1782],[-118.09927,34.17798],[-118.09874,34.17684],[-118.09853,34.17636],[-118.09842,34.17612],[-118.09836,34.17595],[-118.09831,34.17581],[-118.09828,34.17568],[-118.09827,34.17564],[-118.09781,34.17564],[-118.09767,34.17564],[-118.09764,34.17564],[-118.09742,34.17564],[-118.09576,34.17564],[-118.09566,34.17564],[-118.09501,34.17564],[-118.09501,34.17552],[-118.09501,34.17543],[-118.09501,34.17525],[-118.09501,34.17523],[-118.09501,34.1751],[-118.09508,34.17512],[-118.09522,34.17515],[-118.09523,34.17507],[-118.0953,34.17462],[-118.09545,34.17456],[-118.09553,34.17452],[-118.09555,34.17442],[-118.09557,34.17423],[-118.09558,34.17408],[-118.0956,34.17388],[-118.09562,34.17376],[-118.09562,34.1737],[-118.09566,34.17336],[-118.09571,34.1733],[-118.09662,34.172],[-118.0966,34.17194],[-118.09658,34.17187],[-118.09648,34.1716],[-118.09639,34.17132],[-118.09632,34.17114],[-118.09624,34.17093],[-118.09616,34.17074],[-118.09613,34.17069],[-118.09603,34.17044],[-118.0956,34.17045],[-118.0954,34.17018],[-118.09525,34.16998],[-118.09522,34.16992],[-118.09512,34.16996],[-118.09502,34.16977],[-118.09523,34.1697],[-118.09524,34.16969],[-118.09533,34.16966],[-118.09513,34.16929],[-118.09507,34.16918],[-118.09717,34.16915],[-118.09769,34.16914],[-118.0977,34.16904],[-118.09771,34.16862],[-118.09831,34.16862],[-118.09831,34.16859],[-118.09832,34.16806],[-118.09833,34.16757],[-118.10274,34.16758],[-118.10275,34.16716],[-118.10275,34.16707],[-118.10277,34.16665],[-118.10278,34.16643],[-118.1028,34.16602],[-118.1028,34.16598],[-118.1028,34.16595],[-118.10281,34.16553],[-118.10282,34.1653],[-118.10284,34.16515],[-118.10284,34.16512],[-118.10285,34.16507],[-118.10286,34.165],[-118.10286,34.16498],[-118.10289,34.16491],[-118.10295,34.16481],[-118.10301,34.1647],[-118.10309,34.16456],[-118.10315,34.16443],[-118.10317,34.16439],[-118.10317,34.16435],[-118.10317,34.16426],[-118.10634,34.16427],[-118.10633,34.16338],[-118.10632,34.16249],[-118.10632,34.16149],[-118.10631,34.16051],[-118.10631,34.15988],[-118.1105,34.15985],[-118.11051,34.15922],[-118.11051,34.1586],[-118.11052,34.15793],[-118.11053,34.15713],[-118.11054,34.15658],[-118.11054,34.15602],[-118.11055,34.15548],[-118.11055,34.15492],[-118.11056,34.15437],[-118.10958,34.15438],[-118.10885,34.15438],[-118.10768,34.15439],[-118.10627,34.15439],[-118.10441,34.1544],[-118.10313,34.1544],[-118.10187,34.15441],[-118.10187,34.15438],[-118.10186,34.15314],[-118.10186,34.1525],[-118.10186,34.15182],[-118.10186,34.15123],[-118.10186,34.15116],[-118.10185,34.15069],[-118.10184,34.14963],[-118.10182,34.14865],[-118.10181,34.14862],[-118.10178,34.14852],[-118.10176,34.14849],[-118.10175,34.14847],[-118.10172,34.14845],[-118.10169,34.14844],[-118.10167,34.14843],[-118.1016,34.14841],[-118.10155,34.1484],[-118.10136,34.14837],[-118.1013,34.14836],[-118.1012,34.14836],[-118.10126,34.14822],[-118.10129,34.14814],[-118.10133,34.14803],[-118.10143,34.14778],[-118.10146,34.14767],[-118.1015,34.14754],[-118.10153,34.1474],[-118.10155,34.14726],[-118.10162,34.14685],[-118.10165,34.14668],[-118.10165,34.14609],[-118.10253,34.14609],[-118.10331,34.14608],[-118.10329,34.14212],[-118.1025,34.14212],[-118.10164,34.14212],[-118.10164,34.14159],[-118.10163,34.14139]]]},"properties":{"DIV_CITY":4}},
{"type":"Feature","geometry":{"type":"Polygon","coordinates":[[[-118.12428,34.14596],[-118.12424,34.14714],[-118.12425,34.14805],[-118.12429,34.14961],[-118.1243,34.15016],[-118.12433,34.15155],[-118.12432,34.15232],[-118.12432,34.1526],[-118.12432,34.15262],[-118.12434,34.15434],[-118.12435,34.15486],[-118.12437,34.1578],[-118.12501,34.15779],[-118.12554,34.15778],[-118.12558,34.16165],[-118.12684,34.16164],[-118.12687,34.16164],[-118.12823,34.16162],[-118.12938,34.16161],[-118.12953,34.1616],[-118.12953,34.16161],[-118.12959,34.1616],[-118.131,34.16158],[-118.13103,34.16158],[-118.13103,34.1616],[-118.13102,34.16338],[-118.1325,34.16337],[-118.13253,34.16336],[-118.13249,34.16418],[-118.13238,34.16665],[-118.13236,34.16693],[-118.13227,34.16898],[-118.13227,34.169],[-118.13226,34.1691],[-118.13219,34.17063],[-118.13219,34.17065],[-118.13215,34.17147],[-118.13213,34.17203],[-118.13212,34.17226],[-118.13514,34.17225],[-118.13703,34.17222],[-118.1372,34.17222],[-118.1372,34.17143],[-118.13719,34.17128],[-118.13721,34.17063],[-118.13721,34.17045],[-118.13721,34.17036],[-118.13721,34.17034],[-118.13719,34.17006],[-118.13715,34.16961],[-118.13711,34.16911],[-118.1371,34.16899],[-118.1371,34.16895],[-118.13709,34.16809],[-118.13708,34.16768],[-118.13708,34.16756],[-118.13708,34.16689],[-118.13708,34.16665],[-118.13708,34.16655],[-118.13707,34.1658],[-118.13706,34.16491],[-118.13706,34.16416],[-118.13706,34.16381],[-118.13856,34.1638],[-118.14035,34.16378],[-118.1416,34.16376],[-118.14158,34.16362],[-118.14157,34.16252],[-118.14156,34.16154],[-118.14274,34.16153],[-118.14382,34.16152],[-118.14498,34.16151],[-118.14554,34.16151],[-118.14608,34.16151],[-118.14609,34.1615],[-118.14609,34.16149],[-118.14608,34.1597],[-118.14606,34.15785],[-118.14606,34.15784],[-118.14693,34.15784],[-118.14702,34.15784],[-118.14709,34.15783],[-118.14756,34.15783],[-118.14783,34.15782],[-118.14841,34.15782],[-118.14855,34.15783],[-118.149,34.15781],[-118.14977,34.1578],[-118.14985,34.1578],[-118.15026,34.15779],[-118.15059,34.15778],[-118.15058,34.15666],[-118.15057,34.1564],[-118.15057,34.15616],[-118.15057,34.15551],[-118.15057,34.15528],[-118.15056,34.15449],[-118.15055,34.15411],[-118.15053,34.15347],[-118.15052,34.15306],[-118.1505,34.15249],[-118.15049,34.15239],[-118.1505,34.15217],[-118.1505,34.15197],[-118.15051,34.15179],[-118.15052,34.15157],[-118.15003,34.15164],[-118.14982,34.15167],[-118.14962,34.15168],[-118.14936,34.1517],[-118.14913,34.15172],[-118.14892,34.15172],[-118.1489,34.15172],[-118.14863,34.15173],[-118.14844,34.15173],[-118.1482,34.15173],[-118.14779,34.15171],[-118.14761,34.15171],[-118.14744,34.15171],[-118.146,34.15167],[-118.14539,34.15165],[-118.14536,34.15165],[-118.14451,34.15164],[-118.14313,34.15163],[-118.14298,34.15164],[-118.14145,34.15164],[-118.14145,34.15184],[-118.14146,34.15202],[-118.14146,34.15219],[-118.14146,34.1523],[-118.14146,34.15239],[-118.1415,34.15421],[-118.1415,34.15475],[-118.14151,34.1554],[-118.14151,34.15557],[-118.14151,34.15583],[-118.14152,34.15676],[-118.14154,34.15782],[-118.14151,34.15781],[-118.14141,34.1578],[-118.14124,34.15778],[-118.14105,34.15777],[-118.1402,34.15776],[-118.14003,34.15776],[-118.13976,34.15777],[-118.13888,34.15778],[-118.13847,34.15778],[-118.13774,34.15779],[-118.13701,34.1578],[-118.137,34.15707],[-118.137,34.15673],[-118.13698,34.15555],[-118.13696,34.15425],[-118.13695,34.15352],[-118.13694,34.15302],[-118.13693,34.15234],[-118.13692,34.15205],[-118.13692,34.15201],[-118.13692,34.15183],[-118.13692,34.15165],[-118.13692,34.15143],[-118.13691,34.15133],[-118.13691,34.15125],[-118.13483,34.15126],[-118.13467,34.15126],[-118.13465,34.15126],[-118.13465,34.15072],[-118.13465,34.1505],[-118.13466,34.14958],[-118.13393,34.14959],[-118.13236,34.1496],[-118.13236,34.14959],[-118.13235,34.14779],[-118.13235,34.14776],[-118.13234,34.14723],[-118.13234,34.14653],[-118.13234,34.14638],[-118.13234,34.1459],[-118.13085,34.14591],[-118.12941,34.14592],[-118.12804,34.14593],[-118.12669,34.14594],[-118.126,34.14594],[-118.12544,34.14595],[-118.12501,34.14595],[-118.12456,34.14596],[-118.12428,34.14596]]]},"properties":{"DIV_CITY":5}},
{"type":"Feature","geometry":{"type":"Polygon","coordinates":[[[-118.15519,34.14575],[-118.15527,34.14575],[-118.15553,34.14575],[-118.15585,34.14576],[-118.15598,34.14575],[-118.15766,34.14575],[-118.15934,34.14574],[-118.1607,34.14574],[-118.16093,34.14571],[-118.16107,34.1457],[-118.16125,34.1457],[-118.16141,34.14571],[-118.16146,34.14571],[-118.16187,34.14574],[-118.16195,34.14574],[-118.16207,34.14575],[-118.16212,34.14576],[-118.16215,34.14576],[-118.16223,34.14577],[-118.1624,34.1458],[-118.16261,34.14583],[-118.16282,34.14585],[-118.16305,34.14586],[-118.16337,34.14587],[-118.16389,34.14594],[-118.16396,34.14593],[-118.1644,34.14583],[-118.16502,34.14568],[-118.16499,34.14577],[-118.16495,34.1461],[-118.165,34.14643],[-118.16514,34.14683],[-118.16538,34.14709],[-118.16557,34.14726],[-118.1657,34.14738],[-118.16575,34.14767],[-118.16561,34.14883],[-118.16561,34.14886],[-118.1656,34.14913],[-118.1656,34.14944],[-118.1656,34.14946],[-118.16563,34.14983],[-118.16572,34.15023],[-118.16584,34.15063],[-118.16597,34.151],[-118.1661,34.1513],[-118.16639,34.15179],[-118.16656,34.15211],[-118.16672,34.15244],[-118.16694,34.15294],[-118.16709,34.15332],[-118.16724,34.1538],[-118.16741,34.15428],[-118.1679,34.15575],[-118.16797,34.15596],[-118.16802,34.15611],[-118.16817,34.15655],[-118.16919,34.15966],[-118.16991,34.16184],[-118.17,34.1621],[-118.17009,34.16242],[-118.17015,34.16264],[-118.1702,34.16282],[-118.17024,34.16301],[-118.17029,34.16324],[-118.17032,34.16343],[-118.17035,34.16367],[-118.1704,34.16413],[-118.17042,34.1643],[-118.17042,34.16431],[-118.17043,34.16442],[-118.17044,34.16478],[-118.17044,34.16489],[-118.17045,34.16531],[-118.17045,34.16557],[-118.17045,34.16588],[-118.17045,34.16916],[-118.17046,34.16932],[-118.17046,34.16954],[-118.17045,34.17061],[-118.17045,34.17072],[-118.17046,34.17204],[-118.17047,34.17256],[-118.17049,34.17347],[-118.17059,34.1743],[-118.17063,34.17454],[-118.17064,34.17463],[-118.17073,34.17504],[-118.17084,34.17545],[-118.17096,34.17582],[-118.17107,34.17614],[-118.17119,34.17642],[-118.17137,34.17684],[-118.17151,34.17713],[-118.17182,34.17771],[-118.17202,34.17815],[-118.17218,34.17855],[-118.17231,34.17894],[-118.17243,34.17934],[-118.17253,34.17973],[-118.17262,34.18013],[-118.17277,34.1808],[-118.17286,34.18126],[-118.17285,34.18158],[-118.17296,34.18187],[-118.17311,34.18215],[-118.17322,34.18248],[-118.17328,34.18279],[-118.17334,34.18309],[-118.1734,34.18337],[-118.17341,34.18343],[-118.17351,34.18372],[-118.17352,34.18373],[-118.17372,34.18402],[-118.174,34.18421],[-118.17447,34.18431],[-118.1748,34.18447],[-118.17487,34.18477],[-118.17497,34.18502],[-118.1751,34.18504],[-118.17554,34.1851],[-118.17568,34.18514],[-118.17548,34.18478],[-118.1753,34.18437],[-118.17524,34.18418],[-118.17515,34.18389],[-118.17508,34.18386],[-118.17476,34.18372],[-118.17412,34.18276],[-118.17426,34.18276],[-118.17501,34.18274],[-118.17543,34.18253],[-118.17566,34.18241],[-118.17638,34.18205],[-118.17634,34.18204],[-118.17627,34.18201],[-118.17622,34.18198],[-118.17619,34.18192],[-118.17614,34.18182],[-118.17615,34.18181],[-118.17632,34.18176],[-118.17659,34.18162],[-118.17666,34.18159],[-118.17678,34.18155],[-118.17727,34.18141],[-118.17743,34.18137],[-118.17782,34.18126],[-118.17817,34.18115],[-118.17833,34.18111],[-118.17878,34.18098],[-118.17906,34.1809],[-118.17929,34.18083],[-118.17962,34.18076],[-118.17987,34.18071],[-118.18013,34.18065],[-118.18113,34.18002],[-118.18115,34.18001],[-118.18125,34.17995],[-118.18133,34.1799],[-118.18157,34.17975],[-118.18163,34.17971],[-118.18198,34.17981],[-118.18228,34.17988],[-118.18311,34.18011],[-118.18399,34.1798],[-118.18429,34.17975],[-118.1843,34.17975],[-118.1845,34.17972],[-118.18617,34.17946],[-118.18629,34.17944],[-118.18632,34.17944],[-118.18634,34.17944],[-118.18675,34.17937],[-118.18693,34.17935],[-118.18739,34.17927],[-118.18744,34.17923],[-118.18749,34.17918],[-118.18781,34.17889],[-118.18792,34.17878],[-118.18807,34.17864],[-118.18838,34.17835],[-118.18844,34.17831],[-118.18858,34.17818],[-118.18889,34.17788],[-118.1891,34.17743],[-118.18917,34.17726],[-118.18933,34.17691],[-118.18955,34.17642],[-118.18989,34.17566],[-118.19012,34.17514],[-118.19038,34.17456],[-118.19047,34.17437],[-118.1905,34.17429],[-118.19063,34.174],[-118.19099,34.1732],[-118.1908,34.17214],[-118.19079,34.17207],[-118.19077,34.17196],[-118.19073,34.17174],[-118.19049,34.17032],[-118.19028,34.16996],[-118.18994,34.16938],[-118.1899,34.1693],[-118.18983,34.16918],[-118.18978,34.1691],[-118.18908,34.16908],[-118.18903,34.16899],[-118.18898,34.16888],[-118.18829,34.16747],[-118.18792,34.16673],[-118.18798,34.16664],[-118.18815,34.16638],[-118.18823,34.16625],[-118.18832,34.16612],[-118.18842,34.16598],[-118.18854,34.16578],[-118.18859,34.16571],[-118.18858,34.16569],[-118.18856,34.16569],[-118.18854,34.16568],[-118.18852,34.16567],[-118.18851,34.16567],[-118.18848,34.16566],[-118.18846,34.16565],[-118.18844,34.16565],[-118.18842,34.16564],[-118.1884,34.16563],[-118.18839,34.16563],[-118.18837,34.16562],[-118.18835,34.16561],[-118.18833,34.16561],[-118.18831,34.1656],[-118.18829,34.16559],[-118.18828,34.16559],[-118.18826,34.16558],[-118.18824,34.16558],[-118.18822,34.16557],[-118.1882,34.16556],[-118.18819,34.16556],[-118.18817,34.16555],[-118.18815,34.16554],[-118.18813,34.16554],[-118.18811,34.16553],[-118.18809,34.16552],[-118.18808,34.16552],[-118.18806,34.16551],[-118.18804,34.1655],[-118.18802,34.1655],[-118.188,34.16549],[-118.18798,34.16549],[-118.18797,34.16548],[-118.18795,34.16547],[-118.18793,34.16547],[-118.18791,34.16546],[-118.18789,34.16545],[-118.18787,34.16545],[-118.18786,34.16544],[-118.18784,34.16543],[-118.18782,34.16543],[-118.1878,34.16542],[-118.18778,34.16542],[-118.18776,34.16541],[-118.18775,34.1654],[-118.18773,34.1654],[-118.18771,34.16539],[-118.18769,34.16538],[-118.18767,34.16538],[-118.18766,34.16537],[-118.18764,34.16536],[-118.18762,34.16536],[-118.1876,34.16535],[-118.18758,34.16535],[-118.18756,34.16534],[-118.18755,34.16533],[-118.18753,34.16533],[-118.18751,34.16532],[-118.18749,34.16531],[-118.18747,34.16531],[-118.18745,34.1653],[-118.18744,34.16529],[-118.18742,34.16529],[-118.1874,34.16528],[-118.18738,34.16527],[-118.18736,34.16527],[-118.18734,34.16526],[-118.18733,34.16526],[-118.18731,34.16525],[-118.18729,34.16524],[-118.18727,34.16524],[-118.18725,34.16523],[-118.18723,34.16522],[-118.18722,34.16522],[-118.1872,34.16521],[-118.18657,34.16443],[-118.18602,34.16375],[-118.18585,34.16353],[-118.18504,34.16066],[-118.18486,34.16003],[-118.18479,34.15977],[-118.18425,34.15974],[-118.1842,34.15974],[-118.18417,34.15974],[-118.18405,34.15928],[-118.18403,34.15919],[-118.18378,34.15823],[-118.18364,34.15769],[-118.18351,34.1572],[-118.18339,34.15677],[-118.18333,34.15653],[-118.18318,34.15595],[-118.18301,34.15528],[-118.18289,34.15485],[-118.18275,34.15429],[-118.18256,34.15357],[-118.18237,34.15287],[-118.18232,34.15269],[-118.18214,34.15198],[-118.1821,34.15182],[-118.18209,34.1518],[-118.18197,34.15133],[-118.1818,34.15068],[-118.18178,34.15063],[-118.18171,34.15034],[-118.18165,34.15012],[-118.18163,34.15006],[-118.1816,34.14991],[-118.1816,34.1499],[-118.18161,34.14987],[-118.18183,34.14913],[-118.18185,34.14907],[-118.18221,34.14907],[-118.18277,34.14908],[-118.1838,34.14908],[-118.18386,34.14865],[-118.18387,34.14858],[-118.18389,34.14849],[-118.18389,34.14844],[-118.18398,34.14791],[-118.18399,34.14782],[-118.18422,34.1463],[-118.18426,34.14623],[-118.18435,34.14601],[-118.18438,34.14594],[-118.18446,34.1457],[-118.18457,34.14541],[-118.18424,34.14516],[-118.18419,34.14512],[-118.18415,34.1451],[-118.18413,34.14508],[-118.1841,34.14506],[-118.184,34.14498],[-118.1839,34.14491],[-118.18385,34.14487],[-118.18382,34.14485],[-118.18378,34.14482],[-118.18368,34.14475],[-118.18363,34.14471],[-118.18359,34.14468],[-118.18337,34.14452],[-118.18326,34.14444],[-118.18268,34.14401],[-118.18231,34.14374],[-118.18232,34.14348],[-118.18223,34.14342],[-118.18214,34.14339],[-118.18214,34.14337],[-118.18206,34.14333],[-118.18207,34.14332],[-118.18207,34.14331],[-118.18208,34.1433],[-118.18208,34.14329],[-118.18209,34.14328],[-118.1821,34.14327],[-118.1821,34.14326],[-118.1821,34.14325],[-118.18211,34.14324],[-118.18211,34.14323],[-118.18211,34.14322],[-118.18211,34.14321],[-118.18211,34.1432],[-118.18211,34.14319],[-118.18212,34.14307],[-118.18129,34.14235],[-118.18125,34.14232],[-118.18122,34.14227],[-118.18092,34.14184],[-118.18087,34.14165],[-118.18039,34.14124],[-118.18048,34.14113],[-118.18072,34.14081],[-118.18108,34.141],[-118.18192,34.14068],[-118.18208,34.14059],[-118.1821,34.14059],[-118.18223,34.14051],[-118.18225,34.1405],[-118.18238,34.14043],[-118.1824,34.14042],[-118.18253,34.14034],[-118.18265,34.14022],[-118.18278,34.1401],[-118.18297,34.1399],[-118.18313,34.13974],[-118.18321,34.13966],[-118.18325,34.13963],[-118.18326,34.13962],[-118.18345,34.13959],[-118.18364,34.13955],[-118.18382,34.13952],[-118.18396,34.13949],[-118.18403,34.1395],[-118.18422,34.13951],[-118.18434,34.13951],[-118.18458,34.13952],[-118.18469,34.13953],[-118.18479,34.13949],[-118.18502,34.13939],[-118.18524,34.1393],[-118.18529,34.13926],[-118.18531,34.13924],[-118.18547,34.13909],[-118.1856,34.13896],[-118.18569,34.13888],[-118.18568,34.13886],[-118.18548,34.13885],[-118.1854,34.13885],[-118.18542,34.1388],[-118.18548,34.13861],[-118.18554,34.13857],[-118.18554,34.1385],[-118.18553,34.13816],[-118.18553,34.13793],[-118.18553,34.13771],[-118.18553,34.13754],[-118.18553,34.13737],[-118.18553,34.13734],[-118.18555,34.13734],[-118.18557,34.13733],[-118.1859,34.13731],[-118.1859,34.13729],[-118.1859,34.13696],[-118.1859,34.13687],[-118.1859,34.13676],[-118.1859,34.13653],[-118.1859,34.13641],[-118.1859,34.13619],[-118.18584,34.13618],[-118.1857,34.13616],[-118.18561,34.13615],[-118.18546,34.13613],[-118.18521,34.13612],[-118.18524,34.13599],[-118.18525,34.13595],[-118.18526,34.1359],[-118.18529,34.13578],[-118.18534,34.13556],[-118.18537,34.13544],[-118.18539,34.13539],[-118.18541,34.13528],[-118.18544,34.13515],[-118.18545,34.13511],[-118.18549,34.13495],[-118.1855,34.13492],[-118.18553,34.13478],[-118.18554,34.13473],[-118.18563,34.13458],[-118.18568,34.13449],[-118.1857,34.13445],[-118.18577,34.13433],[-118.18581,34.13425],[-118.18585,34.13419],[-118.18591,34.13408],[-118.18593,34.13404],[-118.18599,34.13395],[-118.18604,34.13386],[-118.18611,34.13374],[-118.18576,34.13347],[-118.18572,34.13344],[-118.1857,34.13342],[-118.18549,34.13326],[-118.18534,34.13315],[-118.18525,34.13308],[-118.18502,34.1329],[-118.18483,34.13276],[-118.18448,34.13249],[-118.18436,34.1324],[-118.18417,34.13225],[-118.18415,34.13223],[-118.18414,34.13222],[-118.18396,34.13208],[-118.18377,34.13194],[-118.18364,34.13184],[-118.1835,34.13173],[-118.18339,34.13165],[-118.18327,34.13156],[-118.18322,34.13151],[-118.18311,34.13143],[-118.18302,34.13137],[-118.18297,34.13132],[-118.18293,34.1313],[-118.18283,34.13122],[-118.18283,34.13091],[-118.18283,34.13089],[-118.18284,34.13085],[-118.18284,34.13082],[-118.18284,34.13033],[-118.18285,34.13007],[-118.18285,34.13001],[-118.18285,34.12975],[-118.1828,34.12963],[-118.18259,34.12919],[-118.18182,34.12939],[-118.18156,34.12945],[-118.18135,34.1295],[-118.18136,34.12942],[-118.1814,34.12886],[-118.18141,34.12878],[-118.18143,34.12851],[-118.18145,34.1282],[-118.18136,34.12822],[-118.18091,34.12834],[-118.1809,34.12831],[-118.18085,34.12818],[-118.18084,34.12815],[-118.18082,34.12809],[-118.18079,34.12803],[-118.18077,34.12796],[-118.18074,34.12787],[-118.18073,34.12785],[-118.18068,34.12771],[-118.18064,34.1276],[-118.18058,34.12744],[-118.18055,34.12736],[-118.18049,34.1272],[-118.18046,34.12712],[-118.18044,34.12707],[-118.18042,34.12703],[-118.18037,34.12688],[-118.18035,34.12683],[-118.18028,34.12663],[-118.18021,34.12643],[-118.18016,34.12644],[-118.18009,34.12645],[-118.17979,34.12651],[-118.17965,34.12653],[-118.17948,34.12656],[-118.17944,34.12657],[-118.1792,34.12661],[-118.17917,34.12662],[-118.17912,34.12663],[-118.17889,34.12667],[-118.17885,34.12668],[-118.1786,34.12673],[-118.17851,34.12672],[-118.17846,34.12671],[-118.17815,34.12669],[-118.17782,34.12666],[-118.17769,34.12665],[-118.1778,34.12683],[-118.17717,34.12673],[-118.17652,34.12662],[-118.17669,34.12521],[-118.17672,34.12499],[-118.17674,34.1248],[-118.17694,34.12316],[-118.17609,34.12344],[-118.17607,34.12345],[-118.17592,34.12351],[-118.17557,34.12366],[-118.17521,34.1238],[-118.17515,34.12383],[-118.17514,34.12383],[-118.17506,34.12386],[-118.17494,34.12392],[-118.17481,34.12397],[-118.17468,34.12402],[-118.17464,34.12403],[-118.1746,34.12405],[-118.17357,34.12447],[-118.17336,34.12456],[-118.17282,34.12478],[-118.17278,34.12492],[-118.17273,34.1251],[-118.17268,34.12528],[-118.17264,34.12546],[-118.17257,34.12572],[-118.17255,34.1258],[-118.17255,34.12581],[-118.17254,34.12583],[-118.17254,34.12584],[-118.17253,34.12586],[-118.17252,34.12587],[-118.17252,34.12589],[-118.17251,34.1259],[-118.1725,34.12592],[-118.17249,34.12593],[-118.17248,34.12594],[-118.17247,34.12596],[-118.17246,34.12597],[-118.17245,34.12598],[-118.17243,34.126],[-118.17242,34.12601],[-118.17241,34.12602],[-118.17239,34.12603],[-118.17238,34.12604],[-118.17237,34.12605],[-118.17235,34.12606],[-118.17234,34.12607],[-118.17233,34.12608],[-118.17231,34.12609],[-118.17229,34.12609],[-118.17228,34.1261],[-118.17226,34.12611],[-118.17224,34.12612],[-118.17223,34.12612],[-118.17221,34.12613],[-118.17219,34.12614],[-118.17217,34.12614],[-118.17214,34.12615],[-118.17203,34.12617],[-118.17188,34.1262],[-118.17167,34.12625],[-118.17162,34.12626],[-118.1716,34.12626],[-118.17159,34.12626],[-118.17157,34.12627],[-118.17155,34.12627],[-118.17153,34.12628],[-118.17152,34.12628],[-118.1715,34.12629],[-118.17148,34.12629],[-118.17147,34.1263],[-118.17145,34.12631],[-118.17143,34.12631],[-118.17141,34.12632],[-118.1714,34.12633],[-118.17138,34.12633],[-118.17136,34.12634],[-118.17135,34.12635],[-118.17133,34.12636],[-118.17132,34.12636],[-118.1713,34.12637],[-118.17128,34.12638],[-118.17127,34.12639],[-118.17125,34.1264],[-118.17124,34.12641],[-118.17122,34.12642],[-118.17121,34.12643],[-118.1712,34.12644],[-118.17118,34.12645],[-118.17117,34.12646],[-118.17115,34.12647],[-118.17114,34.12648],[-118.17113,34.12649],[-118.17103,34.12657],[-118.17094,34.12664],[-118.1709,34.12668],[-118.17087,34.12671],[-118.17081,34.12675],[-118.17077,34.12679],[-118.17076,34.1268],[-118.17075,34.1268],[-118.17074,34.12681],[-118.17073,34.12681],[-118.17072,34.12682],[-118.17071,34.12683],[-118.1707,34.12683],[-118.17069,34.12684],[-118.17068,34.12685],[-118.17067,34.12685],[-118.17066,34.12686],[-118.17065,34.12686],[-118.17064,34.12687],[-118.17063,34.12687],[-118.17062,34.12688],[-118.17061,34.12688],[-118.1706,34.12689],[-118.17059,34.12689],[-118.17058,34.1269],[-118.17057,34.1269],[-118.17056,34.1269],[-118.17055,34.12691],[-118.17054,34.12691],[-118.17053,34.12692],[-118.17051,34.12692],[-118.1705,34.12692],[-118.17049,34.12692],[-118.17048,34.12693],[-118.17047,34.12693],[-118.17046,34.12693],[-118.17045,34.12694],[-118.17043,34.12694],[-118.17042,34.12694],[-118.17041,34.12694],[-118.1704,34.12694],[-118.17039,34.12695],[-118.17038,34.12695],[-118.17036,34.12695],[-118.17035,34.12695],[-118.17034,34.12695],[-118.17033,34.12695],[-118.17032,34.12695],[-118.1703,34.12695],[-118.17029,34.12695],[-118.17028,34.12695],[-118.17027,34.12695],[-118.17026,34.12695],[-118.17024,34.12695],[-118.17023,34.12695],[-118.17021,34.12695],[-118.17017,34.12694],[-118.17015,34.12694],[-118.17012,34.12694],[-118.17009,34.12694],[-118.17007,34.12693],[-118.17004,34.12693],[-118.17002,34.12692],[-118.16999,34.12692],[-118.16997,34.12691],[-118.16995,34.12691],[-118.16992,34.1269],[-118.1699,34.1269],[-118.16986,34.12689],[-118.16984,34.12688],[-118.16981,34.12687],[-118.16979,34.12686],[-118.16976,34.12686],[-118.16974,34.12685],[-118.1697,34.12683],[-118.16967,34.12682],[-118.16965,34.12681],[-118.16963,34.1268],[-118.16961,34.12679],[-118.16959,34.12678],[-118.16957,34.12678],[-118.16957,34.12677],[-118.16956,34.12677],[-118.16955,34.12676],[-118.16954,34.12676],[-118.16953,34.12675],[-118.16952,34.12675],[-118.16951,34.12674],[-118.1695,34.12674],[-118.16949,34.12673],[-118.16947,34.12672],[-118.16945,34.1267],[-118.16943,34.1267],[-118.16941,34.12668],[-118.16927,34.12658],[-118.16924,34.12656],[-118.16922,34.12656],[-118.16921,34.12655],[-118.1692,34.12654],[-118.16918,34.12653],[-118.16917,34.12653],[-118.16916,34.12652],[-118.16914,34.12651],[-118.16913,34.1265],[-118.16911,34.1265],[-118.1691,34.12649],[-118.16908,34.12648],[-118.16907,34.12648],[-118.16905,34.12647],[-118.16904,34.12647],[-118.16902,34.12646],[-118.169,34.12646],[-118.16899,34.12645],[-118.16897,34.12645],[-118.16896,34.12644],[-118.16894,34.12644],[-118.16893,34.12643],[-118.16891,34.12643],[-118.16889,34.12643],[-118.16875,34.1264],[-118.16856,34.12636],[-118.16854,34.12635],[-118.16851,34.12635],[-118.1685,34.12634],[-118.16848,34.12634],[-118.16845,34.12633],[-118.16842,34.12633],[-118.16839,34.12632],[-118.16836,34.12631],[-118.16833,34.1263],[-118.1683,34.12629],[-118.16827,34.12628],[-118.16824,34.12627],[-118.16821,34.12625],[-118.16818,34.12624],[-118.16815,34.12623],[-118.16812,34.12622],[-118.16809,34.1262],[-118.16807,34.12619],[-118.16803,34.12617],[-118.16801,34.12616],[-118.16798,34.12615],[-118.16797,34.12614],[-118.16795,34.12613],[-118.16794,34.12613],[-118.16792,34.12612],[-118.16791,34.12611],[-118.16789,34.1261],[-118.16788,34.1261],[-118.16786,34.12609],[-118.16785,34.12609],[-118.16783,34.12608],[-118.16781,34.12607],[-118.1678,34.12607],[-118.16778,34.12606],[-118.16776,34.12606],[-118.16775,34.12605],[-118.16773,34.12605],[-118.16771,34.12604],[-118.1677,34.12604],[-118.16768,34.12604],[-118.16766,34.12603],[-118.16765,34.12603],[-118.16763,34.12603],[-118.16761,34.12602],[-118.16759,34.12602],[-118.16757,34.12602],[-118.16755,34.12601],[-118.16753,34.12601],[-118.16751,34.126],[-118.16749,34.126],[-118.16748,34.12599],[-118.16746,34.12598],[-118.16744,34.12598],[-118.16742,34.12597],[-118.1674,34.12596],[-118.16738,34.12596],[-118.16736,34.12595],[-118.16735,34.12594],[-118.16733,34.12593],[-118.16731,34.12593],[-118.16729,34.12592],[-118.16728,34.12591],[-118.16726,34.1259],[-118.16725,34.1259],[-118.16724,34.12589],[-118.16723,34.12589],[-118.16722,34.12589],[-118.16721,34.12589],[-118.1672,34.12589],[-118.16718,34.12589],[-118.16717,34.12589],[-118.16716,34.12589],[-118.16711,34.12591],[-118.16703,34.12595],[-118.16691,34.12599],[-118.16685,34.12601],[-118.16673,34.12606],[-118.16652,34.12615],[-118.16651,34.12615],[-118.16649,34.12616],[-118.16648,34.12616],[-118.16646,34.12617],[-118.16645,34.12617],[-118.16644,34.12617],[-118.16642,34.12617],[-118.16641,34.12618],[-118.16639,34.12618],[-118.16638,34.12618],[-118.16604,34.12617],[-118.16601,34.12615],[-118.16598,34.12612],[-118.16592,34.12604],[-118.16572,34.12574],[-118.16566,34.12565],[-118.16572,34.12561],[-118.16593,34.12552],[-118.166,34.12549],[-118.16603,34.12548],[-118.16604,34.12547],[-118.16614,34.12544],[-118.16662,34.12529],[-118.16679,34.12523],[-118.16703,34.12516],[-118.1676,34.12497],[-118.16765,34.12493],[-118.1678,34.12477],[-118.16794,34.12464],[-118.16803,34.12455],[-118.16827,34.12431],[-118.16833,34.12419],[-118.16838,34.1241],[-118.1684,34.12405],[-118.16847,34.12392],[-118.16826,34.12392],[-118.16805,34.12393],[-118.16803,34.12393],[-118.16803,34.12396],[-118.16803,34.12405],[-118.16794,34.12405],[-118.16547,34.12404],[-118.16519,34.12402],[-118.16492,34.12402],[-118.16478,34.12402],[-118.1644,34.12403],[-118.16405,34.12403],[-118.16322,34.12404],[-118.15988,34.124],[-118.15967,34.124],[-118.15921,34.124],[-118.15798,34.12404],[-118.15659,34.12404],[-118.15632,34.12404],[-118.15569,34.12404],[-118.15542,34.12404],[-118.15431,34.12404],[-118.15374,34.12404],[-118.15316,34.12404],[-118.15294,34.12404],[-118.15167,34.12404],[-118.15116,34.12404],[-118.15092,34.12404],[-118.15075,34.12403],[-118.15072,34.12403],[-118.1506,34.12403],[-118.15052,34.12403],[-118.15039,34.12404],[-118.15028,34.12404],[-118.15005,34.12432],[-118.14974,34.1247],[-118.14962,34.12485],[-118.14946,34.12503],[-118.14896,34.12564],[-118.14886,34.12559],[-118.14854,34.12544],[-118.1482,34.12528],[-118.14807,34.12522],[-118.14796,34.12517],[-118.1479,34.12513],[-118.14786,34.12511],[-118.14784,34.12509],[-118.1478,34.12506],[-118.14773,34.12499],[-118.14769,34.12496],[-118.14763,34.12493],[-118.14659,34.12409],[-118.1465,34.12395],[-118.14646,34.12389],[-118.14643,34.12383],[-118.14639,34.12372],[-118.14637,34.12365],[-118.14614,34.12307],[-118.14604,34.12282],[-118.14604,34.12296],[-118.14606,34.12313],[-118.14608,34.1233],[-118.14611,34.12346],[-118.14616,34.12374],[-118.14622,34.12404],[-118.14624,34.12413],[-118.14627,34.12424],[-118.14634,34.12446],[-118.14641,34.12468],[-118.14647,34.12482],[-118.14653,34.12497],[-118.14654,34.12499],[-118.14661,34.12513],[-118.14674,34.1254],[-118.14679,34.1255],[-118.14684,34.12562],[-118.14702,34.12609],[-118.14703,34.12613],[-118.14714,34.1264],[-118.14717,34.1265],[-118.14721,34.12663],[-118.14727,34.12686],[-118.1473,34.12705],[-118.14733,34.12721],[-118.14735,34.12746],[-118.14736,34.12754],[-118.14736,34.12758],[-118.14736,34.12779],[-118.14736,34.12814],[-118.14734,34.13124],[-118.14737,34.13298],[-118.14727,34.13298],[-118.14661,34.13299],[-118.14584,34.133],[-118.14584,34.13367],[-118.14585,34.13481],[-118.14586,34.1358],[-118.14468,34.13581],[-118.14437,34.13581],[-118.14284,34.13582],[-118.14207,34.13583],[-118.14132,34.13583],[-118.13966,34.13584],[-118.13962,34.13584],[-118.13906,34.13585],[-118.1383,34.13585],[-118.13831,34.13706],[-118.13831,34.13718],[-118.13831,34.13719],[-118.13832,34.13735],[-118.13833,34.139],[-118.13833,34.13901],[-118.13833,34.13903],[-118.13834,34.1404],[-118.13908,34.1404],[-118.13971,34.1404],[-118.14137,34.14039],[-118.14139,34.14216],[-118.14139,34.14239],[-118.14142,34.14358],[-118.14143,34.1444],[-118.14144,34.14456],[-118.14145,34.14506],[-118.14145,34.14512],[-118.14145,34.14518],[-118.14145,34.14535],[-118.14145,34.14576],[-118.14145,34.14585],[-118.14292,34.14584],[-118.14424,34.14583],[-118.14483,34.14583],[-118.14601,34.14582],[-118.1467,34.14582],[-118.14721,34.14581],[-118.14754,34.14581],[-118.14823,34.1458],[-118.14889,34.1458],[-118.15047,34.14578],[-118.151,34.14578],[-118.15108,34.14578],[-118.15117,34.14578],[-118.15173,34.14577],[-118.15224,34.14577],[-118.15415,34.14576],[-118.15423,34.14575],[-118.15454,34.14575],[-118.15493,34.14575],[-118.15497,34.14575],[-118.15519,34.14575]]]},"properties":{"DIV_CITY":6}},
{"type":"Feature","geometry":{"type":"Polygon","coordinates":[[[-118.10331,34.14608],[-118.1049,34.14607],[-118.10621,34.14607],[-118.10726,34.14606],[-118.10761,34.14606],[-118.10835,34.14605],[-118.10879,34.14605],[-118.10953,34.14605],[-118.10971,34.14605],[-118.11067,34.14604],[-118.11185,34.14603],[-118.11251,34.14603],[-118.11317,34.14603],[-118.11446,34.14602],[-118.11575,34.14601],[-118.11707,34.146],[-118.11708,34.146],[-118.11724,34.146],[-118.11842,34.14599],[-118.11987,34.14598],[-118.12132,34.14597],[-118.12289,34.14596],[-118.12428,34.14596],[-118.12456,34.14596],[-118.12501,34.14595],[-118.12544,34.14595],[-118.126,34.14594],[-118.12669,34.14594],[-118.12804,34.14593],[-118.12941,34.14592],[-118.13085,34.14591],[-118.13234,34.1459],[-118.13388,34.1459],[-118.13522,34.1459],[-118.13523,34.1459],[-118.1369,34.14587],[-118.13839,34.14587],[-118.13975,34.14586],[-118.14145,34.14585],[-118.14145,34.14576],[-118.14145,34.14535],[-118.14145,34.14518],[-118.14145,34.14512],[-118.14145,34.14506],[-118.14144,34.14456],[-118.14143,34.1444],[-118.14142,34.14358],[-118.14139,34.14239],[-118.14139,34.14216],[-118.14137,34.14039],[-118.13971,34.1404],[-118.13908,34.1404],[-118.13834,34.1404],[-118.13833,34.13903],[-118.13833,34.13901],[-118.13833,34.139],[-118.13832,34.13735],[-118.13831,34.13719],[-118.13831,34.13718],[-118.13831,34.13706],[-118.1383,34.13585],[-118.13906,34.13585],[-118.13962,34.13584],[-118.13966,34.13584],[-118.14132,34.13583],[-118.14207,34.13583],[-118.14284,34.13582],[-118.14437,34.13581],[-118.14468,34.13581],[-118.14586,34.1358],[-118.14585,34.13481],[-118.14584,34.13367],[-118.14584,34.133],[-118.14661,34.13299],[-118.14727,34.13298],[-118.14737,34.13298],[-118.14734,34.13124],[-118.14736,34.12814],[-118.14736,34.12779],[-118.14736,34.12758],[-118.14736,34.12754],[-118.14735,34.12746],[-118.14733,34.12721],[-118.1473,34.12705],[-118.14727,34.12686],[-118.14721,34.12663],[-118.14717,34.1265],[-118.14714,34.1264],[-118.14703,34.12613],[-118.14702,34.12609],[-118.14684,34.12562],[-118.14679,34.1255],[-118.14674,34.1254],[-118.14661,34.12513],[-118.14654,34.12499],[-118.14653,34.12497],[-118.14647,34.12482],[-118.14641,34.12468],[-118.14634,34.12446],[-118.14627,34.12424],[-118.14624,34.12413],[-118.14622,34.12404],[-118.14616,34.12374],[-118.14611,34.12346],[-118.14608,34.1233],[-118.14606,34.12313],[-118.14604,34.12296],[-118.14604,34.12282],[-118.14604,34.12281],[-118.14581,34.12259],[-118.1457,34.12248],[-118.1457,34.12354],[-118.14569,34.12366],[-118.1457,34.12378],[-118.14444,34.12276],[-118.14443,34.12275],[-118.14439,34.12212],[-118.14385,34.12156],[-118.14385,34.12147],[-118.14385,34.12115],[-118.14376,34.12099],[-118.14351,34.12095],[-118.14339,34.12094],[-118.14335,34.12091],[-118.14333,34.1209],[-118.14332,34.1209],[-118.14332,34.12089],[-118.14324,34.12085],[-118.1431,34.12082],[-118.14269,34.12075],[-118.14241,34.1207],[-118.14234,34.1205],[-118.14233,34.12047],[-118.1424,34.12023],[-118.14242,34.12014],[-118.14246,34.12],[-118.14237,34.11986],[-118.1422,34.11959],[-118.14117,34.11941],[-118.14101,34.11939],[-118.14098,34.11939],[-118.14084,34.11937],[-118.14078,34.11936],[-118.14068,34.11934],[-118.14059,34.11933],[-118.14052,34.11932],[-118.14039,34.1193],[-118.14035,34.1193],[-118.14019,34.11928],[-118.13974,34.11921],[-118.13941,34.11917],[-118.13935,34.11915],[-118.1393,34.11914],[-118.13919,34.11916],[-118.13806,34.11865],[-118.13791,34.11859],[-118.13782,34.11856],[-118.13763,34.1185],[-118.13753,34.11847],[-118.13729,34.11839],[-118.13702,34.1183],[-118.13613,34.11797],[-118.13544,34.11772],[-118.13468,34.11755],[-118.13462,34.11754],[-118.13459,34.11751],[-118.13458,34.11751],[-118.13429,34.11741],[-118.13072,34.11728],[-118.13059,34.11727],[-118.13057,34.11727],[-118.13023,34.11736],[-118.13004,34.1174],[-118.12988,34.11744],[-118.1298,34.11746],[-118.12964,34.1175],[-118.12951,34.11753],[-118.12948,34.11754],[-118.12943,34.11755],[-118.12921,34.1176],[-118.12916,34.11762],[-118.12901,34.11765],[-118.12885,34.11769],[-118.12877,34.11771],[-118.12853,34.11777],[-118.12846,34.11779],[-118.12827,34.11784],[-118.12818,34.11788],[-118.12816,34.11789],[-118.12809,34.11792],[-118.12796,34.11798],[-118.1278,34.11806],[-118.12769,34.11811],[-118.12763,34.11814],[-118.12783,34.11868],[-118.12786,34.11877],[-118.12791,34.11891],[-118.12806,34.11933],[-118.12813,34.11951],[-118.12806,34.11968],[-118.12814,34.11995],[-118.12815,34.11997],[-118.12823,34.12027],[-118.12824,34.12029],[-118.1283,34.12051],[-118.1283,34.12052],[-118.12855,34.12069],[-118.12867,34.12097],[-118.12878,34.12102],[-118.1289,34.12107],[-118.12898,34.12122],[-118.129,34.12123],[-118.12906,34.12129],[-118.12916,34.12138],[-118.12942,34.12149],[-118.12952,34.12168],[-118.1295,34.12197],[-118.12932,34.12205],[-118.12927,34.12207],[-118.12923,34.12209],[-118.12916,34.12236],[-118.12911,34.12254],[-118.12908,34.12265],[-118.12909,34.12273],[-118.12911,34.12292],[-118.1291,34.12294],[-118.12922,34.12308],[-118.12922,34.12309],[-118.12923,34.1231],[-118.12927,34.12316],[-118.12939,34.12329],[-118.12946,34.12338],[-118.12949,34.12341],[-118.12954,34.12346],[-118.12971,34.1236],[-118.12976,34.12365],[-118.12982,34.12372],[-118.12987,34.12377],[-118.12996,34.1239],[-118.13,34.12396],[-118.13005,34.12406],[-118.13009,34.12413],[-118.13019,34.12428],[-118.13028,34.1244],[-118.13033,34.12449],[-118.13035,34.12452],[-118.13036,34.12455],[-118.13037,34.12458],[-118.13036,34.12469],[-118.13037,34.12474],[-118.13038,34.12479],[-118.1304,34.12489],[-118.13043,34.12499],[-118.13044,34.125],[-118.13047,34.12511],[-118.13053,34.12525],[-118.13059,34.12537],[-118.13062,34.12543],[-118.13068,34.12554],[-118.13073,34.12565],[-118.13075,34.1257],[-118.13077,34.12579],[-118.13079,34.12594],[-118.13081,34.12604],[-118.13084,34.12612],[-118.13087,34.12617],[-118.13091,34.12621],[-118.13099,34.12628],[-118.13108,34.12634],[-118.13115,34.1264],[-118.1312,34.12645],[-118.13124,34.12651],[-118.13124,34.12655],[-118.13124,34.12661],[-118.13124,34.12665],[-118.13123,34.12669],[-118.13122,34.12672],[-118.13117,34.12676],[-118.13115,34.12679],[-118.1311,34.12687],[-118.13102,34.12699],[-118.13099,34.12704],[-118.13096,34.1271],[-118.13094,34.12715],[-118.13092,34.12722],[-118.13087,34.12742],[-118.13083,34.12767],[-118.13082,34.12774],[-118.13081,34.12783],[-118.13082,34.12794],[-118.13083,34.12805],[-118.13086,34.12816],[-118.1309,34.12825],[-118.13093,34.12833],[-118.13095,34.12835],[-118.13101,34.1284],[-118.13103,34.12842],[-118.13104,34.12845],[-118.13107,34.1285],[-118.1311,34.12856],[-118.13113,34.12863],[-118.13113,34.12865],[-118.13114,34.12868],[-118.13114,34.12869],[-118.13114,34.12873],[-118.13113,34.12877],[-118.13108,34.12891],[-118.13104,34.129],[-118.13103,34.12904],[-118.13102,34.12907],[-118.13102,34.12911],[-118.13102,34.12916],[-118.13103,34.12922],[-118.13104,34.12927],[-118.13107,34.12934],[-118.13108,34.12936],[-118.13113,34.12948],[-118.13117,34.12955],[-118.13118,34.12957],[-118.13124,34.12967],[-118.13082,34.12978],[-118.12964,34.13009],[-118.12954,34.13012],[-118.12946,34.13014],[-118.12945,34.13014],[-118.12873,34.13031],[-118.12842,34.13039],[-118.12823,34.13043],[-118.12819,34.13044],[-118.12804,34.13048],[-118.12735,34.13064],[-118.12686,34.13076],[-118.12635,34.13088],[-118.12623,34.13091],[-118.12611,34.13094],[-118.126,34.13096],[-118.12564,34.13105],[-118.12532,34.13113],[-118.12475,34.13127],[-118.12416,34.13141],[-118.12369,34.13153],[-118.12333,34.13162],[-118.1232,34.13166],[-118.12312,34.13168],[-118.12311,34.13168],[-118.12245,34.13184],[-118.12241,34.13185],[-118.12183,34.132],[-118.1217,34.13203],[-118.12158,34.13205],[-118.12076,34.13225],[-118.12072,34.13226],[-118.12019,34.13239],[-118.11957,34.13255],[-118.11932,34.13261],[-118.11719,34.13273],[-118.1171,34.13273],[-118.11497,34.13286],[-118.11428,34.13291],[-118.11422,34.13292],[-118.11396,34.13293],[-118.11384,34.13293],[-118.11384,34.13304],[-118.11384,34.13351],[-118.11384,34.1336],[-118.11384,34.13414],[-118.11384,34.13422],[-118.11383,34.13428],[-118.11384,34.13429],[-118.11383,34.13469],[-118.11383,34.13474],[-118.11383,34.13491],[-118.11384,34.13501],[-118.11384,34.1351],[-118.11384,34.13519],[-118.11384,34.13541],[-118.11384,34.13543],[-118.11384,34.1355],[-118.11384,34.13577],[-118.11382,34.13599],[-118.11383,34.13639],[-118.11401,34.1364],[-118.11403,34.1364],[-118.11403,34.13686],[-118.11388,34.13686],[-118.11383,34.13686],[-118.1131,34.13687],[-118.11265,34.13686],[-118.11004,34.13684],[-118.11004,34.13686],[-118.11003,34.13693],[-118.11003,34.13696],[-118.11003,34.137],[-118.11003,34.1371],[-118.11003,34.13718],[-118.11003,34.13723],[-118.11003,34.13728],[-118.11003,34.13729],[-118.11003,34.13737],[-118.11003,34.13743],[-118.11003,34.13744],[-118.11007,34.13744],[-118.1102,34.13744],[-118.11023,34.13744],[-118.11024,34.13744],[-118.11024,34.13747],[-118.11024,34.13753],[-118.11025,34.13772],[-118.11025,34.13773],[-118.11036,34.13783],[-118.11049,34.13795],[-118.11049,34.13833],[-118.1105,34.13841],[-118.11026,34.13841],[-118.11027,34.13857],[-118.11027,34.13876],[-118.11026,34.13886],[-118.11024,34.13895],[-118.11022,34.13911],[-118.11022,34.13912],[-118.11019,34.13928],[-118.11017,34.13936],[-118.11015,34.13944],[-118.11011,34.1396],[-118.11007,34.13977],[-118.11003,34.13993],[-118.11004,34.14009],[-118.11004,34.14023],[-118.11005,34.14037],[-118.11006,34.14037],[-118.11012,34.14037],[-118.11029,34.14037],[-118.11029,34.14042],[-118.11029,34.14071],[-118.11029,34.14087],[-118.11029,34.14119],[-118.11013,34.14119],[-118.11004,34.14119],[-118.11004,34.14132],[-118.11004,34.14146],[-118.11004,34.14154],[-118.10947,34.14155],[-118.10831,34.14155],[-118.10829,34.14092],[-118.10828,34.14081],[-118.10719,34.14081],[-118.10615,34.14082],[-118.10615,34.14156],[-118.10607,34.14156],[-118.10555,34.14156],[-118.10502,34.14157],[-118.10491,34.14157],[-118.10482,34.14157],[-118.10433,34.14157],[-118.10397,34.14157],[-118.10377,34.14157],[-118.10352,34.14157],[-118.10341,34.14158],[-118.10323,34.14158],[-118.10309,34.14158],[-118.10304,34.14158],[-118.10269,34.14158],[-118.10265,34.14158],[-118.1025,34.14158],[-118.10249,34.14144],[-118.10249,34.14138],[-118.10183,34.14139],[-118.10163,34.14139],[-118.10164,34.14159],[-118.10164,34.14212],[-118.1025,34.14212],[-118.10329,34.14212],[-118.10331,34.14608]]]},"properties":{"DIV_CITY":7}}
]}